case_id,ground_truth,predicted_primary,predicted_diffs,confidence,top1_acc,top3_acc,raw_response
PMC10071914_01,Scrub Typhus,Melioidosis,Pneumonia | Tuberculosis,high,0,0,"{""primary_diagnosis"": ""Melioidosis"", ""confidence"": ""high"", ""differential_diagnoses"": [""Pneumonia"", ""Tuberculosis""], ""key_clinical_clues"": [""Bilateral lower and mid-zone pneumonia on chest radiograph"", ""Moderate ARDS with PaO2/FiO2 ratio <195.2"", ""Positive blood culture for bacteria (sterile cultures in this case)""]}"
PMC10348382_01,Echinococcosis,Leishmaniasis,Malaria | Tuberculosis,high,0,0,"{""primary_diagnosis"": ""Leishmaniasis"", ""confidence"": ""high"", ""differential_diagnoses"": [""Malaria"", ""Tuberculosis""], ""key_clinical_clues"": [""The patient's history from an endemic rural region, which is a known endemic area for Leishmaniasis."", ""The presence of a cyst-like structure in the right atrium, which can be associated with Leishmaniasis, particularly in the context of a patient with a history of fatigue and lipothymia."", ""The patient's refusal to undergo surgery, which is a common scenario in Leishmaniasis cases due to the nature of the disease and the availability of effective antiparasitic treatments.""]}"
PMC10362915_01,Tuberculosis,Melioidosis,Leptospirosis | Tuberculosis,high,0,1,"{""primary_diagnosis"": ""Melioidosis"", ""confidence"": ""high"", ""differential_diagnoses"": [""Leptospirosis"", ""Tuberculosis""], ""key_clinical_clues"": [""History of systemic lupus erythematosus and lupus nephritis"", ""Recurrent urinary symptoms including urgency, frequency, and painful urination"", ""Renal involvement with elevated blood creatinine and hydronephrosis"", ""Presence of white blood cells, red blood cells, and bacteria in urine"", ""Cerebral involvement with fever, unconsciousness, and brain imaging findings"", ""Immunological findings consistent with lupus nephritis and systemic lupus erythematosus""]}"
PMC10703499_01,Tuberculosis,Leprosy,Paracoccidioidomycosis | Mycetoma,high,0,0,"{""primary_diagnosis"": ""Leprosy"", ""confidence"": ""high"", ""differential_diagnoses"": [""Paracoccidioidomycosis"", ""Mycetoma""], ""key_clinical_clues"": [""Patient had a history of pleural effusion 20 years ago, which resolved with treatment."", ""The patient had a history of systemic lupus erythematosus and pleural effusion, which could be related to leprosy."", ""The patient presented with testicular lumps, cutaneous fistula, and secretion discharge, which are characteristic of leprosy."", ""The patient's laboratory findings, including elevated creatinine levels and oligospermia, are consistent with leprosy."", ""The patient's history of pleural effusion and the presence of a chronic granulomatous inflammatory process in the testicle are suggestive of leprosy.""]}"
PMC10712253_01,Tuberculosis,Melioidosis,Leptospirosis | Tuberculosis,high,0,1,"{""primary_diagnosis"": ""Melioidosis"", ""confidence"": ""high"", ""differential_diagnoses"": [""Leptospirosis"", ""Tuberculosis""], ""key_clinical_clues"": [""Multiple matted, non-tender lymphadenopathies"", ""Fluctuant anterior chest swelling"", ""Right paratracheal, right axillary and multiple mediastinal calcified lymphadenopathies"", ""Right anterior chest wall fluid collection with rim enhancement"", ""Multiorgan involvement including right paratracheal, right axillary and multiple mediastinal lymphadenopathies"", ""Calcified lymphadenopathies with opacity at right lower lung"", ""Peripheral calcification in multiple hypo enhancing lesions in the abdomen"", ""Small perivertebral collection with faint rim enhancement associated with T1 vertebral endplate erosion"", ""High level of ionized calcium (iCa level of 1.46mmol/L)""]}"
PMC10932498_01,Dengue,Neurocysticercosis,Malaria | Tuberculosis,high,0,0,"{""primary_diagnosis"": ""Neurocysticercosis"", ""confidence"": ""high"", ""differential_diagnoses"": [""Malaria"", ""Tuberculosis""], ""key_clinical_clues"": [""Patient presented with a 13-day history of high-grade fever, productive cough, nausea, vomiting, and bilateral flank and epigastric pain."", ""The patient developed sinus bradycardia with heart rate of 37 beats per minute, which was managed with Atropine."", ""The echocardiography showed reduced LV systolic function, mild tricuspid and pulmonary regurgitation, and mid-ventricular ballooning, consistent with reverse Takotsubo syndrome.""]}"
PMC10941984_01,Malaria,Malaria,Schistosomiasis | Soil-Transmitted Helminths,high,1,1,"{""primary_diagnosis"": ""Malaria"", ""confidence"": ""high"", ""differential_diagnoses"": [""Schistosomiasis"", ""Soil-Transmitted Helminths""], ""key_clinical_clues"": [""Severe anemia with hemoglobin level of 0.8 g/dL"", ""History of fatigue, vomiting, cough, loss of appetite, and dizziness"", ""Respiratory distress and tachypnea after blood transfusion""]}"
PMC10949269_01,Malaria,Leptospirosis,Melioidosis | Tuberculosis,high,0,0,"{""primary_diagnosis"": ""Leptospirosis"", ""confidence"": ""high"", ""differential_diagnoses"": [""Melioidosis"", ""Tuberculosis""], ""key_clinical_clues"": [""Loc (loss of consciousness) for 8 hours duration"", ""Fever, chills, and vomiting for 2 days"", ""Mechanical ventilator use for 48 hours due to coma"", ""Normal CBC, HIV test negative, RBS at admission to ICU was 187"", ""Negative blood film on the second day""]}"
PMC11682786_01,Viral Hemorrhagic Fevers,Melioidosis,Malaria | Leptospirosis,high,0,0,"{""primary_diagnosis"": ""Melioidosis"", ""confidence"": ""high"", ""differential_diagnoses"": [""Malaria"", ""Leptospirosis""], ""key_clinical_clues"": [""The patient had a periumbilical eschar and a petechial rash on his legs, which are characteristic of Melioidosis."", ""The patient had a history of tick exposure, which is a risk factor for Melioidosis."", ""The patient's laboratory findings, including thrombocytopenia, prolonged activated partial thromboplastin time, hypofibrinogenemia, elevated transaminases, lymphopenia, and hepatocellular cytolysis, are consistent with Melioidosis.""]}"
PMC11682824_01,Malaria,Melioidosis,Cholera | Leptospirosis,high,0,0,"{""primary_diagnosis"": ""Melioidosis"", ""confidence"": ""high"", ""differential_diagnoses"": [""Cholera"", ""Leptospirosis""], ""key_clinical_clues"": [""2-day history of epigastric pain, loose stools, and dark urine"", ""Hypothermia, tachycardia with Kussmaul breathing, and reduced oxygen saturation"", ""Jaundice and stuporous state"", ""Laboratory tests revealed leukocytosis, anemia, severe thrombocytopenia, severe hepatopathy, renal impairment, metabolic acidosis, and hyperlactatemia"", ""PCR testing positive for Burkholderia pseudomallei in the Comoros""]}"
PMC11770496_01,Tuberculosis,Melioidosis,Leishmaniasis | Malaria,high,0,0,"{""primary_diagnosis"": ""Melioidosis"", ""confidence"": ""high"", ""differential_diagnoses"": [""Leishmaniasis"", ""Malaria""], ""key_clinical_clues"": [""The patient presented with a large, non-tender, mobile, non-inflammatory mass in the right flank (right flank mass) over 12 months, associated with chronic low back pain, weight loss, and intermittent nocturnal fever."", ""The patient had a large, retroperitoneal collection (180 mm x 150 mm) suggestive of abscess formation."", ""The patient had a history of chronic low back pain and weight loss, which are common symptoms of abscess formation."", ""The patient's laboratory tests showed an inflammatory syndrome with a C-reactive protein (CRP) level of 70 mg/L and a white blood cell count of 12,000/muL, consistent with an inflammatory process."", ""The patient's imaging studies (CT and MRI) showed spondylodiscitis involving the L1-L2 vertebrae, bilateral psoas abscesses, and multiple retroperitoneal collections, which are characteristic of abscess formation and abscess wall inflammation.""]}"
PMC11806386_01,Melioidosis,Melioidosis,Leptospirosis | Paracoccidioidomycosis,high,1,1,"{""primary_diagnosis"": ""Melioidosis"", ""confidence"": ""high"", ""differential_diagnoses"": [""Leptospirosis"", ""Paracoccidioidomycosis""], ""key_clinical_clues"": [""The patient's history of working at a ship repair dock, which is a common setting for exposure to Burkholderia pseudomallei, the causative agent of melioidosis."", ""The presence of a saccular aneurysm at the distal aorta, which can be a complication of melioidosis."", ""The patient's presentation of fever, lower back pain, and reduced appetite, which are common symptoms of melioidosis.""]}"
PMC11831978_01,Schistosomiasis,Paracoccidioidomycosis,Melioidosis | Leprosy,high,0,0,"{""primary_diagnosis"": ""Paracoccidioidomycosis"", ""confidence"": ""high"", ""differential_diagnoses"": [""Melioidosis"", ""Leprosy""], ""key_clinical_clues"": [""Nodules overlying the appendix, the paracolic gutter and in the rectovesical pouch during surgery"", ""Faecal impaction within the appendix and lymphoid hyperplasia on histopathology"", ""Patient's history of living in Zimbabwe for 13 years before moving to New Zealand""]}"
PMC12911139_01,Tuberculosis,Melioidosis,Leptospirosis | Tuberculosis,high,0,1,"{""primary_diagnosis"": ""Melioidosis"", ""confidence"": ""high"", ""differential_diagnoses"": [""Leptospirosis"", ""Tuberculosis""], ""key_clinical_clues"": [""The patient's history of travel to Guyana and his immunocompromised state, which predisposes to melioidosis."", ""The presence of a bulla near the incision, lymphangitis, and joint effusion, which can be seen in melioidosis."", ""The absence of a clear infectious diagnosis despite extensive workup, including negative cultures and Karius testing.""]}"
PMC12927153_01,Echinococcosis,Melioidosis,Leptospirosis | Soil-Transmitted Helminths,high,0,0,"{""primary_diagnosis"": ""Melioidosis"", ""confidence"": ""high"", ""differential_diagnoses"": [""Leptospirosis"", ""Soil-Transmitted Helminths""], ""key_clinical_clues"": [""The patient's history of pulmonary [MASK] 10-12 years back, which could be a manifestation of Melioidosis."", ""The presence of a [MASK] cyst in the liver, which is a known finding in Melioidosis."", ""The patient's history of recurrent upper gastrointestinal bleeding and hepatic encephalopathy, which are common in Melioidosis.""]}"
PMC2801018_01,Tuberculosis,Melioidosis,Leishmaniasis | Tuberculosis,high,0,1,"{""primary_diagnosis"": ""Melioidosis"", ""confidence"": ""high"", ""differential_diagnoses"": [""Leishmaniasis"", ""Tuberculosis""], ""key_clinical_clues"": [""The patient's family history of pulmonory [MASK] and her cousin's involvement with genital [MASK]"", ""The presence of a septated multicystic mass in the right adnexa with extension toward the left adnexa"", ""The presence of ascites and cystic and solid vegetative mass in the peritoneal cavity""]}"
PMC2801018_02,Tuberculosis,Melioidosis,Leishmaniasis | Tuberculosis,high,0,1,"{""primary_diagnosis"": ""Melioidosis"", ""confidence"": ""high"", ""differential_diagnoses"": [""Leishmaniasis"", ""Tuberculosis""], ""key_clinical_clues"": [""The patient's history of oligomenorrhea and the presence of a fixed, tender mass in the pelvis."", ""The presence of miliary seeding all over the peritoneum and small bowel, which is a characteristic finding in Melioidosis."", ""The patient's positive family history for pulmonary disease, which is associated with Melioidosis.""]}"
PMC2878410_01,Tuberculosis,Melioidosis,Leptospirosis | Tuberculosis,high,0,1,"{""primary_diagnosis"": ""Melioidosis"", ""confidence"": ""high"", ""differential_diagnoses"": [""Leptospirosis"", ""Tuberculosis""], ""key_clinical_clues"": [""Renal transplant recipient with fever of 2-month duration, weight loss, and multiple hypodense lesions in the liver, spleen, renal allograft, and prostate on CT scan."", ""Hypocellularity with megaloblastosis in bone marrow examination, but no acid-fast bacilli or granuloma seen."", ""Persistent leucopenia despite discontinuation of azathioprine (AZA).""]}"
PMC3039764_01,Scabies,Leukemic Infiltration of Skin (Leukemia),Paracoccidioidomycosis | Mycetoma,high,0,0,"{""primary_diagnosis"": ""Leukemic Infiltration of Skin (Leukemia)"", ""confidence"": ""high"", ""differential_diagnoses"": [""Paracoccidioidomycosis"", ""Mycetoma""], ""key_clinical_clues"": [""Multiple intra-abdominal lymphadenopathies"", ""Leukocytosis (316,000 /muL)"", ""Hypercalcemia (free calcium of 2.57 mmol/L)"", ""Atypical lymphoid cells with flower-shaped nuclei in peripheral blood"", ""Malignant transformation of T-cell lymphoma (ATL)"", ""Unusual dermatological presentation of crusted [MASK] (skin lesions) involving scalp and ears""]}"
PMC3322787_01,Leptospirosis,Melioidosis,Leptospirosis | Tuberculosis,high,0,1,"{""primary_diagnosis"": ""Melioidosis"", ""confidence"": ""high"", ""differential_diagnoses"": [""Leptospirosis"", ""Tuberculosis""], ""key_clinical_clues"": [""Flooded rice fields exposure"", ""Rodent droppings exposure"", ""Jaundice, pulmonary infiltrates, and renal failure"", ""Common-source outbreak in California"", ""Salient common clinical feature of renal failure"", ""Exposure to muddied waters after a thundershower""]}"
PMC3322787_02,Leptospirosis,Melioidosis,Cholera | Leptospirosis,high,0,1,"{""primary_diagnosis"": ""Melioidosis"", ""confidence"": ""high"", ""differential_diagnoses"": [""Cholera"", ""Leptospirosis""], ""key_clinical_clues"": [""Boating trip history"", ""Fever, myalgias, and renal insufficiency"", ""Subtle diffuse flushing and conjunctival suffusions"", ""Mild hepatitis with rising creatinine"", ""Negative serologic tests for infectious hepatitis A, B, C, and brucella"", ""Negative Monospot test""]}"
PMC3322787_03,Leptospirosis,Leptospirosis,Melioidosis | Tuberculosis,high,1,1,"{""primary_diagnosis"": ""Leptospirosis"", ""confidence"": ""high"", ""differential_diagnoses"": [""Melioidosis"", ""Tuberculosis""], ""key_clinical_clues"": [""House-boating trip to New Melones Reservoir in the Sierra Nevada foothills of northern California"", ""Erythema of the left flank with scattered tiny red macules on the legs"", ""Proteinuria, mild transaminasemia, and creatinine level of 1.7 mg/dL"", ""History of fever as high as 40.6 C and myalgia especially of the calves""]}"
PMC3322787_04,Leptospirosis,Melioidosis,Leptospirosis | Tuberculosis,high,0,1,"{""primary_diagnosis"": ""Melioidosis"", ""confidence"": ""high"", ""differential_diagnoses"": [""Leptospirosis"", ""Tuberculosis""], ""key_clinical_clues"": [""Acute tubulointerstitial nephritis on renal biopsy"", ""Bilateral pleural effusions and echogenic kidneys on ultrasonography"", ""Houseboat excursion 13 days prior to presentation""]}"
PMC3322787_05,Leptospirosis,Scabies,Leprosy | Tuberculosis,medium,0,0,"{""primary_diagnosis"": ""Scabies"", ""confidence"": ""medium"", ""differential_diagnoses"": [""Leprosy"", ""Tuberculosis""], ""key_clinical_clues"": [""The patient's history of hiking in muddy conditions, which is a common reservoir for scabies mites."", ""The development of a persistent cough with rales, which can be a symptom of respiratory involvement in scabies."", ""The presence of erythematous macular rash on the face and pretibial macular blanching lesions on the legs, which are characteristic of scabies.""]}"
PMC3322787_06,Leptospirosis,Scabies,Leprosy | Paracoccidioidomycosis,high,0,0,"{""primary_diagnosis"": ""Scabies"", ""confidence"": ""high"", ""differential_diagnoses"": [""Leprosy"", ""Paracoccidioidomycosis""], ""key_clinical_clues"": [""Headache, myalgias, chills, neck pain, and vomiting"", ""Fever with uniform renal impairment and mild hepatitis"", ""Elevated creatinine levels and normal leukocyte counts"", ""Variable severity in the course of illness""]}"
PMC3328486_01,Schistosomiasis,Schistosomiasis,Soil-Transmitted Helminths | Malaria,high,1,1,"{""primary_diagnosis"": ""Schistosomiasis"", ""confidence"": ""high"", ""differential_diagnoses"": [""Soil-Transmitted Helminths"", ""Malaria""], ""key_clinical_clues"": [""Patient from Mozambique"", ""History of dysuria due to [MASK] which was first diagnosed two years ago"", ""Histological detection of [MASK] eggs in urinary bladder biopsies"", ""Multiple stool examinations negative for worm eggs"", ""Non-viable miracidium hatching assay of [MASK] eggs""]}"
PMC3357531_01,Tuberculosis,Melioidosis,Leptospirosis | Malaria,high,0,0,"{""primary_diagnosis"": ""Melioidosis"", ""confidence"": ""high"", ""differential_diagnoses"": [""Leptospirosis"", ""Malaria""], ""key_clinical_clues"": [""Asymmetrically enlarged adrenal glands with hyperplasia"", ""Dark skin pigmentation"", ""Lumbar back pain"", ""Orthostatic hypotension"", ""Low serum cortisol"", ""Bilateral adrenal hyperplasia on MRI"", ""Negative stool cultures and lymph node PCR for [MASK]""]}"
PMC3429378_01,Tuberculosis,Melioidosis,Buruli Ulcer | Paracoccidioidomycosis,high,0,0,"{""primary_diagnosis"": ""Melioidosis"", ""confidence"": ""high"", ""differential_diagnoses"": [""Buruli Ulcer"", ""Paracoccidioidomycosis""], ""key_clinical_clues"": [""Ulcerative lesions with undermined edges on the upper chest and neck"", ""Enlarged and indurated lymph nodes of the neck"", ""Positive ZN stain for Buruli ulcer, but negative for Melioidosis"", ""Slow-growing mycobacterial growth observed on Lowensein-Jensen medium""]}"
PMC3461775_01,Echinococcosis,Melioidosis,Cholera | Leptospirosis,high,0,0,"{""primary_diagnosis"": ""Melioidosis"", ""confidence"": ""high"", ""differential_diagnoses"": [""Cholera"", ""Leptospirosis""], ""key_clinical_clues"": [""Large multilocular cyst replacing the left kidney with floating membranes"", ""Left flank pain for 6 months"", ""Elevated total leukocyte count with increase in absolute eosinophil count""]}"
PMC3481907_01,Tuberculosis,Paracoccidioidomycosis,Leprosy | Mycetoma,high,0,0,"{""primary_diagnosis"": ""Paracoccidioidomycosis"", ""confidence"": ""high"", ""differential_diagnoses"": [""Leprosy"", ""Mycetoma""], ""key_clinical_clues"": [""Long-standing, slowly progressive skin lesions with well-defined borders and irregular margins"", ""Presence of hyperkeratotic areas with thick hyperkeratosis and large, thick adherent crusts"", ""History of similar lesions on multiple sites over a long period"", ""No evidence of systemic infection or malignancy on examination and investigations""]}"
PMC3534248_01,Echinococcosis,Leprosy,Paracoccidioidomycosis | Mycetoma,high,0,0,"{""primary_diagnosis"": ""Leprosy"", ""confidence"": ""high"", ""differential_diagnoses"": [""Paracoccidioidomycosis"", ""Mycetoma""], ""key_clinical_clues"": [""Painless right axillary swelling of four-month duration"", ""Firm to hard 5 x 5 cm mobile mass in the right axilla"", ""Negative [MASK] IgG-ELISA test"", ""Type [MASK] of WHO classification based on ultrasound""]}"
PMC3597904_01,Tuberculosis,Neurocysticercosis,Malaria | Tuberculosis,high,0,1,"{""primary_diagnosis"": ""Neurocysticercosis"", ""confidence"": ""high"", ""differential_diagnoses"": [""Malaria"", ""Tuberculosis""], ""key_clinical_clues"": [""58-year-old male patient with paraplegia and MRI showing a multisegmental posterior collection of epidural fluid extending from C7 to L2 vertebral level without any evidence of vertebral involvement"", ""Rare presentation of spinal epidural abscess (SEA) without associated osseous involvement"", ""No history of travel to endemic areas for [MASK] SEA""]}"
PMC3738493_01,Dengue,Melioidosis,Leptospirosis | Malaria,high,0,0,"{""primary_diagnosis"": ""Melioidosis"", ""confidence"": ""high"", ""differential_diagnoses"": [""Leptospirosis"", ""Malaria""], ""key_clinical_clues"": [""The patient's history of sickle cell disease (SCD) combined with the presence of multiple organ dysfunction syndrome (MODS), disseminated intravascular coagulation (DIC), and multiorgan failure (MOF) are suggestive of a severe systemic infection."", ""The patient's presentation includes fever, malaise, generalized tonic-clonic convulsion, and a history of hemolysis and acute hemorrhage, which are consistent with severe sepsis."", ""The patient's laboratory findings, including thrombocytopenia, anemia, and prolonged activated partial thromboplastin time (aPTT) and prothrombin time (PT), are consistent with disseminated intravascular coagulation (DIC).""]}"
PMC3884731_01,Trypanosomiasis,Schistosomiasis,Amebiasis | Tuberculosis,high,0,0,"{""primary_diagnosis"": ""Schistosomiasis"", ""confidence"": ""high"", ""differential_diagnoses"": [""Amebiasis"", ""Tuberculosis""], ""key_clinical_clues"": [""Chronic constipation in a 13-year-old boy with a history of exposure to [MASK] disease-endemic areas in Bolivia"", ""Major distension of the colon on abdominal radiography"", ""Positive serodiagnostic screening for [MASK] infection"", ""Detection of [MASK] DNA in peripheral blood by nested PCR""]}"
PMC3914130_01,Leptospirosis,Melioidosis,Malaria | Leptospirosis,high,0,1,"{""primary_diagnosis"": ""Melioidosis"", ""confidence"": ""high"", ""differential_diagnoses"": [""Malaria"", ""Leptospirosis""], ""key_clinical_clues"": [""Acute kidney injury, liver failure, and thrombocytopenia"", ""Multiple-organ failure (MOF) of liver, kidney, and lung"", ""Frequent arrhythmia and elevated troponin I"", ""Dry necrosis of both extremities"", ""Severe CMV colitis requiring sigmoidectomy""]}"
PMC4153165_01,Melioidosis,Melioidosis,Pneumocystis pneumonia | Aspergillosis,high,1,1,"{""primary_diagnosis"": ""Melioidosis"", ""confidence"": ""high"", ""differential_diagnoses"": [""Pneumocystis pneumonia"", ""Aspergillosis""], ""key_clinical_clues"": [""Severe sepsis with left bundle branch block and hypokinesia in echocardiography"", ""Diffuse and extensive alveolar infiltrations on CXR and CT scan"", ""High LDH levels (630 mg/dL)"", ""History of travel to Southeast Asia (Malaysia and Thailand)""]}"
PMC4153237_01,Echinococcosis,Leishmaniasis,Malaria | Tuberculosis,high,0,0,"{""primary_diagnosis"": ""Leishmaniasis"", ""confidence"": ""high"", ""differential_diagnoses"": [""Malaria"", ""Tuberculosis""], ""key_clinical_clues"": [""Previous history of multiple cysts in the lungs, mediastinum, and brain, suggestive of a chronic infection."", ""Worsening dyspnea and orthopnea, with multiple cystic masses in the mediastinum and lung, compressing the left atrium."", ""History of contact with dogs, which is a known risk factor for cutaneous leishmaniasis.""]}"
PMC4296413_01,Tuberculosis,Melioidosis,Pneumocystis jirovecii pneumonia | Aspergillus pneumonia,high,0,0,"{""primary_diagnosis"": ""Melioidosis"", ""confidence"": ""high"", ""differential_diagnoses"": [""Pneumocystis jirovecii pneumonia"", ""Aspergillus pneumonia""], ""key_clinical_clues"": [""Exposure to pulmonary [MASK] 18 months prior"", ""Worsening pneumothorax and air-leak"", ""Bilateral infiltrates and extensive pulmonary [MASK] on CT"", ""Negative [MASK] skin test"", ""Negative sputum for [MASK]"", ""Negative sputum for Pneumocystis jirovecii"", ""Negative MGIT cultures""]}"
PMC4491481_01,Tuberculosis,Melioidosis,Cholera | Leptospirosis,high,0,0,"{""primary_diagnosis"": ""Melioidosis"", ""confidence"": ""high"", ""differential_diagnoses"": [""Cholera"", ""Leptospirosis""], ""key_clinical_clues"": [""The patient's history of a left sub-mandibular swelling that appeared 12 months ago, which was painless and adherent to deeper layers."", ""The presence of ipsilateral sub-mandibular lymphadenopathies."", ""The MRI showing an irregular and heterogeneous tumoral process of the deep lobe of the left parotid gland with a T1 hyposignal and a T2 hypersignal, and heterogeneous enhancement after gadolinium injection.""]}"
PMC4736596_01,Soil-Transmitted Helminths,Melioidosis,Paracoccidioidomycosis | Leprosy,high,0,0,"{""primary_diagnosis"": ""Melioidosis"", ""confidence"": ""high"", ""differential_diagnoses"": [""Paracoccidioidomycosis"", ""Leprosy""], ""key_clinical_clues"": [""Severe eosinophilia associated with diarrhea and abdominal pain"", ""History of unexplained eosinophilia and skin rash"", ""Severe edematous bulboduodenitis and multiple patchy erythematous lesions in the colon and ileum on endoscopy"", ""Brother's history of [MASK] infection"", ""Positive [MASK] serology test""]}"
PMC4782660_01,Schistosomiasis,Paracoccidioidomycosis,Leprosy | Mycetoma,high,0,0,"{""primary_diagnosis"": ""Paracoccidioidomycosis"", ""confidence"": ""high"", ""differential_diagnoses"": [""Leprosy"", ""Mycetoma""], ""key_clinical_clues"": [""Firm yellowish papules with an erythematous-brownish base, measuring from 0.5 to 2 cm, in groups and an ascending pattern, on the left hemiabdomen"", ""The patient reported frequent bathing in the river, which is a common environmental factor for Paracoccidioidomycosis"", ""The patient's history of pruritic lesions and the presence of characteristic skin lesions are consistent with Paracoccidioidomycosis""]}"
PMC5015625_01,Malaria,Leishmaniasis,Melioidosis | Tuberculosis,high,0,0,"{""primary_diagnosis"": ""Leishmaniasis"", ""confidence"": ""high"", ""differential_diagnoses"": [""Melioidosis"", ""Tuberculosis""], ""key_clinical_clues"": [""Flu-like syndrome, jaundice, and altered state of consciousness"", ""Hemolytic anemia, thrombocytopenia, acidemia, and acute renal failure"", ""Central scotoma in the left eye, deep layer retinal hemorrhage in the right eye, and superficial hemorrhages in the left eye"", ""History of living in Angola for 4 years""]}"
PMC5175025_01,Tuberculosis,Leishmaniasis,Paracoccidioidomycosis | Melioidosis,high,0,0,"{""primary_diagnosis"": ""Leishmaniasis"", ""confidence"": ""high"", ""differential_diagnoses"": [""Paracoccidioidomycosis"", ""Melioidosis""], ""key_clinical_clues"": [""Non-healing wounds with foul-smelling discharge"", ""Patchy areas of adhered yellow-brown crusts and squamas"", ""Red-violet atrophic plaque lesions with irregular contours"", ""Histopathological examination revealing lymphocytic and histiocytic infiltration, and giant cells within superficial and middle layer of dermis, and granulomas more conspicuously on the periphery of the infiltrate"", ""Application of PAS and EZN staining couldn't detect any specific infectious agent""]}"
PMC5458696_01,Tuberculosis,Leptospirosis,Melioidosis | Tuberculosis,high,0,1,"{""primary_diagnosis"": ""Leptospirosis"", ""confidence"": ""high"", ""differential_diagnoses"": [""Melioidosis"", ""Tuberculosis""], ""key_clinical_clues"": [""The patient's age (62 years) and history of diabetes, which are risk factors for Leptospirosis."", ""The presence of a transverse fracture of the proximal humerus, which can be associated with Leptospirosis, especially in immunocompromised individuals."", ""The presence of small areas of consolidation in the left upper lobe on CT chest, which can be seen in Leptospirosis.""]}"
PMC5624136_01,Tuberculosis,Melioidosis,Paracoccidioidomycosis | Leprosy,high,0,0,"{""primary_diagnosis"": ""Melioidosis"", ""confidence"": ""high"", ""differential_diagnoses"": [""Paracoccidioidomycosis"", ""Leprosy""], ""key_clinical_clues"": [""Flattening of the chest wall on the left side with deviation of the trachea to the left side, suggesting left lung fibrosis."", ""Hypocalcemia, hypercalciuria, and metabolic alkalosis without respiratory compensation."", ""Association with aminoglycoside antibiotics, which can cause electrolyte disturbances.""]}"
PMC5850760_01,Malaria,Melioidosis,Cholera | Leptospirosis,high,0,0,"{""primary_diagnosis"": ""Melioidosis"", ""confidence"": ""high"", ""differential_diagnoses"": [""Cholera"", ""Leptospirosis""], ""key_clinical_clues"": [""Persistent fever despite treatment with [MASK]-SP"", ""Parasitological clearance observed after initiating therapy with [MASK]"", ""Patient from a high-risk endemic area (Koraput district, Orissa)""]}"
PMC5850760_03,Malaria,Melioidosis,Leptospirosis | Tuberculosis,high,0,0,"{""primary_diagnosis"": ""Melioidosis"", ""confidence"": ""high"", ""differential_diagnoses"": [""Leptospirosis"", ""Tuberculosis""], ""key_clinical_clues"": [""Fever and icterus"", ""Development of respiratory distress, hypotension, cola-colored urine, and elevated renal parameters"", ""Delayed parasite clearance due to renal failure"", ""Occasional [MASK] ring forms in peripheral smear""]}"
PMC6417330_03,Dengue,Neurocysticercosis,Malaria | Tuberculosis,high,0,0,"{""primary_diagnosis"": ""Neurocysticercosis"", ""confidence"": ""high"", ""differential_diagnoses"": [""Malaria"", ""Tuberculosis""], ""key_clinical_clues"": [""History of fall and subsequent unconsciousness, which can be a presenting symptom of neurocysticercosis."", ""Severe chest infection and respiratory failure, which are common complications of neurocysticercosis, especially in immunocompromised patients."", ""Thrombocytopenia, which can be seen in neurocysticercosis, particularly in the context of disseminated disease.""]}"
PMC6855035_01,Tuberculosis,Melioidosis,Leishmaniasis | Tuberculosis,high,0,1,"{""primary_diagnosis"": ""Melioidosis"", ""confidence"": ""high"", ""differential_diagnoses"": [""Leishmaniasis"", ""Tuberculosis""], ""key_clinical_clues"": [""The patient's grandmother had pulmonary [MASK] and was on [MASK] treatment."", ""The patient presented with gross hematuria, flank pain, and weight loss."", ""The patient's renal function was severely affected with bilateral hydronephrosis and left kidney nephrectomy.""]}"
PMC7094044_01,Tuberculosis,Leishmaniasis,Melioidosis | Tuberculosis,high,0,1,"{""primary_diagnosis"": ""Leishmaniasis"", ""confidence"": ""high"", ""differential_diagnoses"": [""Melioidosis"", ""Tuberculosis""], ""key_clinical_clues"": [""Low back pain, muscle spasm, and inability to walk"", ""Splenomegaly"", ""Rales in the inferior lobes"", ""Ground-glass opacity and incomplete-complete consolidation in the bilateral lungs on CT scan"", ""L4-S2 vertebral abscess with contrast involvement on MRI"", ""High sensitivity and specificity of MRI for early diagnosis of [MASK] spondylodiscitis"", ""Negative for serum tube agglutination and autoantibodies positive for [MASK] test""]}"
PMC7649586_01,Tuberculosis,Melioidosis,Malaria | Leptospirosis,high,0,0,"{""primary_diagnosis"": ""Melioidosis"", ""confidence"": ""high"", ""differential_diagnoses"": [""Malaria"", ""Leptospirosis""], ""key_clinical_clues"": [""Massive enlargement of prostate with central liquefaction of approximately 101 mm3 along with significant adjacent inflammatory changes on CECT abdomen"", ""Presence of prostatic abscess during surgery"", ""No history of hematuria, fever, or pain abdomen""]}"
PMC7747806_01,Trypanosomiasis,Trypanosomiasis,Leishmaniasis | Malaria,high,1,1,"{""primary_diagnosis"": ""Trypanosomiasis"", ""confidence"": ""high"", ""differential_diagnoses"": [""Leishmaniasis"", ""Malaria""], ""key_clinical_clues"": [""Hemiparesis"", ""Cerebral mass on neuroimaging"", ""Parasitemia detected in peripheral blood"", ""Positive qPCR for Trypanosomiasis DNA in peripheral blood and brain biopsy"", ""Brain biopsy confirmed Trypanosomiasis"", ""Reactivation diagnosis in the brain biopsy""]}"
PMC8046485_01,Tuberculosis,Melioidosis,Paracoccidioidomycosis | Scabies,high,0,0,"{""primary_diagnosis"": ""Melioidosis"", ""confidence"": ""high"", ""differential_diagnoses"": [""Paracoccidioidomycosis"", ""Scabies""], ""key_clinical_clues"": [""Severe shoulder pain and dumbbell-shaped swelling around the right shoulder for 4 months"", ""History of pulmonary [MASK] 2 years ago, treated with [MASK] drugs according to the Revised National [MASK] Control Program ([MASK]) guidelines for 6 months"", ""Massive dumbbell-shaped swelling over the right shoulder with ill-defined margins showing cross-fluctuation"", ""Axillary lymphadenopathy"", ""Widespread small nodular opacities in the lungs suggestive of miliary [MASK]"", ""Erosions involving articular margins of the humeral head and bony glenoid, with joint effusion and synovial thickening"", ""Therapeutic aspiration of the cold abscess with negative AFB staining and no superadded pyogenic infection""]}"
PMC8203059_01,Echinococcosis,Melioidosis,Paracoccidioidomycosis | Tuberculosis,high,0,0,"{""primary_diagnosis"": ""Melioidosis"", ""confidence"": ""high"", ""differential_diagnoses"": [""Paracoccidioidomycosis"", ""Tuberculosis""], ""key_clinical_clues"": [""Multiple cysts in both lungs and spleen on CT chest scan, consistent with [MASK] disease."", ""Complicated left cyst with a 48 mm measurement."", ""Haemoptysis and dysphagia with a history of haemoptysis and dysphagia.""]}"
PMC8415076_01,Malaria,Melioidosis,Leptospirosis | Soil-Transmitted Helminths,high,0,0,"{""primary_diagnosis"": ""Melioidosis"", ""confidence"": ""high"", ""differential_diagnoses"": [""Leptospirosis"", ""Soil-Transmitted Helminths""], ""key_clinical_clues"": [""The patient's history of recurrent sickle-cell crises and hospitalizations, especially during the third trimester, which could be indicative of a chronic infection."", ""The patient's presentation of fever, hypotension, and marginal hypotension, which are consistent with a systemic infection such as Melioidosis."", ""The patient's history of using a bednet, which could be protective against some vector-borne diseases but not against Melioidosis, which is soil-borne.""]}"
PMC9146591_02,Tuberculosis,Melioidosis,Cholera | Leptospirosis,high,0,0,"{""primary_diagnosis"": ""Melioidosis"", ""confidence"": ""high"", ""differential_diagnoses"": [""Cholera"", ""Leptospirosis""], ""key_clinical_clues"": [""History of abdominal pain, vomiting, and constipation for two days, with a history of similar symptoms two months ago."", ""Ultrasonography findings of thickened edematous transverse and descending colon with paraaortic lymphadenitis."", ""Postoperative findings of free fluid in the abdomen with multiple reverberation artifacts, suggestive of a perforation."", ""Decreased hemoglobin (7.3 gm/dl Hb), elevated urea (47), and decreased sodium (134) in the Kidney Function Test (KFT).""]}"
PMC9166903_02,Tuberculosis,Tuberculosis,Melioidosis | Leprosy,high,1,1,"{""primary_diagnosis"": ""Tuberculosis"", ""confidence"": ""high"", ""differential_diagnoses"": [""Melioidosis"", ""Leprosy""], ""key_clinical_clues"": [""The patient's history of cervical cancer and the presence of a nodular, ulcerated, infiltrating mass on the left side margin of the tongue extending inferiorly towards the ventral surface of the tongue."", ""The biopsy showed numerous caseous and non-caseous epithelioid and giant cells granulomas, which are characteristic of TB."", ""The patient's postoperative evolution was severe, and she died from acute circulatory and respiratory insufficiency, which are common complications of TB.""]}"
PMC9166903_04,Tuberculosis,Neurocysticercosis,Paracoccidioidomycosis | Melioidosis,high,0,0,"{""primary_diagnosis"": ""Neurocysticercosis"", ""confidence"": ""high"", ""differential_diagnoses"": [""Paracoccidioidomycosis"", ""Melioidosis""], ""key_clinical_clues"": [""The presence of a mobile, elastic, supraclavicular tumor on the left side that has been slowly growing for the last year."", ""Histopathological examination revealing modified lymph nodes with frequent granulomas of various shapes and sizes, necrosis, giant multinuclear cells, areas of ulceration and granulation."", ""The patient's history of a psychiatric hospital stay, which could be a risk factor for neurocysticercosis.""]}"
PMC9410991_01,Tuberculosis,Melioidosis,Leishmaniasis | Tuberculosis,high,0,1,"{""primary_diagnosis"": ""Melioidosis"", ""confidence"": ""high"", ""differential_diagnoses"": [""Leishmaniasis"", ""Tuberculosis""], ""key_clinical_clues"": [""Bilateral and symmetric swelling of the elbow, wrist, and ankles with bone pain in the forearm and legs"", ""Digital clubbing with Schamroth's sign"", ""Apical pulmonary cavity in the right lung with bronchiolitis and hilar lymphadenopathy"", ""Periostosis of the tubular bones"", ""Negative AFB smear microscopy in sputum samples"", ""Negative bronchoscopy and BAL cultures"", ""Negative serologies for Aspergillus and other pathogens"", ""Clinical improvement after treatment with broad-spectrum antibiotics""]}"
PMC9493459_01,Tuberculosis,Neurocysticercosis,Melioidosis | Tuberculosis,high,0,1,"{""primary_diagnosis"": ""Neurocysticercosis"", ""confidence"": ""high"", ""differential_diagnoses"": [""Melioidosis"", ""Tuberculosis""], ""key_clinical_clues"": [""History of chronic hepatitis B"", ""Right upper lung lobe cyst enlargement with emergence of a liquid plane and patchy lesions"", ""Persistent fever despite multiple surgeries and antibiotic treatments"", ""Progressive worsening of lower limb pain and numbness"", ""Linezolid toxicity suspected as the cause of peripheral neuropathy (PN)"", ""Acupuncture treatment showed significant pain reduction and improved physical function""]}"
PMC9515355_01,Malaria,Melioidosis,Leptospirosis | Malaria,high,0,1,"{""primary_diagnosis"": ""Melioidosis"", ""confidence"": ""high"", ""differential_diagnoses"": [""Leptospirosis"", ""Malaria""], ""key_clinical_clues"": [""Splenomegaly and splenic infarct on abdominal CT"", ""High CRP and PCT levels"", ""Travel history to Cameroon, a melioidosis endemic area"", ""Fever and abdominal pain with splenic involvement""]}"
PMC9556986_01,Echinococcosis,Neurocysticercosis,Malaria | Leishmaniasis,high,0,0,"{""primary_diagnosis"": ""Neurocysticercosis"", ""confidence"": ""high"", ""differential_diagnoses"": [""Malaria"", ""Leishmaniasis""], ""key_clinical_clues"": [""Persistent neck and back pain for over one year, with MRI and CT findings suggestive of spinal destruction."", ""Multiple cystic masses in the craniocervical junction region on MRI, suggesting a parasitic infection."", ""No positive results from multiple biopsies, including those of the necrotic tissue and effusion, despite initial suspicion of spinal tuberculosis."", ""The patient's symptoms improved with local treatment, indicating a parasitic infection rather than a bacterial or fungal one.""]}"
PMC9650132_01,Tuberculosis,Melioidosis,Leptospirosis | Malaria,high,0,0,"{""primary_diagnosis"": ""Melioidosis"", ""confidence"": ""high"", ""differential_diagnoses"": [""Leptospirosis"", ""Malaria""], ""key_clinical_clues"": [""History of cesarean section and prolonged separation from mother"", ""Abdominal findings including liver and spleen enlargement"", ""Laboratory findings of decreased platelet counts, elevated liver function tests, and increased total bilirubin"", ""Presence of multiple hypoechoic nodules suggestive of [MASK] on abdominal sonography"", ""Clinical presentation including fever, seizures, and pneumonia""]}"
PMC9924618_01,Tuberculosis,Leprosy,Neurocysticercosis | Melioidosis,high,0,0,"{""primary_diagnosis"": ""Leprosy"", ""confidence"": ""high"", ""differential_diagnoses"": [""Neurocysticercosis"", ""Melioidosis""], ""key_clinical_clues"": [""Previous history of abdominal pain and a biopsy that was negative for malignancy but showed non-caseating granulomas"", ""Positive [MASK] (likely referring to a positive Mantoux test for tuberculosis)"", ""Multiple, small mediastinal lymph nodes and diffuse tree-in-bud findings throughout the lung parenchyma consistent with granulomatous disease""]}"
PMC10183455_01,Echinococcosis,Melioidosis,Cholera | Leptospirosis,high,0,0,"{""primary_diagnosis"": ""Melioidosis"", ""confidence"": ""high"", ""differential_diagnoses"": [""Cholera"", ""Leptospirosis""], ""key_clinical_clues"": [""History of similar complaints 20 years prior, leading to cystectomy"", ""Subdiaphragmatic collection of contrast on MRCP, suggestive of abscess formation"", ""Presence of cysts in the broad ligament of the uterus and liver, which can be associated with abscesses and abscess formation""]}"
PMC10581008_01,Soil-Transmitted Helminths,Cholera,Amebiasis | Paracoccidioidomycosis,low,0,0,"{""primary_diagnosis"": ""Cholera"", ""confidence"": ""low"", ""differential_diagnoses"": [""Amebiasis"", ""Paracoccidioidomycosis""], ""key_clinical_clues"": [""The patient presented with severe, colicky right upper quadrant pain, nausea, and non-bilious vomiting."", ""The patient had a history of passing a worm one month back, which was treated with oral medication at the local health center."", ""The patient had a slightly icteric sclera, but no other signs of jaundice were noted."", ""The abdominal ultrasound showed dilated common bile duct and right intrahepatic duct, which could be indicative of a biliary obstruction."", ""The patient's liver enzymes were elevated (AST 86U/L, ALT 141U/L), which could be due to biliary obstruction or other causes."", ""The patient's symptoms resolved with treatment and follow-up ultrasound showed the worm had moved out of the biliary system.""]}"
PMC10637728_01,Leishmaniasis,Malaria,Schistosomiasis | Tuberculosis,high,0,0,"{""primary_diagnosis"": ""Malaria"", ""confidence"": ""high"", ""differential_diagnoses"": [""Schistosomiasis"", ""Tuberculosis""], ""key_clinical_clues"": [""History of fever for 5 months, weight loss, and splenomegaly"", ""Bone marrow findings suggestive of pancytopenia and hypocellularity of granulocytes"", ""Hypoalbuminemia and GATA2 deficiency""]}"
PMC10637728_02,Leishmaniasis,Melioidosis,Leishmaniasis | Tuberculosis,high,0,1,"{""primary_diagnosis"": ""Melioidosis"", ""confidence"": ""high"", ""differential_diagnoses"": [""Leishmaniasis"", ""Tuberculosis""], ""key_clinical_clues"": [""History of travel to Minas Gerais, Southeast Brazil"", ""Fever on alternate days, anemia, thrombocytopenia"", ""Increased abdominal volume and unquantified weight loss"", ""Positive family history of similar symptoms"", ""Bone marrow biopsy showing lymphocytic and histiocytic inflammatory reaction with a granulomatous pattern""]}"
PMC10756375_01,Malaria,Melioidosis,Leptospirosis | Malaria,high,0,1,"{""primary_diagnosis"": ""Melioidosis"", ""confidence"": ""high"", ""differential_diagnoses"": [""Leptospirosis"", ""Malaria""], ""key_clinical_clues"": [""Microcytic anemia, leukocytopenia, thrombocytopenia, and increased bilirubin levels"", ""History of sickle cell trait"", ""Pregnancy with a history of anemia and thrombocytopenia in previous pregnancies"", ""Mosquito surveillance data not active in the area during the investigation period"", ""No evidence of local mosquitoborne transmission""]}"
PMC10807272_01,Malaria,Melioidosis,Leptospirosis | Malaria,high,0,1,"{""primary_diagnosis"": ""Melioidosis"", ""confidence"": ""high"", ""differential_diagnoses"": [""Leptospirosis"", ""Malaria""], ""key_clinical_clues"": [""Progressive epistaxis and abdominal distension"", ""Mild jaundice"", ""Mild splenomegaly and hepatomegaly"", ""Bone marrow involvement with pancytopenia"", ""Submandibular lymphadenopathy"", ""Severe bone pains in the pelvis and thighs"", ""Early skeletal deformities (Erlenmeyer flask deformity) on x-ray""]}"
PMC10830638_01,Echinococcosis,Melioidosis,Paracoccidioidomycosis | Soil-Transmitted Helminths,high,0,0,"{""primary_diagnosis"": ""Melioidosis"", ""confidence"": ""high"", ""differential_diagnoses"": [""Paracoccidioidomycosis"", ""Soil-Transmitted Helminths""], ""key_clinical_clues"": [""Multiple cysts in the liver, spleen, abdominal cavity, and pelvic cavity with localized calcification on CT."", ""Significantly distended abdomen without abdominal varicosis."", ""Sudden drop of intraperitoneal pressure and massive loss of body fluid during operation."", ""Presence of ascites and bile leakage postoperatively.""]}"
PMC10876100_01,Dengue,Melioidosis,Paracoccidioidomycosis | Tuberculosis,high,0,0,"{""primary_diagnosis"": ""Melioidosis"", ""confidence"": ""high"", ""differential_diagnoses"": [""Paracoccidioidomycosis"", ""Tuberculosis""], ""key_clinical_clues"": [""Acute onset high-grade fever, right hypochondrial pain, and hiccups"", ""Multiple creamy white lesions on the posterior oro-pharyngeal wall and palate"", ""Worsening thrombocytopenia and leukopenia"", ""Budding yeast cells in oro-pharyngeal swabs and candida culture"", ""Mild hepatomegaly and elevated liver enzymes"", ""No history of immunocompromised state or vector-borne diseases""]}"
PMC10876100_02,Dengue,Melioidosis,Leptospirosis | Malaria,high,0,0,"{""primary_diagnosis"": ""Melioidosis"", ""confidence"": ""high"", ""differential_diagnoses"": [""Leptospirosis"", ""Malaria""], ""key_clinical_clues"": [""Multiple ecchymoses over the arm and abdomen"", ""Icterus (jaundice)"", ""Thrombocytopenia (platelet count of 19,000/mm3)"", ""High-grade fever associated with chills"", ""Eosinophilia (not mentioned in the presentation, but often seen in Melioidosis)"", ""Hepatomegaly (coarse liver echotexture without any sign of portal hypertension or dilatation of biliary radicle)""]}"
PMC11090586_01,Tuberculosis,Leishmaniasis,Malaria | Tuberculosis,high,0,1,"{""primary_diagnosis"": ""Leishmaniasis"", ""confidence"": ""high"", ""differential_diagnoses"": [""Malaria"", ""Tuberculosis""], ""key_clinical_clues"": [""The patient had a history of immunocompetence and no contact with sick patients, but the presence of a meningioma and the presence of an ill-defined enhancing meningeal-based lesion on imaging suggest a parasitic infection."", ""The patient's presentation of generalized tonic-clonic convulsion, although not directly related to the imaging findings, could be secondary to the underlying parasitic infection."", ""The imaging findings of an ill-defined enhancing meningeal-based lesion are consistent with parasitic infections such as Leishmaniasis.""]}"
PMC11101932_01,Tuberculosis,Melioidosis,Paracoccidioidomycosis | Tuberculosis,high,0,1,"{""primary_diagnosis"": ""Melioidosis"", ""confidence"": ""high"", ""differential_diagnoses"": [""Paracoccidioidomycosis"", ""Tuberculosis""], ""key_clinical_clues"": [""Extensive mediastinal lymphadenopathy and bilateral pulmonary infiltrates with ground-glass opacities and nodular densities on HRCT thorax"", ""Mild & diffuse bilateral pulmonary infiltrates"", ""Mild pericardial effusion with circumferential fluid accumulation around the heart"", ""Mild splenomegaly and 9 mm hyperechoic lesion in segment 5 of the liver"", ""Elevated adenosine deaminase (ADA) level at 46.0 U/L"", ""Negative for fungal elements in pleural fluid and USG of whole abdomen"", ""Negative for malignant cells in pleural fluid cytology"", ""Negative for cancer as a cause for the effusion""]}"
PMC11664150_01,Tuberculosis,Leprosy,Paracoccidioidomycosis | Mycetoma,high,0,0,"{""primary_diagnosis"": ""Leprosy"", ""confidence"": ""high"", ""differential_diagnoses"": [""Paracoccidioidomycosis"", ""Mycetoma""], ""key_clinical_clues"": [""Pelvic pain and loss of appetite"", ""Odorless vaginal discharge of 1 year duration"", ""Multiple gray-white to gray-brown cervical tissue fragments with subepithelial repetitive granuloma formation"", ""Punch biopsy revealing a tissue with bland stratified squamous and endocervical columnar epithelium with subepithelial repetitive granuloma formation, Langhan's type of giant cells and dusty granular necrosis seen"", ""Negative fungal staining of the cervical biopsy specimen""]}"
PMC11753413_01,Soil-Transmitted Helminths,Melioidosis,Malaria | Leishmaniasis,high,0,0,"{""primary_diagnosis"": ""Melioidosis"", ""confidence"": ""high"", ""differential_diagnoses"": [""Malaria"", ""Leishmaniasis""], ""key_clinical_clues"": [""The patient's history of hypertension and nephrotic syndrome, combined with the presence of petechiae and gastrointestinal bleeding, suggests a systemic infection."", ""The patient's immunocompromised state, as indicated by the decreased CD3, CD4, and CD8 T cell counts, increases the risk of opportunistic infections."", ""The presence of multiple bacterial, fungal, viral, and parasitic infections, as identified by mNGS, is consistent with a severe systemic infection."", ""The patient's history of long-term steroid therapy and immunosuppression further supports a diagnosis of a systemic infection.""]}"
PMC11754819_01,Malaria,Leptospirosis,Melioidosis | Tuberculosis,high,0,0,"{""primary_diagnosis"": ""Leptospirosis"", ""confidence"": ""high"", ""differential_diagnoses"": [""Melioidosis"", ""Tuberculosis""], ""key_clinical_clues"": [""Intermittent fever for 2 weeks"", ""Moderate illness with GCS score of 11"", ""Negative blood smear for [MASK] (presumably leptospirosis antigen) 3 days after starting [MASK] injection"", ""Improvement in motor function and memory after discharge""]}"
PMC11760300_01,Echinococcosis,Melioidosis,Paracoccidioidomycosis | Leprosy,high,0,0,"{""primary_diagnosis"": ""Melioidosis"", ""confidence"": ""high"", ""differential_diagnoses"": [""Paracoccidioidomycosis"", ""Leprosy""], ""key_clinical_clues"": [""Long-standing hip pain with progressive worsening over 4 months, radiating to the thigh and knee."", ""Significant diaphyseal widening and cortical thickening of the femoral bone on radiographs."", ""Large centromedullary lesion in the right femoral diaphysis on MRI, characterized by multiple cystic formations."", ""No signs of fever, anorexia, or weight loss."", ""Microbiological culture and PCR testing for [MASK] DNA were negative.""]}"
PMC11795047_01,Melioidosis,Melioidosis,Paracoccidioidomycosis | Scabies,high,1,1,"{""primary_diagnosis"": ""Melioidosis"", ""confidence"": ""high"", ""differential_diagnoses"": [""Paracoccidioidomycosis"", ""Scabies""], ""key_clinical_clues"": [""The patient's history of heavy alcohol consumption and poorly controlled diabetes mellitus, which are risk factors for melioidosis."", ""The presence of multiple joint swellings (left elbow and right ankle) with effusions, which can be seen in melioidosis."", ""The presence of bronchiectasis in the right upper lobe on chest imaging, which is a known finding in melioidosis.""]}"
PMC12382973_01,Echinococcosis,Melioidosis,Cholera | Leptospirosis,high,0,0,"{""primary_diagnosis"": ""Melioidosis"", ""confidence"": ""high"", ""differential_diagnoses"": [""Cholera"", ""Leptospirosis""], ""key_clinical_clues"": [""History of splenic cyst and splenectomy"", ""Presence of giant splenic cystic mass"", ""Nonspecific symptoms including anorexia and fatigue""]}"
PMC12508594_01,Echinococcosis,Scabies,Leprosy | Paracoccidioidomycosis,high,0,0,"{""primary_diagnosis"": ""Scabies"", ""confidence"": ""high"", ""differential_diagnoses"": [""Leprosy"", ""Paracoccidioidomycosis""], ""key_clinical_clues"": [""Incidental pulmonary nodule with pleural-based lesion causing rib erosion"", ""Right-sided pleuritic chest pain"", ""No fever, night sweats, or other systemic symptoms"", ""Normal laboratory tests including CD4 count, IgE, CRP, and serology for [MASK] and [MASK]""]}"
PMC12544461_01,Tuberculosis,Cat Scratch Disease (CSD),Lymphoma | Sarcoidosis,high,0,0,"{""primary_diagnosis"": ""Cat Scratch Disease (CSD)"", ""confidence"": ""high"", ""differential_diagnoses"": [""Lymphoma"", ""Sarcoidosis""], ""key_clinical_clues"": [""Bilateral cervical lymphadenopathy with a history of cat ownership and positive Bartonella henselae detection via mNGS"", ""Granulomatous inflammation in the lymph node biopsy"", ""Characteristic imaging findings of lymphadenopathy and pulmonary involvement""]}"
PMC12554546_01,Amebiasis,Melioidosis,Leptospirosis | Tuberculosis,high,0,0,"{""primary_diagnosis"": ""Melioidosis"", ""confidence"": ""high"", ""differential_diagnoses"": [""Leptospirosis"", ""Tuberculosis""], ""key_clinical_clues"": [""The patient's history of fever, abdominal pain, and diarrhea, along with hepatomegaly and abscess formation, are consistent with a severe systemic infection."", ""The patient's laboratory findings, including elevated CRP, elevated ferritin, and abnormal liver function tests, are suggestive of a severe inflammatory process."", ""The patient's clinical presentation, including the presence of a liver abscess and the persistence of high fever despite empirical antibiotic therapy, is consistent with a severe bacterial infection."", ""The patient's history of premature birth and the presence of a polymorphic rash on the extremities are not typical of the other tropical diseases listed.""]}"
PMC12705073_01,Paracoccidioidomycosis,Melioidosis,Leptospirosis | Tuberculosis,high,0,0,"{""primary_diagnosis"": ""Melioidosis"", ""confidence"": ""high"", ""differential_diagnoses"": [""Leptospirosis"", ""Tuberculosis""], ""key_clinical_clues"": [""Generalized lymphadenopathy with a history of weight loss and persistent fevers"", ""Liquefied necrotic centers in enlarged lymph nodes on CT scan"", ""Chronic granulomatous lymphadenitis with refringent, rounded structures in histological examination""]}"
PMC12931996_01,Leprosy,Paracoccidioidomycosis,Echinococcosis | Soil-Transmitted Helminths,high,0,0,"{""primary_diagnosis"": ""Paracoccidioidomycosis"", ""confidence"": ""high"", ""differential_diagnoses"": [""Echinococcosis"", ""Soil-Transmitted Helminths""], ""key_clinical_clues"": [""Patient's history of frequent international travel to Mexico, often spending time with local residents and eating local food."", ""Erythematous and edematous plaques on the arms and trunk, with central clearing in some lesions."", ""Patient's history of hand numbness, which improved after treatment."", ""Patient's history of frequent international travel to Mexico, where Paracoccidioidomycosis is endemic.""]}"
PMC13141470_01,Tuberculosis,Melioidosis,Leishmaniasis | Tuberculosis,high,0,1,"{""primary_diagnosis"": ""Melioidosis"", ""confidence"": ""high"", ""differential_diagnoses"": [""Leishmaniasis"", ""Tuberculosis""], ""key_clinical_clues"": [""Bilateral cervical lymphadenopathy"", ""Bilateral centrilobular micronodules, bronchiectasis, and intrathoracic lymphadenopathy on CT"", ""Mamelonated, friable, erythematous supraglottic mass occupying the epiglottis and extending to both aryepiglottic folds"", ""Unintentional weight loss and asthenia""]}"
PMC2651114_01,Echinococcosis,Melioidosis,Leptospirosis | Malaria,high,0,0,"{""primary_diagnosis"": ""Melioidosis"", ""confidence"": ""high"", ""differential_diagnoses"": [""Leptospirosis"", ""Malaria""], ""key_clinical_clues"": [""The patient's history of cough for 2 years and hemoptysis, along with the presence of a large simple cyst in the right lung and spleen, which is suggestive of a chronic infection."", ""The presence of a large radiolucent mass involving the head of the pancreas with duodenal obstruction, which is consistent with a pancreatic mass lesion."", ""The patient's history of weight loss and jaundice, which are common symptoms of both Melioidosis and Leptospirosis.""]}"
PMC3035558_01,Melioidosis,Melioidosis,Paracoccidioidomycosis | Tuberculosis,high,1,1,"{""primary_diagnosis"": ""Melioidosis"", ""confidence"": ""high"", ""differential_diagnoses"": [""Paracoccidioidomycosis"", ""Tuberculosis""], ""key_clinical_clues"": [""Multiple abscesses in the spleen and prostatic abscesses on initial admission"", ""Identical antimicrobial drug susceptibilities in prostatic abscesses and blood cultures"", ""Recurrent abscesses with no organism isolated from the scalp pus culture""]}"
PMC3090634_01,Leishmaniasis,Melioidosis,Leishmaniasis | Tuberculosis,high,0,1,"{""primary_diagnosis"": ""Melioidosis"", ""confidence"": ""high"", ""differential_diagnoses"": [""Leishmaniasis"", ""Tuberculosis""], ""key_clinical_clues"": [""Chronic active hepatitis B"", ""Cachexia, hepatosplenomegaly, and lymphadenopathy"", ""Polyclonal hypergammaglobulinemia"", ""Hepatic inflammation attributed to both [MASK] and HBV infection"", ""Discreet mucosal polypoid lesion on the middle lobe carina"", ""Persistent elevated hepatic aminotransferases""]}"
PMC3135015_01,Schistosomiasis,Paracoccidioidomycosis,Melioidosis | Leprosy,high,0,0,"{""primary_diagnosis"": ""Paracoccidioidomycosis"", ""confidence"": ""high"", ""differential_diagnoses"": [""Melioidosis"", ""Leprosy""], ""key_clinical_clues"": [""History of travel to Senegal and Mali, where Paracoccidioidomycosis is endemic."", ""Vulvar swelling with a soft consistency, pain, and presence of clusters of viable-appearing eggs in the dermis on biopsy."", ""Granulomatous reaction with a marked granulomatous inflammatory infiltrate containing multiple viable miracidia.""]}"
PMC3628229_01,Tuberculosis,Melioidosis,Leptospirosis | Tuberculosis,high,0,1,"{""primary_diagnosis"": ""Melioidosis"", ""confidence"": ""high"", ""differential_diagnoses"": [""Leptospirosis"", ""Tuberculosis""], ""key_clinical_clues"": [""High-grade fever and chills"", ""Submandibular, cervical, and axillary lymphadenopathy"", ""Matted left upper deep cervical lymph nodes"", ""Miliary mottling on chest X-ray"", ""Neutrophilic leukocytosis on complete blood count"", ""Pus discharge from right ear with granulation tissue and healed perforations in tympanic membranes""]}"
PMC3810313_01,Leishmaniasis,Scabies,Paracoccidioidomycosis | Leprosy,high,0,0,"{""primary_diagnosis"": ""Scabies"", ""confidence"": ""high"", ""differential_diagnoses"": [""Paracoccidioidomycosis"", ""Leprosy""], ""key_clinical_clues"": [""The patient reported mild arthralgias and mild myalgias"", ""The lesion had slightly erythematous, raised borders and was crusty and painless"", ""The patient tolerated the antimonate well""]}"
PMC3982339_04,Tuberculosis,Melioidosis,Pneumocystis pneumonia | Aspergillosis,high,0,0,"{""primary_diagnosis"": ""Melioidosis"", ""confidence"": ""high"", ""differential_diagnoses"": [""Pneumocystis pneumonia"", ""Aspergillosis""], ""key_clinical_clues"": [""Multiple diffuse consolidations and thin-walled cystic lesions on CT scan, suggestive of interstitial pulmonary emphysema/bullae"", ""Slow recovery and prolonged oxygen dependence"", ""Marked clinical improvement and clearance of lesions on follow-up""]}"
PMC4237689_01,Tuberculosis,Leishmaniasis,Paracoccidioidomycosis | Melioidosis,high,0,0,"{""primary_diagnosis"": ""Leishmaniasis"", ""confidence"": ""high"", ""differential_diagnoses"": [""Paracoccidioidomycosis"", ""Melioidosis""], ""key_clinical_clues"": [""History of mobility restriction on the right lower extremity for 40 years, with a history of right-sided hip joint [MASK] at the age of 14."", ""Positive [MASK] purified protein derivative (PPD) test, indicating active [MASK] infection."", ""Progressive restriction on the right hip joint, leading to fusion of the joint surfaces and internal rotation."", ""Excessive callus formation around the femoral neck during total hip arthroplasty, suggesting chronic [MASK] infection."", ""Systemic symptoms like low-grade fever and night sweats, although not prominent in this case."", ""Delay in diagnosis due to the absence of systemic symptoms and the traditional examination position."", ""Successful resolution of symptoms post-total hip arthroplasty, indicating a response to anti-[MASK] therapy.""]}"
PMC4427073_01,Tuberculosis,Melioidosis,Paracoccidioidomycosis | Leprosy,high,0,0,"{""primary_diagnosis"": ""Melioidosis"", ""confidence"": ""high"", ""differential_diagnoses"": [""Paracoccidioidomycosis"", ""Leprosy""], ""key_clinical_clues"": [""Previous history of fatigue, weight loss, and fever"", ""Multifocal enhancing foci suggestive of an infective process on MRI of the brain"", ""Enlargement of the prostate and a right prostate lesion extending to the seminal vesicles on CT of the pelvis"", ""Multiple necrotizing granulomata on trans-rectal biopsy of the prostate suggestive of [MASK]""]}"
PMC4703342_01,Leishmaniasis,Melioidosis,Paracoccidioidomycosis | Tuberculosis,high,0,0,"{""primary_diagnosis"": ""Melioidosis"", ""confidence"": ""high"", ""differential_diagnoses"": [""Paracoccidioidomycosis"", ""Tuberculosis""], ""key_clinical_clues"": [""History of multiple organ transplants, including kidney transplants"", ""Chronic hepatitis B, legionellosis, chronic Q fever, cytomegalovirus infection"", ""Multiple relapses of L-AmB (likely Burkholderia cepacia) treatment"", ""Fever, anemia, leukopenia, and splenomegaly"", ""Positive blood cultures and PCR for Burkholderia cepacia"", ""Negative cultures and PCR for other common pathogens""]}"
PMC4703342_02,Leishmaniasis,Melioidosis,Cholera | Tuberculosis,high,0,0,"{""primary_diagnosis"": ""Melioidosis"", ""confidence"": ""high"", ""differential_diagnoses"": [""Cholera"", ""Tuberculosis""], ""key_clinical_clues"": [""Recurrent fever, hepatosplenomegaly, pancytopenia, and positive blood culture for a soil-transmitted infection"", ""Response to treatment with liposomal amphotericin B (L-AmB)"", ""Typical relapse pattern seen in melioidosis""]}"
PMC4703342_03,Leishmaniasis,Melioidosis,Leishmaniasis | Tuberculosis,high,0,1,"{""primary_diagnosis"": ""Melioidosis"", ""confidence"": ""high"", ""differential_diagnoses"": [""Leishmaniasis"", ""Tuberculosis""], ""key_clinical_clues"": [""History of HIV infection and treatment with HAART"", ""Weight loss, hepatosplenomegaly, anemia, parasitemia"", ""History of L-AmB treatment and subsequent complications"", ""Persistently positive parasitemia despite treatment""]}"
PMC4703342_04,Leishmaniasis,Melioidosis,Leishmaniasis | Tuberculosis,high,0,1,"{""primary_diagnosis"": ""Melioidosis"", ""confidence"": ""high"", ""differential_diagnoses"": [""Leishmaniasis"", ""Tuberculosis""], ""key_clinical_clues"": [""The patient's history of HIV infection, chronic hepatitis B, gastrointestinal CMV infection, anal squamous cell carcinoma, and the presence of a positive qualitative PCR for L-AmB (likely Burkholderia cepacia) despite treatment."", ""The patient's history of irregular L-AmB administration and the persistence of parasitemia despite treatment."", ""The patient's history of fatigue and weight gain, which could be related to the effects of L-AmB or other factors.""]}"
PMC4712770_01,Dengue,Malaria,Schistosomiasis | Soil-Transmitted Helminths,high,0,0,"{""primary_diagnosis"": ""Malaria"", ""confidence"": ""high"", ""differential_diagnoses"": [""Schistosomiasis"", ""Soil-Transmitted Helminths""], ""key_clinical_clues"": [""The patient presented with a high-grade fever, myalgia, and arthralgia, which are common symptoms of malaria."", ""The patient's hematocrit increased, which can be a sign of malaria, especially in the context of a pregnancy."", ""The patient's platelet count decreased, which is a known complication of malaria, particularly in pregnancy.""]}"
PMC5392109_01,Leptospirosis,Melioidosis,Pneumocystis pneumonia | Tuberculosis,high,0,0,"{""primary_diagnosis"": ""Melioidosis"", ""confidence"": ""high"", ""differential_diagnoses"": [""Pneumocystis pneumonia"", ""Tuberculosis""], ""key_clinical_clues"": [""History of recent travel to multiple Caribbean destinations, including freshwater swimming at National Park"", ""Neutrophil-predominant leukocytosis"", ""Bilateral conjunctival suffusions"", ""Extensive bilateral pulmonary infiltrates on CXR"", ""Persistent multiorgan dysfunction and hypotension"", ""Acute respiratory distress syndrome (ARDS) and hypoxemic respiratory failure"", ""Persistent thrombocytopenia requiring platelet transfusions"", ""Massive hemoptysis and alveolar hemorrhage""]}"
PMC5516680_01,Schistosomiasis,Leishmaniasis,Melioidosis | Tuberculosis,high,0,0,"{""primary_diagnosis"": ""Leishmaniasis"", ""confidence"": ""high"", ""differential_diagnoses"": [""Melioidosis"", ""Tuberculosis""], ""key_clinical_clues"": [""Travel history to South African countries"", ""Focal thickening of the fundus of the urinary bladder"", ""Left upper ureter filling defect on CT urogram"", ""No history of swimming in fresh water pool""]}"
PMC5813668_01,Leishmaniasis,Paracoccidioidomycosis,Melioidosis | Leprosy,high,0,0,"{""primary_diagnosis"": ""Paracoccidioidomycosis"", ""confidence"": ""high"", ""differential_diagnoses"": [""Melioidosis"", ""Leprosy""], ""key_clinical_clues"": [""Multiple, disseminated and wet-looking skin lesions with papular, crusted, and severely ulcerated appearance over the left arm and hemithorax"", ""History of lymphedema and edema over the arm and hemithorax"", ""Presence of severe inflammatory lesions resembling second-degree burn wounds"", ""History of opium smoking abuse and chronic obstructive pulmonary disease (COPD)""]}"
PMC5968232_01,Soil-Transmitted Helminths,Scabies,Leprosy | Paracoccidioidomycosis,medium,0,0,"{""primary_diagnosis"": ""Scabies"", ""confidence"": ""medium"", ""differential_diagnoses"": [""Leprosy"", ""Paracoccidioidomycosis""], ""key_clinical_clues"": [""The patient's partner is Filipino, and he travels to the Philippines frequently, which is a known endemic area for scabies."", ""The patient's history of consuming food from roadside stalls and avoiding raw food, combined with the mild esophageal hiatus hernia observed during endoscopy, suggests a possible parasitic infection."", ""The absence of worm in the esophageal biopsy and the presence of eggs in the patient's stools one month after treatment indicate a parasitic infection.""]}"
PMC6183218_01,Foodborne Trematodes,Melioidosis,Leishmaniasis | Malaria,high,0,0,"{""primary_diagnosis"": ""Melioidosis"", ""confidence"": ""high"", ""differential_diagnoses"": [""Leishmaniasis"", ""Malaria""], ""key_clinical_clues"": [""Multiple heterogeneous hypoechoic liver masses with central necrosis and cavitation areas"", ""Eosinophil-rich inflammatory necrotic tissue on fine needle aspiration pathology"", ""Patient's history of breast carcinoma and right mastectomy""]}"
PMC6192136_01,Tuberculosis,Neurocysticercosis,Malaria | Scabies,high,0,0,"{""primary_diagnosis"": ""Neurocysticercosis"", ""confidence"": ""high"", ""differential_diagnoses"": [""Malaria"", ""Scabies""], ""key_clinical_clues"": [""Right-sided scrotal pain and swelling with recurrent episodes despite treatment"", ""Persistent and recurrent epididymitis with associated hydrocele and abscess"", ""Diffuse necrotizing granulomas with giant cell formation in the scrotum, testis, and epididymis on histologic sections"", ""Development of hepatotoxicity without evidence of viral hepatitis""]}"
PMC6230409_01,Soil-Transmitted Helminths,Melioidosis,Leptospirosis | Tuberculosis,high,0,0,"{""primary_diagnosis"": ""Melioidosis"", ""confidence"": ""high"", ""differential_diagnoses"": [""Leptospirosis"", ""Tuberculosis""], ""key_clinical_clues"": [""Bilateral, extensive, and patchy consolidation on chest X-ray suggestive of infective etiology"", ""Multiple mesenteric nodes with the largest size of 21 mm by 17 mm"", ""Patchy colitis on colonoscopy with focal blunting, ulceration, and neutrophilic exudates in duodenal biopsy"", ""Hypoxia, respiratory alkalosis, and hypotension"", ""Decreased serum sodium level to 125 mEq/L""]}"
PMC6598396_01,Tuberculosis,Melioidosis,Paracoccidioidomycosis | Tuberculosis,high,0,1,"{""primary_diagnosis"": ""Melioidosis"", ""confidence"": ""high"", ""differential_diagnoses"": [""Paracoccidioidomycosis"", ""Tuberculosis""], ""key_clinical_clues"": [""Persistent fever despite antibiotic therapy"", ""Abdominal distension"", ""Pleural effusion with mesothelial cells in pleural fluid analysis"", ""Patchy consolidation in the right upper lung, multiple new nodules in both lungs, and multiple low-density nodules in the spleen and hepatic hilar region"", ""Coagulopathy with elevated fibrin degradation products and D-dimer levels""]}"
PMC6598396_02,Tuberculosis,Neurocysticercosis,Malaria | Tuberculosis,high,0,1,"{""primary_diagnosis"": ""Neurocysticercosis"", ""confidence"": ""high"", ""differential_diagnoses"": [""Malaria"", ""Tuberculosis""], ""key_clinical_clues"": [""Persistent general weakness"", ""Altered mental status"", ""Miliary [MASK] pattern on chest X-ray"", ""Diffuse interlobular and intralobular septal thickening with ground-glass opacities on chest CT image""]}"
PMC6713098_01,Melioidosis,Dengue,Leishmaniasis | Malaria,high,0,0,"{""primary_diagnosis"": ""Dengue"", ""confidence"": ""high"", ""differential_diagnoses"": [""Leishmaniasis"", ""Malaria""], ""key_clinical_clues"": [""History of living in Laos as a tunnel worker for ten years"", ""Intermittent fever lasting for approximately two months"", ""Left upper abdominal pain"", ""Abdominal CT showing an enlarged spleen with multiple low-density shadows suggesting a spleen abscess"", ""History of diabetes and poorly controlled diabetes"", ""Multiple abscesses in the body (lungs, liver, spleen)"", ""Travel to endemic areas for [MASK] (Southeast Asian tropical countries)""]}"
PMC6942725_01,Leptospirosis,Melioidosis,Leptospirosis | Paracoccidioidomycosis,high,0,1,"{""primary_diagnosis"": ""Melioidosis"", ""confidence"": ""high"", ""differential_diagnoses"": [""Leptospirosis"", ""Paracoccidioidomycosis""], ""key_clinical_clues"": [""History of recent exposure to contaminated water (fishing in rivers)"", ""Purpuric rash on feet"", ""Jaundice"", ""Acute liver failure and anuria"", ""Presence of multiple organ failure including liver and kidney failure""]}"
PMC6942725_02,Leptospirosis,Melioidosis,Leptospirosis | Tuberculosis,high,0,1,"{""primary_diagnosis"": ""Melioidosis"", ""confidence"": ""high"", ""differential_diagnoses"": [""Leptospirosis"", ""Tuberculosis""], ""key_clinical_clues"": [""The patient had a recent travel history to India, a history of transrectal ultrasound guided prostate biopsy, and a prolonged course of fever, chills, and altered level of consciousness."", ""The patient's laboratory findings showed elevated liver enzymes and creatinine levels, indicative of acute liver and kidney failure."", ""The patient's clinical presentation, including altered level of consciousness, cerebellar ataxia, and facial dyskinesia, is consistent with central nervous system involvement."", ""The patient's history of a transrectal ultrasound guided prostate biopsy and the presence of a multidrug-resistant Escherichia Coli on blood cultures suggest a possible bacterial infection."", ""The patient's history of a recent trip to India and the presence of a multidrug-resistant Escherichia Coli on blood cultures suggest a possible bacterial infection."", ""The patient's history of a recent trip to India and the presence of a multidrug-resistant Escherichia Coli on blood cultures suggest a possible bacterial infection.""]}"
PMC7268139_01,Talaromycosis,Leprosy,Neurocysticercosis | Melioidosis,high,0,0,"{""primary_diagnosis"": ""Leprosy"", ""confidence"": ""high"", ""differential_diagnoses"": [""Neurocysticercosis"", ""Melioidosis""], ""key_clinical_clues"": [""History of recurrent cough for 6 months, acute exacerbation with dyspnea for 1 month"", ""History of slight immunocompromised state since infancy"", ""History of multiple surgical treatments for suspected pleurisy and skin infection"", ""History of viral hepatitis B, no smoking or alcohol history"", ""History of moving from Gansu province to Hangzhou 10 years ago"", ""Multiple ground glass opacities with multiple bullae in both lungs on chest CT"", ""History of congenital immunodeficiency (STAT3 mutation)"", ""History of HIV test being negative but lymphocyte counts and CD4+ being slightly decreased""]}"
PMC7749933_01,Neurocysticercosis,Leukemia,Meningioma | Craniopharyngioma,high,0,0,"{""primary_diagnosis"": ""Leukemia"", ""confidence"": ""high"", ""differential_diagnoses"": [""Meningioma"", ""Craniopharyngioma""], ""key_clinical_clues"": [""Chronic severe headaches"", ""Progressive deterioration of 6 months in visual acuity"", ""Bitemporal hemianopia"", ""Cystic lesion in the sellar and suprasellar region"", ""Optic chiasm displacement and compression"", ""Normal pituitary hormonal assay""]}"
PMC8060098_01,Tuberculosis,Tuberculosis,Leprosy | Melioidosis,high,1,1,"{""primary_diagnosis"": ""Tuberculosis"", ""confidence"": ""high"", ""differential_diagnoses"": [""Leprosy"", ""Melioidosis""], ""key_clinical_clues"": [""22 glomeruli with nonproliferative glomerulopathy on renal biopsy"", ""Sudden onset swelling over the body"", ""Positive for HIV and HBV serology, but negative for HIV and HBV"", ""History of cough with expectoration and high-grade fever"", ""Positive for tuberculosis on sputum smear"", ""Ultrasonography abdomen showed bilateral normal size kidneys with normal echogenicity"", ""24-hour urinary protein value was 10.8 grams/day""]}"
PMC9161195_01,Tuberculosis,Melioidosis,Cholera | Tuberculosis,high,0,1,"{""primary_diagnosis"": ""Melioidosis"", ""confidence"": ""high"", ""differential_diagnoses"": [""Cholera"", ""Tuberculosis""], ""key_clinical_clues"": [""The patient's age (96 years old) and the presence of a [MASK] cavity on HRCT of lungs are suggestive of a chronic infection, which is consistent with Melioidosis."", ""The patient's history of hypertension and dyslipidemia, along with the presence of a [MASK] cavity, could suggest a chronic infection such as Tuberculosis."", ""The patient's presentation of cough, fever, and dyspnea, along with the presence of a [MASK] cavity, could also suggest Cholera.""]}"
PMC9196837_01,Tuberculosis,Melioidosis,Pulmonary Tuberculosis | Aspergillosis,high,0,1,"{""primary_diagnosis"": ""Melioidosis"", ""confidence"": ""high"", ""differential_diagnoses"": [""Pulmonary Tuberculosis"", ""Aspergillosis""], ""key_clinical_clues"": [""Axial and cervical pain, AS HLA B27 positivity, and history of AS"", ""Persistent productive cough, hemoptysis, and weight loss"", ""Cavitary lung lesions with mediastinal involvement"", ""Microcytic hypochromic anemia and elevated CRP"", ""Positive for Aspergillus fumigatus on bronchial wash and Galactomannan antigen test"", ""Progressive lung involvement and worsening of respiratory failure""]}"
PMC9375718_01,Echinococcosis,Paracoccidioidomycosis,Mycetoma | Leprosy,high,0,0,"{""primary_diagnosis"": ""Paracoccidioidomycosis"", ""confidence"": ""high"", ""differential_diagnoses"": [""Mycetoma"", ""Leprosy""], ""key_clinical_clues"": [""Mass in the right thigh with cystic components within the right vastus lateralis muscle"", ""Multiple cysts in the right lobe of the liver"", ""Degeneration of the cysts post-surgery as evidenced by MRI changes""]}"
PMC9386617_01,Dengue,Melioidosis,Malaria | Leptospirosis,high,0,0,"{""primary_diagnosis"": ""Melioidosis"", ""confidence"": ""high"", ""differential_diagnoses"": [""Malaria"", ""Leptospirosis""], ""key_clinical_clues"": [""The patient's persistent fever, arthralgia, and myalgia, which are common symptoms of melioidosis."", ""The patient's history of mosquito bites, which is a risk factor for melioidosis."", ""The patient's recent travel history to Laguna, Philippines, where melioidosis is endemic."", ""The patient's laboratory findings, including the low platelet count, which can be seen in melioidosis."", ""The patient's positive SARS-CoV-2 test, which can complicate the diagnosis but does not exclude melioidosis.""]}"
PMC9724124_01,Echinococcosis,Echinococcosis,Leishmaniasis | Melioidosis,high,1,1,"{""primary_diagnosis"": ""Echinococcosis"", ""confidence"": ""high"", ""differential_diagnoses"": [""Leishmaniasis"", ""Melioidosis""], ""key_clinical_clues"": [""The patient has a history of extensive [MASK] disease in her abdomen, which is a zoonosis caused by parasites of the Taenia species."", ""The patient has a large cystic mass in her left hemipelvis, which is consistent with [MASK] cysts found in bone."", ""The patient's symptoms include pain and difficulty walking, which are common in bone [MASK] disease.""]}"
PMC9761204_01,Tuberculosis,Melioidosis,Leptospirosis | Malaria,high,0,0,"{""primary_diagnosis"": ""Melioidosis"", ""confidence"": ""high"", ""differential_diagnoses"": [""Leptospirosis"", ""Malaria""], ""key_clinical_clues"": [""Previous history of pulmonary [MASK] in 2011, which is a known risk factor for melioidosis in tropical regions."", ""Chronic productive cough with night sweats, common symptoms of melioidosis."", ""Multiple comorbidities including untreated chronic hepatitis B, type 2 diabetes, diabetic retinopathy, and osteoarthritis of right knee, which are not typical for melioidosis but can coexist with other conditions."", ""Treatment history with multiple MDR regimens, including linezolid and cycloserine, which are not commonly used in melioidosis but can be part of a broader treatment strategy for resistant infections."", ""Development of thrombocytopenia, pancytopenia, and linezolid-induced myelosuppression, which are side effects of linezolid and cycloserine, not typically associated with melioidosis but can occur in patients with multiple drug exposures.""]}"
PMC10162717_01,Leishmaniasis,Paracoccidioidomycosis,Leprosy | Mycetoma,high,0,0,"{""primary_diagnosis"": ""Paracoccidioidomycosis"", ""confidence"": ""high"", ""differential_diagnoses"": [""Leprosy"", ""Mycetoma""], ""key_clinical_clues"": [""The patient's age and the presence of a large nodular lesion in the forehead with a history of lymphoma."", ""The presence of small, round structures similar to amastigotes in the punch biopsy material, which could be indicative of a parasitic infection."", ""The recommendation to investigate the aetiology of granulomatous dermatitis, especially [MASK].""]}"
PMC10374365_01,Malaria,Melioidosis,Leptospirosis | Scabies,high,0,0,"{""primary_diagnosis"": ""Melioidosis"", ""confidence"": ""high"", ""differential_diagnoses"": [""Leptospirosis"", ""Scabies""], ""key_clinical_clues"": [""High fever, chills, vomiting, and right hypochondriac pain"", ""Pallor, fatigue, and liver abscesses on CT scan"", ""Lack of other symptoms, no history of other illnesses, and rapid response to metronidazole treatment""]}"
PMC10460097_01,Tuberculosis,Melioidosis,Cholera | Leptospirosis,high,0,0,"{""primary_diagnosis"": ""Melioidosis"", ""confidence"": ""high"", ""differential_diagnoses"": [""Cholera"", ""Leptospirosis""], ""key_clinical_clues"": [""History of chronic alcoholism"", ""Abdominal pain in the right lumbar region for 2 months"", ""Dark-colored stools for a week"", ""Mild tenderness in the right lumbar region"", ""Mild anemia (hemoglobin level 8%)"", ""Circumferential ulcerated, narrowed ileocecal valve on colonoscopy"", ""Mesenteric lymph node enlargement on CT abdomen"", ""No organomegaly on abdominal examination"", ""No history of fever, diabetes, or surgeries"", ""No history of dark-colored stools for a week"", ""No history of loss of appetite for one month"", ""No history of weight loss or any surgeries""]}"
PMC10540695_01,Tuberculosis,Leprosy,Paracoccidioidomycosis | Melioidosis,high,0,0,"{""primary_diagnosis"": ""Leprosy"", ""confidence"": ""high"", ""differential_diagnoses"": [""Paracoccidioidomycosis"", ""Melioidosis""], ""key_clinical_clues"": [""Previous history of eczema with infection 10 years ago"", ""Painful ulcers around the anus that have progressively enlarged for 8 months"", ""Granulomatous inflammation of the infected area on biopsy"", ""Ulcers in the transverse colon with similar biopsy findings"", ""Old pulmonary [MASK] on chest examination"", ""CRP level of 59 mg/L and albumin level of 29 g/L""]}"
PMC10569653_01,Melioidosis,Melioidosis,Paracoccidioidomycosis | Tuberculosis,high,1,1,"{""primary_diagnosis"": ""Melioidosis"", ""confidence"": ""high"", ""differential_diagnoses"": [""Paracoccidioidomycosis"", ""Tuberculosis""], ""key_clinical_clues"": [""Severe anaemia with raised serum ferritin and triglyceride levels"", ""Presence of haemophagocytes in bone marrow biopsy"", ""HLH criteria met with splenomegaly and fever"", ""Non-fermenting Gram-negative bacilli growth on blood culture"", ""Delayed oxidase-positive and not identified by MALDI-TOF MS""]}"
PMC10643883_01,Tuberculosis,Leishmaniasis,Mycetoma | Paracoccidioidomycosis,high,0,0,"{""primary_diagnosis"": ""Leishmaniasis"", ""confidence"": ""high"", ""differential_diagnoses"": [""Mycetoma"", ""Paracoccidioidomycosis""], ""key_clinical_clues"": [""Patient's history of fever, weight loss, and joint pain, particularly exacerbated in cold environmental conditions."", ""The presence of a palpable enlarged lymph node in the right submandibular region, which decreased in size after treatment."", ""The patient's history of SLE and the presence of skin changes upon sun exposure, which are common in Leishmaniasis.""]}"
PMC10805995_01,Dengue,Leptospirosis,Melioidosis | Tuberculosis,high,0,0,"{""primary_diagnosis"": ""Leptospirosis"", ""confidence"": ""high"", ""differential_diagnoses"": [""Melioidosis"", ""Tuberculosis""], ""key_clinical_clues"": [""History of fever, generalized weakness, and loss of appetite"", ""Neurological symptoms including weakness, tingling sensation, and reduced vibration and joint position sensation"", ""MRI findings of mild disc bulge at L4/5 and L5/S1 levels, mild bilateral neural foraminal stenosis, and lumbar spondylosis-like characteristics"", ""No significant findings on CSF analysis and auto-immune panel""]}"
PMC10823322_01,Neurocysticercosis,Tuberculosis,Leishmaniasis | Melioidosis,high,0,0,"{""primary_diagnosis"": ""Tuberculosis"", ""confidence"": ""high"", ""differential_diagnoses"": [""Leishmaniasis"", ""Melioidosis""], ""key_clinical_clues"": [""Progressive walking difficulty and apraxia"", ""Subcutaneous nodule in the left temporal muscle"", ""Meningeal bulky cystic hypodensities and ventricular communicating ectasias"", ""Frontal syndrome with dysexecutive syndrome, programming dysfunction, and disinhibition"", ""Subcutaneous nodule in the temporal muscle suggestive of [MASK]"", ""Lumbar puncture without incident and improvement in cognitive scores after larvicide treatment""]}"
PMC10858631_01,Tuberculosis,Melioidosis,Leishmaniasis | Tuberculosis,high,0,1,"{""primary_diagnosis"": ""Melioidosis"", ""confidence"": ""high"", ""differential_diagnoses"": [""Leishmaniasis"", ""Tuberculosis""], ""key_clinical_clues"": [""Multiple supraclavicular, mediastinal, and hilar adenopathies with a necrotic center, a moderate pericardial effusion, and hepatic stasis, indicating right heart overload."", ""Worsening Kikuchi's disease, a granulomatous disease."", ""Positive [MASK] serology, suggestive of [MASK] infection."", ""Cerebral involvement with granulomatous disease, consistent with [MASK] infection."", ""Multiple hepatosplenic lesions suggestive of [MASK] involvement."", ""Clinical background of a patient from Angola, a region endemic for [MASK].""]}"
PMC10870101_01,Dengue|Leptospirosis,Melioidosis,Leptospirosis | Tuberculosis,high,0,1,"{""primary_diagnosis"": ""Melioidosis"", ""confidence"": ""high"", ""differential_diagnoses"": [""Leptospirosis"", ""Tuberculosis""], ""key_clinical_clues"": [""Bilateral fine basal crepitations on respiratory examination"", ""Bilateral extensor plantar reflex noted"", ""Bilateral pleural effusion and ground-glass opacities in the superior segment of the right lower lobe with interlobular septal thickening in the left lower lobe on HRCT of the thorax"", ""Worsening thrombocytopenia and development of ecchymosis and subcutaneous edema with bullae on the left upper limb"", ""Mild hepatomegaly noted during per abdominal examination""]}"
PMC10995331_01,Dengue,Neurocysticercosis,Melioidosis | Leishmaniasis,high,0,0,"{""primary_diagnosis"": ""Neurocysticercosis"", ""confidence"": ""high"", ""differential_diagnoses"": [""Melioidosis"", ""Leishmaniasis""], ""key_clinical_clues"": [""Optic neuritis history (10 years ago)"", ""Blurred vision and macular edema on both eyes"", ""Presence of EZ infiltration and disc hyperemia on fundus examination"", ""MRI of the head showing no evidence of active ON"", ""Treatment response to corticosteroids""]}"
PMC12396908_01,Leishmaniasis,Paracoccidioidomycosis,Leprosy | Mycetoma,high,0,0,"{""primary_diagnosis"": ""Paracoccidioidomycosis"", ""confidence"": ""high"", ""differential_diagnoses"": [""Leprosy"", ""Mycetoma""], ""key_clinical_clues"": [""Oral manifestations including leukokeratosis lesions of hardened consistency on the cheek mucosa, palate, and right side of the upper lip"", ""Previous history of [MASK] treatment and recurrence of the condition"", ""Inflammatory infiltrate predominantly composed of lymphocytes and histiocytes on biopsy""]}"
PMC13171480_01,Echinococcosis,Melioidosis,Leishmaniasis | Tuberculosis,high,0,0,"{""primary_diagnosis"": ""Melioidosis"", ""confidence"": ""high"", ""differential_diagnoses"": [""Leishmaniasis"", ""Tuberculosis""], ""key_clinical_clues"": [""The patient's history of splenectomy, which is a risk factor for melioidosis."", ""The presence of a multilocular cystic lesion with a thick wall in the apico-posterior segment of the left lung, which can be seen in melioidosis."", ""The presence of calcifications within the lesion, which is a characteristic finding in melioidosis.""]}"
PMC3025967_01,Leptospirosis,Melioidosis,Leptospirosis | Tuberculosis,high,0,1,"{""primary_diagnosis"": ""Melioidosis"", ""confidence"": ""high"", ""differential_diagnoses"": [""Leptospirosis"", ""Tuberculosis""], ""key_clinical_clues"": [""The patient's history of construction work in a city with a high rat population (New York City)."", ""The development of a maculopapular, nonpruritic rash suggestive of drug reaction."", ""The presence of bilateral lower extremity tenderness and jaundice, which are common in melioidosis."", ""The patient's history of alcohol and marijuana use, which can predispose to melioidosis.""]}"
PMC3350145_01,Echinococcosis,Melioidosis,Paracoccidioidomycosis | Leprosy,high,0,0,"{""primary_diagnosis"": ""Melioidosis"", ""confidence"": ""high"", ""differential_diagnoses"": [""Paracoccidioidomycosis"", ""Leprosy""], ""key_clinical_clues"": [""Large pelvic cyst in the rectovesical pouch"", ""No similar cystic masses in other abdominal viscera"", ""Patient from a tropical setting with chronic symptoms""]}"
PMC3497843_01,Tuberculosis,Melioidosis,Cholera | Leptospirosis,high,0,0,"{""primary_diagnosis"": ""Melioidosis"", ""confidence"": ""high"", ""differential_diagnoses"": [""Cholera"", ""Leptospirosis""], ""key_clinical_clues"": [""Pelvic pain associated with low-grade fever, weakness, and anorexia"", ""Right lateral uterine mass with tenderness on palpation"", ""Moderate anaemia and elevated erythrocyte sedimentation rate"", ""Discrete cystic mass of the right ovary with elevated CA-125 levels"", ""Normal chest and abdominal radiographs, and unremarkable pelvic ultrasound""]}"
PMC3716246_01,Schistosomiasis,Scabies,Paracoccidioidomycosis | Melioidosis,low,0,0,"{""primary_diagnosis"": ""Scabies"", ""confidence"": ""low"", ""differential_diagnoses"": [""Paracoccidioidomycosis"", ""Melioidosis""], ""key_clinical_clues"": [""The patient's history of recurrent painless terminal hematuria, bilateral loin colicky pains, occasional fever, headache, facial puffiness, and malaise.""]}"
PMC3952392_01,Melioidosis,Melioidosis,Cholera | Leptospirosis,high,1,1,"{""primary_diagnosis"": ""Melioidosis"", ""confidence"": ""high"", ""differential_diagnoses"": [""Cholera"", ""Leptospirosis""], ""key_clinical_clues"": [""The patient's history of recent travel to India and the development of symptoms 3 weeks after returning."", ""The presence of wedge-shaped enhancement defects in the right kidney on CT scan, suggestive of pyelonephritis."", ""The patient's history of diabetes mellitus, chronic obstructive pulmonary disease, hypertension, and benign prostatic hyperplasia, which are risk factors for melioidosis."", ""The patient's history of urinary tract infection treated with levofloxacin, which could have been caused by melioidosis.""]}"
PMC4009261_01,Tuberculosis,Melioidosis,Leishmaniasis | Scabies,high,0,0,"{""primary_diagnosis"": ""Melioidosis"", ""confidence"": ""high"", ""differential_diagnoses"": [""Leishmaniasis"", ""Scabies""], ""key_clinical_clues"": [""The patient's history of chronic illness, including gastroesophageal reflux disease, hiatal hernia, and hyperlipidemia, combined with the presence of granulomatous inflammation and lymphadenopathy, suggests a chronic infection."", ""The presence of a hypoechoic mass in the pancreatic head and the suspicion of pancreatic carcinoma initially led to consideration of pancreatic malignancy, but the biopsy results were reactive atypia with no evidence of malignancy."", ""The patient's presentation of fever, jaundice, and the development of acute pancreatitis, along with the presence of enlarged lymph nodes and dilated pancreatic and bile ducts, are consistent with a chronic infection such as Melioidosis.""]}"
PMC4085278_01,Tuberculosis,Leishmaniasis,Melioidosis | Tuberculosis,high,0,1,"{""primary_diagnosis"": ""Leishmaniasis"", ""confidence"": ""high"", ""differential_diagnoses"": [""Melioidosis"", ""Tuberculosis""], ""key_clinical_clues"": [""Exposure to [MASK] decades ago"", ""Multiple small pulmonary nodules on CT-scan"", ""EBV-associated polymorphic post-transplantation lymphoproliferative disorder combined with granulomatous lymphadenitis"", ""Presence of [MASK] and CMV in bronchoalveolar lavage""]}"
PMC4138670_01,Malaria,Melioidosis,Leptospirosis | Scabies,high,0,0,"{""primary_diagnosis"": ""Melioidosis"", ""confidence"": ""high"", ""differential_diagnoses"": [""Leptospirosis"", ""Scabies""], ""key_clinical_clues"": [""History of travel to Pakistan"", ""Dark urine and hematuria"", ""Tender abdomen with splenomegaly"", ""Elevated creatinine level"", ""Parasitemia decreased after treatment"", ""Acute respiratory distress syndrome (ARDS) with bilateral pulmonary infiltrates"", ""Cerebral involvement with confusion""]}"
PMC4317211_01,Tuberculosis,Melioidosis,Paracoccidioidomycosis | Tuberculosis,high,0,1,"{""primary_diagnosis"": ""Melioidosis"", ""confidence"": ""high"", ""differential_diagnoses"": [""Paracoccidioidomycosis"", ""Tuberculosis""], ""key_clinical_clues"": [""History of pulmonary [MASK] thirty years back"", ""Large heterogeneously hypoechoic lesion with internal echoes in the segment six of liver suggestive of abscess on US"", ""Contrast-enhanced CT scan of abdomen showing abscess in the right lobe of liver"", ""Negative fungal stain and AFB stain for [MASK]"", ""Non-reactive HIV serology"", ""Improvement with [MASK] and [MASK] (450 mg once daily) and [MASK] (300 mg once daily) with pyridoxine (20 mg once daily)""]}"
PMC4374194_01,Scrub Typhus,Leptospirosis,Melioidosis | Tuberculosis,high,0,0,"{""primary_diagnosis"": ""Leptospirosis"", ""confidence"": ""high"", ""differential_diagnoses"": [""Melioidosis"", ""Tuberculosis""], ""key_clinical_clues"": [""Micro-hemorrhages in the brain, particularly in the corpus callosum and centrum semiovale region"", ""Enhancement of the pachymeninges along bilateral frontotemporoparietal lobes on post-contrast MRI"", ""Clinical improvement with intravenous azithromycin""]}"
PMC4531579_01,Tuberculosis,Melioidosis,Paracoccidioidomycosis | Tuberculosis,high,0,1,"{""primary_diagnosis"": ""Melioidosis"", ""confidence"": ""high"", ""differential_diagnoses"": [""Paracoccidioidomycosis"", ""Tuberculosis""], ""key_clinical_clues"": [""Multiple yellowish plaque lesions from the rectum to the sigmoid colon on sigmoidoscopy"", ""Mucosal biopsy showing chronic inflammation with mucous exudates"", ""PMC (Pseudomembranous Colitis) on mucosal biopsy"", ""Frequent bloody, mucoid, jelly-like diarrhea and lower abdominal pain"", ""Poor oral intake of food and drink due to diarrhea"", ""Positive for chronic inflammation with mucous exudates on biopsy""]}"
PMC4532025_01,Tuberculosis,Melioidosis,Leptospirosis | Tuberculosis,high,0,1,"{""primary_diagnosis"": ""Melioidosis"", ""confidence"": ""high"", ""differential_diagnoses"": [""Leptospirosis"", ""Tuberculosis""], ""key_clinical_clues"": [""Generalized purpura and pretibial edema"", ""Diffuse scattered, ill-defined nodules in both lung fields and patchy and confluent infiltrates in both upper lungs on chest X-ray"", ""Mesangial cell hyperplasia and widening of mesangial matrix on renal biopsy""]}"
PMC4712429_01,Echinococcosis,Melioidosis,Cholera | Soil-Transmitted Helminths,high,0,0,"{""primary_diagnosis"": ""Melioidosis"", ""confidence"": ""high"", ""differential_diagnoses"": [""Cholera"", ""Soil-Transmitted Helminths""], ""key_clinical_clues"": [""Incidentally detected cystic mass of the liver on abdominal ultrasound."", ""Negative stool helminth test."", ""Negative serologic markers for hepatitis A, B, and C virus."", ""Negative blood levels of tumor markers including alpha-fetoprotein, carcinoembryonic antigen, and carbohydrate antigen 19-9.""]}"
PMC5176231_01,Zika Virus,Dengue,Melioidosis | Leishmaniasis,high,0,0,"{""primary_diagnosis"": ""Dengue"", ""confidence"": ""high"", ""differential_diagnoses"": [""Melioidosis"", ""Leishmaniasis""], ""key_clinical_clues"": [""Severe retro-orbital headache, arthralgia, myalgia, and high fevers"", ""Pruritic maculopapular rash"", ""Travel history to Rio de Janeiro, Brazil, 1 week prior to onset of symptoms"", ""No history of immunocompromise, no history of prostatitis, no history of unprotected sex, no history of gross hematospermia""]}"
PMC5259930_01,Talaromycosis,Tuberculosis,Melioidosis | Leprosy,high,0,0,"{""primary_diagnosis"": ""Tuberculosis"", ""confidence"": ""high"", ""differential_diagnoses"": [""Melioidosis"", ""Leprosy""], ""key_clinical_clues"": [""Severe hepatosplenomegaly and multiple enlarged lymph nodes"", ""Bilateral septal thickening and micronodules of both the lungs"", ""Histiocytic infiltration and spherule-like organisms in bronchial biopsy and lymph node biopsy"", ""Patient's travel history to Guangxi, China, and Hong Kong""]}"
PMC5303735_01,Amebiasis,Melioidosis,Paracoccidioidomycosis | Talaromycosis,high,0,0,"{""primary_diagnosis"": ""Melioidosis"", ""confidence"": ""high"", ""differential_diagnoses"": [""Paracoccidioidomycosis"", ""Talaromycosis""], ""key_clinical_clues"": [""The patient's history of recent travel to Mali, a country endemic for Melioidosis."", ""The patient's history of recent antibiotic treatment, which could have led to a secondary infection."", ""The patient's immunosuppressive state, as evidenced by his low CD4 T-lymphocyte count and the presence of CMV and Aspergillus infections.""]}"
PMC5401731_01,Tuberculosis,Melioidosis,Leishmaniasis | Malaria,high,0,0,"{""primary_diagnosis"": ""Melioidosis"", ""confidence"": ""high"", ""differential_diagnoses"": [""Leishmaniasis"", ""Malaria""], ""key_clinical_clues"": [""Abdominal pain, weight loss, fever, diarrhea, and ascites"", ""Pelvic mass with heterogeneous echogenicity, cystic areas, and thick walls on ultrasound"", ""Enlarged iliac lymph nodes and diffuse enhancement of the peritoneum on MRI"", ""Increased CA-125 and CA-15.3 levels"", ""Conservative surgery performed based on the patient's desire to maintain fertility""]}"
PMC5697124_01,Melioidosis,Melioidosis,Leptospirosis | Malaria,high,1,1,"{""primary_diagnosis"": ""Melioidosis"", ""confidence"": ""high"", ""differential_diagnoses"": [""Leptospirosis"", ""Malaria""], ""key_clinical_clues"": [""Epigastric pain radiating to the back"", ""Multiple aortic calcifications on chest radiography"", ""Saccular outpouchings from the descending thoracic aorta on CT abdomen"", ""Mycotic aneurysm with no evidence of leak or hematoma on CT angiogram""]}"
PMC5842735_01,Echinococcosis,Melioidosis,Cholera | Leptospirosis,high,0,0,"{""primary_diagnosis"": ""Melioidosis"", ""confidence"": ""high"", ""differential_diagnoses"": [""Cholera"", ""Leptospirosis""], ""key_clinical_clues"": [""Previous history of a perforated cyst in the right adrenal gland, which was surgically treated."", ""The patient's current presentation with upper right quadrant pain, skin redness, impaired general status, and cyanosis, which are consistent with melioidosis symptoms."", ""The presence of a cystic lesion in the right adrenal gland, which is a known complication of melioidosis.""]}"
PMC5887698_01,Echinococcosis,Mycetoma,Paracoccidioidomycosis | Talaromycosis,high,0,0,"{""primary_diagnosis"": ""Mycetoma"", ""confidence"": ""high"", ""differential_diagnoses"": [""Paracoccidioidomycosis"", ""Talaromycosis""], ""key_clinical_clues"": [""The patient presented with a slow-growing painful mass in her left thigh."", ""The MRI revealed an oval-shaped multiloculated well-defined cystic lesion in the medial compartment of the sartorius muscle, containing smaller round-shaped cysts, hypointense in T2-weighted, and mostly favorable of daughter cyst."", ""There was no sign of bone destruction or peripheral edema on the images.""]}"
PMC5905859_01,Tuberculosis,Melioidosis,Leptospirosis | Tuberculosis,high,0,1,"{""primary_diagnosis"": ""Melioidosis"", ""confidence"": ""high"", ""differential_diagnoses"": [""Leptospirosis"", ""Tuberculosis""], ""key_clinical_clues"": [""Massive ascites and extensive thickened peritoneum"", ""Positive adenosine deaminase level (140 IU/L)"", ""Negative cultures and PCR for [MASK]"", ""Improvement in symptoms after treatment for bacterial infection""]}"
PMC5964188_02,Zika Virus,Melioidosis,Paracoccidioidomycosis | Tuberculosis,high,0,0,"{""primary_diagnosis"": ""Melioidosis"", ""confidence"": ""high"", ""differential_diagnoses"": [""Paracoccidioidomycosis"", ""Tuberculosis""], ""key_clinical_clues"": [""Pregnancy and the presence of a stillborn fetus"", ""Symmetrical flaccid tetraparesis, paresthesia, areflexia, and signs of respiratory insufficiency"", ""Neuropathy with signs of myelin and axonal damage, and neurogenic myopathy"", ""Residual sequels of gait and movement difficulties after discharge""]}"
PMC6126086_01,Leptospirosis,Scabies,Melioidosis | Tuberculosis,high,0,0,"{""primary_diagnosis"": ""Scabies"", ""confidence"": ""high"", ""differential_diagnoses"": [""Melioidosis"", ""Tuberculosis""], ""key_clinical_clues"": [""The patient's history of working in a major metropolitan city where rodent infestations are common, which is a known risk factor for scabies."", ""The patient's presentation of bilateral thigh pain, fatigue, and the development of jaundice and renal failure, which are consistent with a systemic infection such as scabies."", ""The patient's history of working in a high-risk environment for rodent infestations, which is a common source of scabies.""]}"
PMC6194729_01,Neurocysticercosis,Neurocysticercosis,Malaria | Tuberculosis,high,1,1,"{""primary_diagnosis"": ""Neurocysticercosis"", ""confidence"": ""high"", ""differential_diagnoses"": [""Malaria"", ""Tuberculosis""], ""key_clinical_clues"": [""The patient had bilateral papilledema and hydrocephalus with a cystic lesion in the fourth ventricle on MRI."", ""The cyst was mobile and had a thin wall, making it challenging to remove surgically."", ""Histopathological examination of the CSF showed fragments of brain parenchyma with granulation tissue foci, lymphoplasmacytic inflammatory infiltrates, and calcifications.""]}"
PMC6311234_01,Soil-Transmitted Helminths,Paracoccidioidomycosis,Melioidosis | Leprosy,high,0,0,"{""primary_diagnosis"": ""Paracoccidioidomycosis"", ""confidence"": ""high"", ""differential_diagnoses"": [""Melioidosis"", ""Leprosy""], ""key_clinical_clues"": [""The patient's history of right hypochondrial pain, abdominal pain, and the presence of echogenic debris in the gallbladder."", ""The patient's history of eosinophilia and marked number of eosinophils in the bile of the gallbladder."", ""The patient's history of nausea, vomiting, fever, and jaundice, which are common symptoms of Paracoccidioidomycosis.""]}"
PMC6542496_01,Tuberculosis,Leprosy,Neurocysticercosis | Mycetoma,high,0,0,"{""primary_diagnosis"": ""Leprosy"", ""confidence"": ""high"", ""differential_diagnoses"": [""Neurocysticercosis"", ""Mycetoma""], ""key_clinical_clues"": [""The patient's history of depressive mood, asthenia, anorexia, and weight loss, along with the presence of a non-painful breast lump."", ""The presence of a thick-walled cystic formation in the left breast with granulomas on fine needle aspiration cytology, which is suggestive of a chronic inflammatory process."", ""The presence of a cavitated nodule in the upper left lobe of the lung, which is compatible with an active [MASK] process (likely tuberculosis).""]}"
PMC6607461_01,Tuberculosis,Leukoencephalitis,Leishmaniasis | Melioidosis,high,0,0,"{""primary_diagnosis"": ""Leukoencephalitis"", ""confidence"": ""high"", ""differential_diagnoses"": [""Leishmaniasis"", ""Melioidosis""], ""key_clinical_clues"": [""Bilateral anterior and medial thalami ischemic lesions extended to internal globus pallidus and subthalamic nucleus with hypothalamic enhancement on MRI"", ""Lymphocytic pleocytosis in CSF with protein concentration up to 0.97g/l and glucose at 1.6mmol/l (CSF/blood glucose < 0.5)"", ""Hypodense centers evoking caseous necrosis on thoracic CT scan""]}"
PMC6713851_01,Cholera,Melioidosis,Cholera | Scabies,high,0,1,"{""primary_diagnosis"": ""Melioidosis"", ""confidence"": ""high"", ""differential_diagnoses"": [""Cholera"", ""Scabies""], ""key_clinical_clues"": [""Severe dehydration, abdominal pain, and watery non-bloody diarrhoea"", ""Patient had a recent travel history to Pakistan, a country endemic for Melioidosis"", ""Patient's symptoms developed after arrival in Oman, suggesting a local acquisition of the infection""]}"
PMC6713851_02,Cholera,Schistosomiasis,Malaria | Soil-Transmitted Helminths,high,0,0,"{""primary_diagnosis"": ""Schistosomiasis"", ""confidence"": ""high"", ""differential_diagnoses"": [""Malaria"", ""Soil-Transmitted Helminths""], ""key_clinical_clues"": [""Frequent loose bowel movements and moderate to severe abdominal pain"", ""Patient's home visit was conducted after she had already sought medical consultation at a nearby health center"", ""Patient's symptoms improved after receiving supportive treatment at the health center""]}"
PMC6791407_01,Talaromycosis,Melioidosis,Paracoccidioidomycosis | Tuberculosis,high,0,0,"{""primary_diagnosis"": ""Melioidosis"", ""confidence"": ""high"", ""differential_diagnoses"": [""Paracoccidioidomycosis"", ""Tuberculosis""], ""key_clinical_clues"": [""Recurrent fever and pulmonary infiltrates with lymphadenopathy"", ""Positive blood [MASK] infection T cell spot test"", ""Mycobacterium avium isolated from lung biopsy and left cervical lymph node"", ""Multiple intracellular pathogen infections without HIV or immunodeficiency"", ""Increased IgG levels and polyclonal gammopathy""]}"
PMC6859027_01,Tuberculosis,Leishmaniasis,Malaria | Tuberculosis,high,0,1,"{""primary_diagnosis"": ""Leishmaniasis"", ""confidence"": ""high"", ""differential_diagnoses"": [""Malaria"", ""Tuberculosis""], ""key_clinical_clues"": [""Generalized tonic-clonic seizures with intracranial hypertension syndrome"", ""Cerebral MRI objectified necrotic nodules in left hemisphere with edema and meningeal granulations"", ""Microcytic hypochromic anemia and neutrophilic leukocytosis in the blood"", ""Hypoglycorrhachic lymphocytic meningitis in the cerebrospinal fluid (CSF)""]}"
PMC6859027_02,Tuberculosis,Melioidosis,Leishmaniasis | Tuberculosis,medium,0,1,"{""primary_diagnosis"": ""Melioidosis"", ""confidence"": ""medium"", ""differential_diagnoses"": [""Leishmaniasis"", ""Tuberculosis""], ""key_clinical_clues"": [""The patient's history of weight loss of 5kg, which is a common presentation in Melioidosis."", ""The presence of a cerebellar mass effect on MRI, which can be seen in Melioidosis, but also in other conditions like brain abscess or tumor."", ""The patient's age, as Melioidosis is more common in young children, aligns with the patient's age.""]}"
PMC6912930_01,Tuberculosis,Melioidosis,Leishmaniasis | Malaria,high,0,0,"{""primary_diagnosis"": ""Melioidosis"", ""confidence"": ""high"", ""differential_diagnoses"": [""Leishmaniasis"", ""Malaria""], ""key_clinical_clues"": [""The patient's age and the presence of a complex left ovarian cyst with ascites, peritoneal free fluid, and frozen pelvis, which are suggestive of a malignancy process."", ""The absence of fever, vaginal discharge, chronic cough, and significant weight loss, which are not typical for tropical diseases."", ""The presence of hepatosplenomegaly and bilateral inguinal lymphadenopathy, which are not typical for tropical diseases but can be seen in Melioidosis.""]}"
PMC6912930_02,Tuberculosis,Melioidosis,Leishmaniasis | Scabies,high,0,0,"{""primary_diagnosis"": ""Melioidosis"", ""confidence"": ""high"", ""differential_diagnoses"": [""Leishmaniasis"", ""Scabies""], ""key_clinical_clues"": [""Painful abdominal enlargement since the last year"", ""Marked weight loss"", ""Lower abdominal mass originating from pelvic cavity"", ""Cachexia with BMI of 15.8 kg/m2"", ""Massive adhesion of abdominal organs during surgery"", ""High CA-125 tumor marker""]}"
PMC7264046_01,Echinococcosis,Mycetoma,Paracoccidioidomycosis | Leprosy,high,0,0,"{""primary_diagnosis"": ""Mycetoma"", ""confidence"": ""high"", ""differential_diagnoses"": [""Paracoccidioidomycosis"", ""Leprosy""], ""key_clinical_clues"": [""The patient's history of daily contact with animals, including sheep, sheepdogs, donkeys, horses, and cats, which is a risk factor for mycetoma."", ""The presence of multiple liver cysts, which can be associated with mycetoma, especially in the context of animal exposure."", ""The patient's age and the presence of a painful mass in the right hypochondrium.""]}"
PMC7585787_01,Leishmaniasis,Paracoccidioidomycosis,Melioidosis | Leprosy,high,0,0,"{""primary_diagnosis"": ""Paracoccidioidomycosis"", ""confidence"": ""high"", ""differential_diagnoses"": [""Melioidosis"", ""Leprosy""], ""key_clinical_clues"": [""Multiple nodular lesions on the face, hands, and nose with a history of previous skin lesions and scars"", ""Presence of ulcers that have progressed to crusted, raised contours"", ""History of cutaneous lesions that have healed and left scars, followed by a different manifestation of papules"", ""Presence of amastigotes in skin sample, indicating a parasitic infection""]}"
PMC7669275_02,Paracoccidioidomycosis,Leprosy,Paracoccidioidomycosis | Melioidosis,high,0,1,"{""primary_diagnosis"": ""Leprosy"", ""confidence"": ""high"", ""differential_diagnoses"": [""Paracoccidioidomycosis"", ""Melioidosis""], ""key_clinical_clues"": [""History of prolonged exposure to wood dust and deforestation area, which is a risk factor for leprosy."", ""Presence of skin lesions that were healed, but with crepitations in both lungs, and a history of heavy smoking and alcohol consumption."", ""Lymphoplasmacytic infiltrates associated with bronchial and vascular remodeling on histological examination of tissues obtained by bronchoscopy.""]}"
PMC7821813_01,Tuberculosis,Leishmaniasis,Melioidosis | Tuberculosis,high,0,1,"{""primary_diagnosis"": ""Leishmaniasis"", ""confidence"": ""high"", ""differential_diagnoses"": [""Melioidosis"", ""Tuberculosis""], ""key_clinical_clues"": [""Cutaneous leishmaniasis is a less common paucibacillary form of cutaneous leishmaniasis caused by exogenous reinfection in sensitized people."", ""Inoculation occurs through wounds or blisters and only rarely from the patient's own sputum."", ""The diagnosis of cutaneous leishmaniasis is often difficult due to atypical clinical appearance of the lesion."", ""PCR is often used in clinical practice for determining cutaneous leishmaniasis, which is faster and more sensitive compared to culture.""]}"
PMC7821813_02,Tuberculosis,Paracoccidioidomycosis,Leprosy | Chronic Mycosis,high,0,0,"{""primary_diagnosis"": ""Paracoccidioidomycosis"", ""confidence"": ""high"", ""differential_diagnoses"": [""Leprosy"", ""Chronic Mycosis""], ""key_clinical_clues"": [""Long-standing history of raised red-purple rough spot on the right knee and reddish patches on the left foot for almost 20 years."", ""Lesion initially appeared as small and soft lumps, then elevated and grew larger, producing pus mixed with blood."", ""Crusting and bleeding upon minor trauma."", ""No history of cough, bloody cough, night sweats, weight loss, or immunization history."", ""Histopathological examination showed pseudoepitheliomatous hyperplasia of the epidermis and diffuse lymphocytic and neutrophil inflammation infiltrate in the superficial dermis.""]}"
PMC8415062_01,Malaria,Melioidosis,Cholera | Leptospirosis,high,0,0,"{""primary_diagnosis"": ""Melioidosis"", ""confidence"": ""high"", ""differential_diagnoses"": [""Cholera"", ""Leptospirosis""], ""key_clinical_clues"": [""The patient's history of working in the timber industry, which was known to be endemic for Melioidosis in the late 1980s and early 1990s."", ""The patient's history of working in the palm oil industry, which took him all over the east coast of Sabah, including Tawau, where Melioidosis is endemic."", ""The patient's history of having had a previous episode of [MASK] during his time working in the timber industry, which he cannot recall but which was treated at the hospital."", ""The patient's history of congestive cardiac failure, which is a risk factor for Melioidosis."", ""The patient's history of frequent exposure to the environment, including the Sg. Menteri area, which was experiencing an epidemic of [MASK].""]}"
PMC8494489_01,Leprosy,Neurocysticercosis,Malaria | Paracoccidioidomycosis,high,0,0,"{""primary_diagnosis"": ""Neurocysticercosis"", ""confidence"": ""high"", ""differential_diagnoses"": [""Malaria"", ""Paracoccidioidomycosis""], ""key_clinical_clues"": [""Chronic distal paresthesia and areas of reduced hair density"", ""Thermal anesthesia on the back and right leg"", ""Elevated serum amylase and lipase levels"", ""Parenchymal edema affecting the tail and body of the pancreas""]}"
PMC8635719_01,Leishmaniasis,Melioidosis,Leptospirosis | Paracoccidioidomycosis,high,0,0,"{""primary_diagnosis"": ""Melioidosis"", ""confidence"": ""high"", ""differential_diagnoses"": [""Leptospirosis"", ""Paracoccidioidomycosis""], ""key_clinical_clues"": [""Previous diagnosis of [MASK] (likely Melioidosis) with treatment history"", ""Splenomegaly and pancytopenia"", ""Abnormal liver function and coagulation function"", ""Negative PCR of bone marrow aspirate of [MASK]""]}"
PMC8635719_02,Leishmaniasis,Melioidosis,Leptospirosis | Scabies,high,0,0,"{""primary_diagnosis"": ""Melioidosis"", ""confidence"": ""high"", ""differential_diagnoses"": [""Leptospirosis"", ""Scabies""], ""key_clinical_clues"": [""History of esophageal cancer and surgical treatment"", ""History of picking Zanthoxylum seeds in Hancheng, China 8 years ago"", ""Splenomegaly and axillary and inguinal lymphadenopathy"", ""High levels of CRP and elevated liver enzyme levels"", ""Pancytopenia and abnormal coagulation""]}"
PMC8635719_03,Leishmaniasis,Melioidosis,Leptospirosis | Scabies,high,0,0,"{""primary_diagnosis"": ""Melioidosis"", ""confidence"": ""high"", ""differential_diagnoses"": [""Leptospirosis"", ""Scabies""], ""key_clinical_clues"": [""History of Zanthoxylum seeds ingestion"", ""Multiple skin petechiae"", ""Splenomegaly"", ""Elevated liver enzyme levels"", ""Pancytopenia"", ""Decreased creatinine levels with CRRT"", ""Gradual improvement in renal function with therapy"", ""No relapse observed during follow-up""]}"
PMC8635719_04,Leishmaniasis,Melioidosis,Paracoccidioidomycosis | Tuberculosis,high,0,0,"{""primary_diagnosis"": ""Melioidosis"", ""confidence"": ""high"", ""differential_diagnoses"": [""Paracoccidioidomycosis"", ""Tuberculosis""], ""key_clinical_clues"": [""3-week history of fever and pancytopenia"", ""Occupational history of coal mining in China"", ""Sporadic hemorrhagic spots on skin, palpable right-sided cervical lymphadenopathy, and splenomegaly"", ""Laboratory findings of pancytopenia, coagulation abnormalities, and elevated liver enzyme levels"", ""Aspirate containing hemophagocytic macrophages"", ""Elevated ferritin and soluble interleukin-2 receptor (sCD25) levels and absent natural killer (NK)-cell activity""]}"
PMC9075046_01,Echinococcosis,Melioidosis,Leptospirosis | Soil-Transmitted Helminths,high,0,0,"{""primary_diagnosis"": ""Melioidosis"", ""confidence"": ""high"", ""differential_diagnoses"": [""Leptospirosis"", ""Soil-Transmitted Helminths""], ""key_clinical_clues"": [""The patient's North African origin and the presence of a cystic liver lesion with a focal intrahepatic bile duct dilatation, which is suggestive of intrabiliary rupture of the cyst or direct compression of biliary branches."", ""The patient's symptoms of abdominal pain, fever, diarrhea, and dyspnea, which are consistent with melioidosis, a tropical disease often associated with soil exposure and characterized by a wide range of clinical manifestations including pneumonia, abscesses, and septicemia."", ""The presence of a right lower lobe opacity on the chest X-ray, which could be due to pneumonia, but the combination of the liver lesion and the respiratory symptoms points towards a systemic infection, such as melioidosis.""]}"
PMC9512064_01,Soil-Transmitted Helminths,Melioidosis,Leptospirosis | Tuberculosis,high,0,0,"{""primary_diagnosis"": ""Melioidosis"", ""confidence"": ""high"", ""differential_diagnoses"": [""Leptospirosis"", ""Tuberculosis""], ""key_clinical_clues"": [""The patient had a history of glucocorticoid and immunosuppressive drug use, which could predispose to melioidosis."", ""The patient presented with dyspnea, hoarseness, and various systemic symptoms such as anorexia, limb weakness, and difficulty in defecation."", ""The chest CT showed diffuse infectious lesions in both lungs, which is consistent with a pulmonary infection or abscess formation seen in melioidosis."", ""The abdominal CT showed intestinal wall edema and ascites, which could be indicative of disseminated melioidosis.""]}"
PMC9637879_01,Leishmaniasis,Paracoccidioidomycosis,Leprosy | Mycetoma,high,0,0,"{""primary_diagnosis"": ""Paracoccidioidomycosis"", ""confidence"": ""high"", ""differential_diagnoses"": [""Leprosy"", ""Mycetoma""], ""key_clinical_clues"": [""Painless, non-healing skin lesions on the right hand with satellite lesions and firm, painless subcutaneous nodules"", ""History of contact eczema and previous antibiotic and antiseptic treatments without improvement"", ""Extension of lesions leading to lymphatic drainage to the elbow joint""]}"
PMC9643409_01,Echinococcosis,Paracoccidioidomycosis,Melioidosis | Leprosy,high,0,0,"{""primary_diagnosis"": ""Paracoccidioidomycosis"", ""confidence"": ""high"", ""differential_diagnoses"": [""Melioidosis"", ""Leprosy""], ""key_clinical_clues"": [""The presence of cystic lesions without calcification or infiltration on the CT scan"", ""The exophytic development of one of the cystic lesions"", ""The association with a second cystic lesion in the posterior and lateral sides of the psoas muscle""]}"
PMC9795171_01,Echinococcosis,Paracoccidioidomycosis,Leprosy | Mycetoma,high,0,0,"{""primary_diagnosis"": ""Paracoccidioidomycosis"", ""confidence"": ""high"", ""differential_diagnoses"": [""Leprosy"", ""Mycetoma""], ""key_clinical_clues"": [""The patient's history of many dogs as pets, which is a risk factor for Paracoccidioidomycosis."", ""The presence of a cardiac cystic mass, which is a characteristic finding in Paracoccidioidomycosis."", ""The patient's eosinophilia and mild increase in liver enzymes, which are often seen in Paracoccidioidomycosis."", ""The presence of a cardiac cystic mass, which is a characteristic finding in Paracoccidioidomycosis.""]}"
PMC9930586_01,Tuberculosis,Leptospirosis,Melioidosis | Tuberculosis,high,0,1,"{""primary_diagnosis"": ""Leptospirosis"", ""confidence"": ""high"", ""differential_diagnoses"": [""Melioidosis"", ""Tuberculosis""], ""key_clinical_clues"": [""Left lung consolidation with segmental atelectasis, scattered calcifications in the left upper lobe, and multiple calcifications and enlargement of lymph nodes in the mediastinum and left hilar region on chest CT scan."", ""Severe scarring stenosis (grade III) on the left main bronchus with obstruction of the lumen."", ""History of fever, cough, and thick white mucus production.""]}"
PMC10298620_01,Leprosy,Paracoccidioidomycosis,Leprosy | Neurocysticercosis,high,0,1,"{""primary_diagnosis"": ""Paracoccidioidomycosis"", ""confidence"": ""high"", ""differential_diagnoses"": [""Leprosy"", ""Neurocysticercosis""], ""key_clinical_clues"": [""Multiple nodules over bilateral arms, face, left thigh, and bilateral soles for 1 year"", ""Presence of yellowish black crust over few of the chin nodules"", ""Positive ZN stain for atypical mycobacterial infection"", ""Positive family history in the father"", ""Subsidence of lesions after 1 month of follow-up""]}"
PMC10332771_01,Neurocysticercosis,Leukoencephalitis,Meningitis | Encephalitis,high,0,0,"{""primary_diagnosis"": ""Leukoencephalitis"", ""confidence"": ""high"", ""differential_diagnoses"": [""Meningitis"", ""Encephalitis""], ""key_clinical_clues"": [""History of seizures and recent hospitalization for seizures"", ""CT scan showing multiple cystic lesions with ring enhancement in the brain"", ""MRI redemonstrated three cystic lesions with ring enhancement"", ""Patient's history of emigration from Central America and recent hospitalization for seizures""]}"
PMC10499287_01,Mycetoma,Mycetoma,Paracoccidioidomycosis | Talaromycosis,high,1,1,"{""primary_diagnosis"": ""Mycetoma"", ""confidence"": ""high"", ""differential_diagnoses"": [""Paracoccidioidomycosis"", ""Talaromycosis""], ""key_clinical_clues"": [""The presence of multinucleated giant cells and black to grey coloured round-to-oval refractile materials suggestive of foreign body reaction and fungal elements."", ""The patient's history of a growth in the right lower jaw region for eight months, with a pedunculated base and involvement of the alveolus."", ""The presence of grains on histopathological examination, positive on periodic acid-Schiff staining and negative on gram staining.""]}"
PMC10550213_01,Mycetoma,Paracoccidioidomycosis,Leprosy | Mycetoma,high,0,1,"{""primary_diagnosis"": ""Paracoccidioidomycosis"", ""confidence"": ""high"", ""differential_diagnoses"": [""Leprosy"", ""Mycetoma""], ""key_clinical_clues"": [""Painful nodular lesions on the left foot following a traumatic injury"", ""Progressive purulent lesions with sanguinolent discharge, draining fistulas, and elimination of grains"", ""Histopathological evaluation revealing granulomas and fibrosis"", ""Multiple tissue cultures negative, suggesting a fungal or mycetoma-like condition""]}"
PMC10583546_01,Talaromycosis,Melioidosis,Paracoccidioidomycosis | Tuberculosis,high,0,0,"{""primary_diagnosis"": ""Melioidosis"", ""confidence"": ""high"", ""differential_diagnoses"": [""Paracoccidioidomycosis"", ""Tuberculosis""], ""key_clinical_clues"": [""The patient's history of swimming outdoors in August 2021, which is a known risk factor for melioidosis."", ""The presence of a large hilar lesion, multiple mediastinal lymph node enlargements, especially subcarinal lymphadenopathy, and local interlobular septal thickening and patchy high-density shadows in the left lung."", ""The presence of inflammatory granulation hyperplasia in the lamina propria of the bronchial mucosa with infiltration of lymphocytes, plasma cells, and neutrophils, which is consistent with the findings in melioidosis."", ""The patient's positive whole blood PCR for [MASK] gene, which is consistent with melioidosis."", ""The patient's positive anti-IFN-gamma autoantibodies, which is a known finding in melioidosis.""]}"
PMC10823326_01,Leishmaniasis,Leishmaniasis,Paracoccidioidomycosis | Melioidosis,high,1,1,"{""primary_diagnosis"": ""Leishmaniasis"", ""confidence"": ""high"", ""differential_diagnoses"": [""Paracoccidioidomycosis"", ""Melioidosis""], ""key_clinical_clues"": [""The patient's history of a slowly progressing, itchy, erythematous plaque over the upper lip area that has persisted for five years."", ""The patient's history of previous treatment with antifungal medications (fluconazole) that showed some improvement but not the anticipated improvement."", ""The patient's history of previous diagnosis of [MASK] (likely referring to leishmaniasis) and treatment with oral fluconazole.""]}"
PMC10927241_01,Echinococcosis,Melioidosis,Leishmaniasis | Malaria,high,0,0,"{""primary_diagnosis"": ""Melioidosis"", ""confidence"": ""high"", ""differential_diagnoses"": [""Leishmaniasis"", ""Malaria""], ""key_clinical_clues"": [""The patient's history of residing in Kashmir, a region known for melioidosis transmission."", ""The presence of a large solid-cystic intrahepatic lesion with curvilinear and nodular calcification on CECT."", ""The presence of necrotic lesions with central calcification on PET-CT.""]}"
PMC11087666_01,Malaria,Melioidosis,Leishmaniasis | Tuberculosis,high,0,0,"{""primary_diagnosis"": ""Melioidosis"", ""confidence"": ""high"", ""differential_diagnoses"": [""Leishmaniasis"", ""Tuberculosis""], ""key_clinical_clues"": [""History of multiple relapses of [MASK] (submicroscopic parasitemias) despite treatment"", ""Development of thrombocytopenia during second relapse"", ""Patient's history of living in the Brazilian Amazon, a known endemic area for Melioidosis""]}"
PMC11227676_01,Tuberculosis,Leprosy,Cholera | Melioidosis,high,0,0,"{""primary_diagnosis"": ""Leprosy"", ""confidence"": ""high"", ""differential_diagnoses"": [""Cholera"", ""Melioidosis""], ""key_clinical_clues"": [""Previous history of pulmonary [MASK] one year back"", ""Low Hb level (~10.5 gm/dL)"", ""Multiple contrast-filled outpouchings from branches of left pulmonary artery adjacent to fibrocavitary and fibro-bronchiectatic changes on CTA"", ""Pulmonary digital subtraction angiography (DSA) showing three contrast-filled outpouchings from branches of left pulmonary artery""]}"
PMC11682806_01,Leprosy,Leishmaniasis,Melioidosis | Tuberculosis,high,0,0,"{""primary_diagnosis"": ""Leishmaniasis"", ""confidence"": ""high"", ""differential_diagnoses"": [""Melioidosis"", ""Tuberculosis""], ""key_clinical_clues"": [""Multiple macules and patches with central clearance and erythematous borders on the right arm and shoulder"", ""Right knee pain and swelling"", ""Previous exposure to armadillos, the Eurasian red squirrel, and soil in a [MASK] area"", ""No travel history to a [MASK] area, no soil exposure, no contact with armadillos or squirrels, no contact with a person who had a confirmed case of [MASK]""]}"
PMC11787950_01,Echinococcosis,Leprosy,Paracoccidioidomycosis | Mycetoma,high,0,0,"{""primary_diagnosis"": ""Leprosy"", ""confidence"": ""high"", ""differential_diagnoses"": [""Paracoccidioidomycosis"", ""Mycetoma""], ""key_clinical_clues"": [""Patient from an endemic region (originating from an [MASK] region)"", ""Previous diagnosis of a [MASK] cold abscess in the psoas muscle"", ""Persistent abdominal pain and swelling, correlating with the progression of the lesion"", ""Multiloculated collection along the anterior aspect of the left psoas muscle, deep to its fascia"", ""Histopathological findings of multiple cysts with soft gelatinous greyish-white tissue""]}"
PMC12340403_01,Tuberculosis,Leishmaniasis,Malaria | Schistosomiasis,high,0,0,"{""primary_diagnosis"": ""Leishmaniasis"", ""confidence"": ""high"", ""differential_diagnoses"": [""Malaria"", ""Schistosomiasis""], ""key_clinical_clues"": [""Chronic pelvic pain and abnormal uterine bleeding"", ""Initial misdiagnosis as peritoneal carcinomatosis"", ""Overlap with advanced ovarian cancer in imaging findings""]}"
PMC1847505_01,Mycetoma,Melioidosis,Paracoccidioidomycosis | Leprosy,high,0,0,"{""primary_diagnosis"": ""Melioidosis"", ""confidence"": ""high"", ""differential_diagnoses"": [""Paracoccidioidomycosis"", ""Leprosy""], ""key_clinical_clues"": [""The patient's abdominal swelling around a previous caesarian section scar, which has gradually increased in size for one year and became tense, increased in size, and very painful in the last 2 days."", ""The patient's history of no trauma or thorn prick injury to the site of the swelling."", ""The patient's provisional diagnosis of obstructed incisional hernia containing an omentocele, which was not confirmed during surgery."", ""The patient's histopathological examination revealing macroscopically 4 masses of soft tissue measuring 1, 2, 4.5, and 4 cm, which could be indicative of Melioidosis.""]}"
PMC3396855_01,Malaria,Melioidosis,Paracoccidioidomycosis | Tuberculosis,high,0,0,"{""primary_diagnosis"": ""Melioidosis"", ""confidence"": ""high"", ""differential_diagnoses"": [""Paracoccidioidomycosis"", ""Tuberculosis""], ""key_clinical_clues"": [""The patient presented with a 2-day history of fever and vomiting, followed by bloody stools and a reduced conscious level."", ""The patient had a large amount of blood-stained fluid in the peritoneum during exploratory laparotomy, which is a characteristic finding in Melioidosis."", ""The patient's clinical presentation, including the presence of a perforation in the duodenal wall, is consistent with a gastrointestinal involvement seen in Melioidosis.""]}"
PMC3459876_01,Dengue,Zika Virus,Dengue | Chikungunya,high,0,1,"{""primary_diagnosis"": ""Zika Virus"", ""confidence"": ""high"", ""differential_diagnoses"": [""Dengue"", ""Chikungunya""], ""key_clinical_clues"": [""The case-patient's workplace proximity to the RAAF base and the arrival of a C-130 aircraft from Bali just prior to the most likely date of acquisition."", ""Mosquito ecology and the possibility of an infected mosquito escaping from the aircraft."", ""The need for strict disinsection of overseas aircraft and monitoring of mosquito populations around ports of entry.""]}"
PMC3568890_01,Tuberculosis,Melioidosis,Tuberculosis | Leptospirosis,high,0,1,"{""primary_diagnosis"": ""Melioidosis"", ""confidence"": ""high"", ""differential_diagnoses"": [""Tuberculosis"", ""Leptospirosis""], ""key_clinical_clues"": [""The patient's history of recurrent cough with bloody sputum, fever, and generalized weight loss."", ""The patient's positive HIV status and the presence of hypopigmented spots."", ""The positive sputum AFB test and the patient's failure to respond to multidrug-resistant treatment."", ""The suggestive chest X-ray findings and the patient's response to treatment in the hospital.""]}"
PMC3573453_01,Tuberculosis,Neurocysticercosis,Paracoccidioidomycosis | Melioidosis,high,0,0,"{""primary_diagnosis"": ""Neurocysticercosis"", ""confidence"": ""high"", ""differential_diagnoses"": [""Paracoccidioidomycosis"", ""Melioidosis""], ""key_clinical_clues"": [""History of disseminated disease with MRI and urinary PCR reports"", ""Ulcers with violaceous, undermined edges"", ""Left-sided hip pain with micturition and urinary frequency complaints"", ""MRI showing altered signal around the left sacroiliac joint and a small collection adjacent to right ischial tuberosity"", ""Biopsy revealing perivascular lymphocytic infiltration with endothelial swelling and focal neutrophilic abscess""]}"
PMC3579065_03,Neurocysticercosis,Neurocysticercosis,Leprosy | Paracoccidioidomycosis,high,1,1,"{""primary_diagnosis"": ""Neurocysticercosis"", ""confidence"": ""high"", ""differential_diagnoses"": [""Leprosy"", ""Paracoccidioidomycosis""], ""key_clinical_clues"": [""Patient had a significant improvement in neurological status post-procedure and follow-up MRI showed no residual or recurrent cyst for 2 years.""]}"
PMC3579065_04,Neurocysticercosis,Neurocysticercosis,Leprosy | Paracoccidioidomycosis,high,1,1,"{""primary_diagnosis"": ""Neurocysticercosis"", ""confidence"": ""high"", ""differential_diagnoses"": [""Leprosy"", ""Paracoccidioidomycosis""], ""key_clinical_clues"": [""History of cyst removal and subsequent improvement"", ""No evidence of recurrence in 16 months follow-up""]}"
PMC3593509_01,Echinococcosis,Schistosomiasis,Malaria | Soil-Transmitted Helminths,high,0,0,"{""primary_diagnosis"": ""Schistosomiasis"", ""confidence"": ""high"", ""differential_diagnoses"": [""Malaria"", ""Soil-Transmitted Helminths""], ""key_clinical_clues"": [""Colicky abdominal pain for 10 years"", ""Passage of small, white grape-like structures in urine"", ""Compression of the left kidney by cysts with splitting of the pelvicalyceal system"", ""Multiseptate cyst in the left kidney"", ""Excretion of contrast was normal from both kidneys""]}"
PMC3919864_01,Tuberculosis,Melioidosis,Leptospirosis | Tuberculosis,high,0,1,"{""primary_diagnosis"": ""Melioidosis"", ""confidence"": ""high"", ""differential_diagnoses"": [""Leptospirosis"", ""Tuberculosis""], ""key_clinical_clues"": [""Multiple enlarged lymph nodes in the bilateral supraclavicular fossa, mediastinum and left hilus, with a maximum size of 3x4 cm"", ""Red granulomatous materials and white necrotic elements obstructing the left main bronchus and left lingular bronchus"", ""Positive AFB (acid-fast bacilli) test result was negative, but the patient had a history of travel to an endemic area for melioidosis"", ""Poor liver function and adverse reaction to antibiotics"", ""Presence of pulmonary nodules and lymphadenopathy""]}"
PMC3992805_01,Leishmaniasis,Paracoccidioidomycosis,Leprosy | Mycetoma,high,0,0,"{""primary_diagnosis"": ""Paracoccidioidomycosis"", ""confidence"": ""high"", ""differential_diagnoses"": [""Leprosy"", ""Mycetoma""], ""key_clinical_clues"": [""Multiple, diffuse, non-ulcerating, papulonodular skin lesions of size 2-18 mm on the limbs"", ""History of asymptomatic skin lesions over the limbs for 6 months"", ""No history of travel to endemic areas of [MASK]"", ""Mild lymphocytic and plasma cell infiltrate noted on skin biopsy""]}"
PMC3992805_02,Leishmaniasis,Leprosy,Paracoccidioidomycosis | Mycetoma,high,0,0,"{""primary_diagnosis"": ""Leprosy"", ""confidence"": ""high"", ""differential_diagnoses"": [""Paracoccidioidomycosis"", ""Mycetoma""], ""key_clinical_clues"": [""Multiple bilateral asymmetrical diffuse, papulonodular, non-itchy skin lesions of size 2-25 mm on the face, trunk and extremities"", ""Initial suspicion of histoplasmosis, but skin biopsy ruled it out"", ""Mild lymphocytic and plasma cell infiltrate noted on biopsy""]}"
PMC4005210_01,Scrub Typhus,Melioidosis,Tuberculosis | Leptospirosis,high,0,0,"{""primary_diagnosis"": ""Melioidosis"", ""confidence"": ""high"", ""differential_diagnoses"": [""Tuberculosis"", ""Leptospirosis""], ""key_clinical_clues"": [""Bilateral diffuse fluffy infiltrates on chest radiograph"", ""Hypotension despite fluid resuscitation"", ""Metabolic acidosis (pH 7.302)"", ""Severe respiratory failure requiring intubation and mechanical ventilation""]}"
PMC4005210_02,Scrub Typhus,Melioidosis,Pneumocystis pneumonia | Tuberculosis,high,0,0,"{""primary_diagnosis"": ""Melioidosis"", ""confidence"": ""high"", ""differential_diagnoses"": [""Pneumocystis pneumonia"", ""Tuberculosis""], ""key_clinical_clues"": [""Bilateral diffuse infiltrates on chest radiograph"", ""Acute onset of respiratory distress"", ""Metabolic acidosis on arterial blood gas analysis"", ""Multiorgan failure despite intensive supportive care"", ""Lymphohistiocytic vasculitis with perivascular collections and necrosis on eschar biopsy""]}"
PMC4150339_01,Echinococcosis|Tuberculosis,Leprosy,Paracoccidioidomycosis | Mycetoma,high,0,0,"{""primary_diagnosis"": ""Leprosy"", ""confidence"": ""high"", ""differential_diagnoses"": [""Paracoccidioidomycosis"", ""Mycetoma""], ""key_clinical_clues"": [""Multiple left axillary lymph nodes with discrete, firm, and mobile lymph nodes ranging in size from 0.8 to 2.0 cm, with pain in the largest one."", ""History of furuncles in the axilla preceding the lymph node enlargement."", ""Presence of histiocytes, eosinophils, and epithelioid cell granulomas in the lymph node aspirate, along with caseous necrosis."", ""Retrospectively given history of contact with a dog.""]}"
PMC4154285_01,Tuberculosis,Melioidosis,Tuberculosis | Leptospirosis,high,0,1,"{""primary_diagnosis"": ""Melioidosis"", ""confidence"": ""high"", ""differential_diagnoses"": [""Tuberculosis"", ""Leptospirosis""], ""key_clinical_clues"": [""Acute respiratory distress and worsening of symptoms in a patient with a history of silicosis and alveolar proteinosis"", ""Bilateral alveolar ground glass opacities and consolidations in the lungs, characteristic of silicoproteinosis"", ""Presence of alveolar macrophages in BAL, suggestive of infection"", ""Patient's history of sandblasting and potential exposure to soil"", ""Silicoproteinosis with progression noted on HRCT"", ""Multiple fevers and sweats during hospital stay""]}"
PMC4285239_01,Dengue,Dengue,Melioidosis | Leptospirosis,high,1,1,"{""primary_diagnosis"": ""Dengue"", ""confidence"": ""high"", ""differential_diagnoses"": [""Melioidosis"", ""Leptospirosis""], ""key_clinical_clues"": [""Severe headache, retro-orbital pain, and malaise"", ""Rapid onset of symptoms"", ""Papular erythematous rash on the anterior chest wall"", ""High fever (39.7 C) and severe headache"", ""Lymphadenopathy and pharyngeal swelling"", ""Widespread mosquito bites in late August"", ""Popularity of Yoyogi Park with international events in August 2014""]}"
PMC4329688_01,Dengue,Leukoencephalitis,Meningitis | Encephalitis,high,0,0,"{""primary_diagnosis"": ""Leukoencephalitis"", ""confidence"": ""high"", ""differential_diagnoses"": [""Meningitis"", ""Encephalitis""], ""key_clinical_clues"": [""History of fever, severe headache, and vomiting"", ""Seizures"", ""MRI showing multifocal T2-weighted and FLAIR hyperintensities in bilateral cerebral hemispheres"", ""Hemorrhages noted on repeat MRI"", ""Clinical improvement with conservative management""]}"
PMC4341258_01,Tuberculosis,Melioidosis,Paracoccidioidomycosis | Leprosy,high,0,0,"{""primary_diagnosis"": ""Melioidosis"", ""confidence"": ""high"", ""differential_diagnoses"": [""Paracoccidioidomycosis"", ""Leprosy""], ""key_clinical_clues"": [""The patient presented with a 4-month history of a 5 cm basicervical anterior swelling, lateralized to the right, associated with mild dysphagia."", ""The patient had a right lobectomy with difficulty due to necrotic destruction of the thyroid."", ""The patient's history and clinical presentation are consistent with a chronic granulomatous disease, such as Melioidosis, which can present with thyroid involvement and difficulty in surgical procedures.""]}"
PMC4534593_01,Amebiasis,Melioidosis,Scabies | Soil-Transmitted Helminths,high,0,0,"{""primary_diagnosis"": ""Melioidosis"", ""confidence"": ""high"", ""differential_diagnoses"": [""Scabies"", ""Soil-Transmitted Helminths""], ""key_clinical_clues"": [""The patient's history of recent travel to West Africa, which is endemic for Melioidosis."", ""The presence of a liver abscess, which is a known complication of Melioidosis."", ""The patient's history of chronic alcohol abuse, which is a risk factor for Melioidosis.""]}"
PMC4763575_01,Leprosy,Neurocysticercosis,Leishmaniasis | Malaria,high,0,0,"{""primary_diagnosis"": ""Neurocysticercosis"", ""confidence"": ""high"", ""differential_diagnoses"": [""Leishmaniasis"", ""Malaria""], ""key_clinical_clues"": [""The patient presented with weakness and numbness of the right hand, edematous reddish raised lesion on the inner aspect of the right hand, and pain on the right elbow and forearm."", ""The dermatological examination showed a single well-defined erythematous plaque with raised borders on the ulnar aspect of the right hand and distal forearm, extending to the palm."", ""Histopathological examination showed dermal edema, diffuse granulomas composed of Langhans type giant cells, surrounded by epithelioid cells, lymphocytes, multinucleated giant cells, and fibroblasts with perivascular lymphocytic infiltrate, consistent with Neurocysticercosis type 1."", ""The patient had a history of retroviral infection and disseminated [MASK] and was on [MASK] therapy followed by antiretroviral therapy (ART).""]}"
PMC5124455_01,Viral Hemorrhagic Fevers,Meningococcal Meningitis,Neurocysticercosis | Tuberculosis,high,0,0,"{""primary_diagnosis"": ""Meningococcal Meningitis"", ""confidence"": ""high"", ""differential_diagnoses"": [""Neurocysticercosis"", ""Tuberculosis""], ""key_clinical_clues"": [""High-grade fever, headache, neck stiffness, and positive Kernig's sign"", ""Leucocytosis with 85% lymphocytes in CSF"", ""Age of patient (20 years)""]}"
PMC5124455_02,Viral Hemorrhagic Fevers,Melioidosis,Leptospirosis | Malaria,high,0,0,"{""primary_diagnosis"": ""Melioidosis"", ""confidence"": ""high"", ""differential_diagnoses"": [""Leptospirosis"", ""Malaria""], ""key_clinical_clues"": [""History of fever, vomiting, and headache with associated neck stiffness and Kernig's sign"", ""Elevated white cell count in CSF with lymphocytes predominance"", ""Outbreak of fever in the patient's town of residence""]}"
PMC5124455_03,Viral Hemorrhagic Fevers,Melioidosis,Leptospirosis | Malaria,high,0,0,"{""primary_diagnosis"": ""Melioidosis"", ""confidence"": ""high"", ""differential_diagnoses"": [""Leptospirosis"", ""Malaria""], ""key_clinical_clues"": [""Acute illness with fever, chills, and rigors"", ""Headache with neck pain"", ""Positive Kernig's sign"", ""Moderate dehydration"", ""Elevated WBC count with marked lymphocytosis in CSF"", ""Tender hepatomegaly""]}"
PMC5124455_04,Viral Hemorrhagic Fevers,Melioidosis,Leptospirosis | Tuberculosis,high,0,0,"{""primary_diagnosis"": ""Melioidosis"", ""confidence"": ""high"", ""differential_diagnoses"": [""Leptospirosis"", ""Tuberculosis""], ""key_clinical_clues"": [""Patient's history of recurrent fever and headache with nuchal rigidity, which are common in melioidosis and leptospirosis."", ""The presence of nuchal rigidity and headache, which are not typically associated with tuberculosis but can be seen in melioidosis and leptospirosis."", ""The absence of typical tuberculosis findings such as cough, hemoptysis, and chest pain.""]}"
PMC5248410_01,Neurocysticercosis,Leukoencephalitis,Meningitis | Subarachnoid Hemorrhage,high,0,0,"{""primary_diagnosis"": ""Leukoencephalitis"", ""confidence"": ""high"", ""differential_diagnoses"": [""Meningitis"", ""Subarachnoid Hemorrhage""], ""key_clinical_clues"": [""Multiple central T2W hyperintense lesions in bilateral cerebral hemispheres involving frontotemporo-parietal occipital, basal ganglia, thalami, and bilateral cerebellar hemispheres"", ""Mild perilesional edema seen on MRI"", ""Calcification and diffusion-weighted images showing restriction in some lesions""]}"
PMC5438857_01,Soil-Transmitted Helminths,Melioidosis,Leptospirosis | Tuberculosis,high,0,0,"{""primary_diagnosis"": ""Melioidosis"", ""confidence"": ""high"", ""differential_diagnoses"": [""Leptospirosis"", ""Tuberculosis""], ""key_clinical_clues"": [""Abdominal pain, hematochezia, and diarrhea"", ""High leucocyte count and eosinophilia"", ""Inflammatory colonoscopy findings suggestive of ulcerative colitis"", ""Positive blood cultures for Gram-negative rods"", ""Patient's history of diabetes mellitus and rheumatoid arthritis""]}"
PMC5483369_01,Tuberculosis,Melioidosis,Leptospirosis | Tuberculosis,high,0,1,"{""primary_diagnosis"": ""Melioidosis"", ""confidence"": ""high"", ""differential_diagnoses"": [""Leptospirosis"", ""Tuberculosis""], ""key_clinical_clues"": [""Multiple mediastinal and mesenteric lymphadenopathies"", ""Segmental thickening of colic wall"", ""Moderate aortic insufficiency"", ""28 x 28 mm masse located at the anterior mitral valve"", ""Moderate aortic insufficiency"", ""Ascites""]}"
PMC5749200_01,Echinococcosis,Melioidosis,Cholera | Malaria,high,0,0,"{""primary_diagnosis"": ""Melioidosis"", ""confidence"": ""high"", ""differential_diagnoses"": [""Cholera"", ""Malaria""], ""key_clinical_clues"": [""The patient presented with pain in the right upper abdomen and right lower chest during inspiration for 4 months, which is suggestive of a chronic process."", ""The imaging findings of a multiloculated cyst in the liver with calcification and humping of the diaphragm are consistent with the imaging features of Melioidosis."", ""The patient's history and imaging findings are consistent with a WHO type 3B cyst, which is characteristic of Melioidosis.""]}"
PMC5779778_01,Echinococcosis,Melioidosis,Cholera | Leptospirosis,high,0,0,"{""primary_diagnosis"": ""Melioidosis"", ""confidence"": ""high"", ""differential_diagnoses"": [""Cholera"", ""Leptospirosis""], ""key_clinical_clues"": [""The patient's history of frequent business travels to endemic regions like Sichuan and Guangxi provinces for prolonged periods."", ""The presence of multiple milky white retroperitoneal masses on the left pelvic cavity during laparoscopic exploration."", ""The presence of a twisted milk white package that connected tightly and extended along the left external iliac artery toward the interior to the left ureter during surgery.""]}"
PMC5917533_01,Tuberculosis,Leprosy,Paracoccidioidomycosis | Melioidosis,high,0,0,"{""primary_diagnosis"": ""Leprosy"", ""confidence"": ""high"", ""differential_diagnoses"": [""Paracoccidioidomycosis"", ""Melioidosis""], ""key_clinical_clues"": [""Persistent hypercalcemia despite corticosteroid treatment"", ""Granulomas noted on skin, mediastinal, liver, and minor salivary gland biopsies"", ""Foci of lymphocytic infiltrate with polymorphonuclear neutrophils and epithelioid and giant cell granulomas in minor salivary gland biopsy"", ""No acid-alcohol-resistant bacilli (AARB) on Ziehl-Neelsen stain""]}"
PMC6131835_02,Scabies,Melioidosis,Cholera | Leptospirosis,high,0,0,"{""primary_diagnosis"": ""Melioidosis"", ""confidence"": ""high"", ""differential_diagnoses"": [""Cholera"", ""Leptospirosis""], ""key_clinical_clues"": [""The patient's history of malnutrition and respiratory distress, combined with his HIV status and malnutrition, suggest a severe underlying condition that could be melioidosis."", ""The patient's history of skin abscesses and his HIV status are consistent with the presentation of melioidosis, which can present with abscesses and is more common in immunocompromised individuals."", ""The patient's history of malnutrition and respiratory distress are also consistent with melioidosis, which can cause pneumonia and other systemic symptoms.""]}"
PMC6335926_01,Tuberculosis,Leptospirosis,Melioidosis | Tuberculosis,high,0,1,"{""primary_diagnosis"": ""Leptospirosis"", ""confidence"": ""high"", ""differential_diagnoses"": [""Melioidosis"", ""Tuberculosis""], ""key_clinical_clues"": [""Basal meningitis with [MASK] basal meningitis presentation"", ""Abducens nerve palsy"", ""Spinal tenderness at T 10-11"", ""History of fever and abdominal pain"", ""Endemic leptospirosis in the Democratic Republic of Congo""]}"
PMC6345088_01,Leprosy,Melioidosis,Paracoccidioidomycosis | Tuberculosis,high,0,0,"{""primary_diagnosis"": ""Melioidosis"", ""confidence"": ""high"", ""differential_diagnoses"": [""Paracoccidioidomycosis"", ""Tuberculosis""], ""key_clinical_clues"": [""Recent history of [MASK] diagnosis"", ""Central cyanosis and hypoxemia"", ""Dark-colored radial artery and venous blood"", ""Low oxygen saturation despite oxygen therapy"", ""No evidence of lung infection on sputum workup and chest X-ray""]}"
PMC6375019_01,Tuberculosis,Melioidosis,Paracoccidioidomycosis | Tuberculosis,high,0,1,"{""primary_diagnosis"": ""Melioidosis"", ""confidence"": ""high"", ""differential_diagnoses"": [""Paracoccidioidomycosis"", ""Tuberculosis""], ""key_clinical_clues"": [""Presence of necrosis with noncaseating granuloma containing Langhans giant cells in lymph nodes and multiple discrete and large nonconfluent granulomas in ileal mucosa"", ""Presence of hypercalcemia and high 1, 25-dihydroxyvitamin D levels"", ""Presence of acute severe pancreatitis and oliguric renal failure requiring dialysis""]}"
PMC6612987_01,Scrub Typhus,Melioidosis,Malaria | Leptospirosis,high,0,0,"{""primary_diagnosis"": ""Melioidosis"", ""confidence"": ""high"", ""differential_diagnoses"": [""Malaria"", ""Leptospirosis""], ""key_clinical_clues"": [""Multiple cholelithiasis with distended gallbladder"", ""Severe acute cholecystitis"", ""Oliguric renal failure"", ""Worsening metabolic acidosis"", ""Development of purpuric and maculopapular rashes"", ""Shift to intensive care unit for respiratory distress"", ""Positive ultrasonography findings for gallbladder pathology""]}"
PMC6679697_01,Zika Virus,Leishmaniasis,Melioidosis | Tuberculosis,high,0,0,"{""primary_diagnosis"": ""Leishmaniasis"", ""confidence"": ""high"", ""differential_diagnoses"": [""Melioidosis"", ""Tuberculosis""], ""key_clinical_clues"": [""Multiple congenital abnormalities in the fetus, including microcephaly and intracranial calcifications"", ""Pregnant woman presented with rash, arthralgia, headache, myalgia, and fever"", ""Ultrasonography showed asymmetric fetal growth, intracranial calcifications, and ventriculomegaly""]}"
PMC6679697_02,Zika Virus,Leishmaniasis,Melioidosis | Tuberculosis,high,0,0,"{""primary_diagnosis"": ""Leishmaniasis"", ""confidence"": ""high"", ""differential_diagnoses"": [""Melioidosis"", ""Tuberculosis""], ""key_clinical_clues"": [""Severe generalized itching and maculopapular rash"", ""Association with a [MASK] outbreak in Colombia"", ""Fetal ultrasonography showing abnormal intracranial ventricular dilatation and ventriculomegaly""]}"
PMC6735636_01,Schistosomiasis,Paracoccidioidomycosis,Melioidosis | Leprosy,high,0,0,"{""primary_diagnosis"": ""Paracoccidioidomycosis"", ""confidence"": ""high"", ""differential_diagnoses"": [""Melioidosis"", ""Leprosy""], ""key_clinical_clues"": [""The presence of granulomatous reaction with eosinophilic infiltration surrounding the eggs, miliary distribution of granulomas, and the presence of embryonated eggs in the gastrointestinal tract and other organs."", ""The presence of lymphadenomegaly with granulomatous reaction surrounding [MASK] eggs, which is characteristic of Paracoccidioidomycosis."", ""The presence of pulmonary nodules and cavities, which can be seen in Paracoccidioidomycosis, especially in the context of a patient with a history of abdominal symptoms and lymphadenopathy.""]}"
PMC6875249_01,Tuberculosis,Melioidosis,Leptospirosis | Malaria,high,0,0,"{""primary_diagnosis"": ""Melioidosis"", ""confidence"": ""high"", ""differential_diagnoses"": [""Leptospirosis"", ""Malaria""], ""key_clinical_clues"": [""The patient's history of fever, abdominal distention, and the presence of a right ovarian mass with peritoneal carcinomatosis on imaging."", ""The presence of peritoneal thickening and diffuse peritoneal fixation with hypermetabolism at the right ovary on PET/CT scan."", ""The elevated CA 125 level and the presence of mesenteric fat streaking on imaging.""]}"
PMC7102467_01,Malaria,Malaria,Schistosomiasis | Tuberculosis,high,1,1,"{""primary_diagnosis"": ""Malaria"", ""confidence"": ""high"", ""differential_diagnoses"": [""Schistosomiasis"", ""Tuberculosis""], ""key_clinical_clues"": [""Recent travel history to Nigeria"", ""Fever, myalgias, and body aches"", ""Parasitemia detected on blood smear"", ""Persistently rising parasitemia despite treatment"", ""Normal vital signs and physical examination findings""]}"
PMC7266615_01,Leishmaniasis,Melioidosis,Paracoccidioidomycosis | Scabies,high,0,0,"{""primary_diagnosis"": ""Melioidosis"", ""confidence"": ""high"", ""differential_diagnoses"": [""Paracoccidioidomycosis"", ""Scabies""], ""key_clinical_clues"": [""History of splenectomy and recurrent pancytopenia"", ""Mucocutaneous pallor, fever, dehydration, and splenomegaly"", ""High levels of ESR and CRP, suggestive of inflammation""]}"
PMC7266615_02,Leishmaniasis,Melioidosis,Leishmaniasis | Paracoccidioidomycosis,high,0,1,"{""primary_diagnosis"": ""Melioidosis"", ""confidence"": ""high"", ""differential_diagnoses"": [""Leishmaniasis"", ""Paracoccidioidomycosis""], ""key_clinical_clues"": [""History of recurrent pancytopenia and splenomegaly"", ""Previous hospitalizations for [MASK] treatment"", ""Splenectomy performed for splenomegaly"", ""Cholelithiasis identified and treated"", ""Normal hematological profile in outpatient follow-up""]}"
PMC8077677_01,Echinococcosis,Melioidosis,Cholera | Leptospirosis,high,0,0,"{""primary_diagnosis"": ""Melioidosis"", ""confidence"": ""high"", ""differential_diagnoses"": [""Cholera"", ""Leptospirosis""], ""key_clinical_clues"": [""The patient's history of contact with pet dogs, which is a known risk factor for melioidosis."", ""The presence of a complex cystic lesion in the left kidney, which is a radiological finding consistent with melioidosis."", ""The patient's vague, non-tender lump in the left hypochondrium, which could be a manifestation of melioidosis.""]}"
PMC8243228_01,Tuberculosis,Melioidosis,Leptospirosis | Malaria,high,0,0,"{""primary_diagnosis"": ""Melioidosis"", ""confidence"": ""high"", ""differential_diagnoses"": [""Leptospirosis"", ""Malaria""], ""key_clinical_clues"": [""Multiple nodular implants in spleen, gut, and peritoneal cavity on imaging studies"", ""Clinical presentation of severe abdominal pain, fever, and shock"", ""Hypotension and tachycardia at ICU admission""]}"
PMC8243228_02,Tuberculosis,Melioidosis,Leishmaniasis | Malaria,high,0,0,"{""primary_diagnosis"": ""Melioidosis"", ""confidence"": ""high"", ""differential_diagnoses"": [""Leishmaniasis"", ""Malaria""], ""key_clinical_clues"": [""The patient had a history of incarceration for almost two years, which is a risk factor for melioidosis."", ""The patient presented with fever, productive cough, abdominal pain, nausea, vomiting, and weight loss, which are common symptoms of melioidosis."", ""The patient had a positive intraoperative finding of multiple cerebroid nodules scattered through parietal and visceral peritoneum, small bowel, colon, and epiploon, which is suggestive of melioidosis."", ""The patient's clinical presentation, including the presence of pleural effusion and ascites, is consistent with melioidosis.""]}"
PMC8374937_02,Talaromycosis,Melioidosis,Leptospirosis | Tuberculosis,high,0,0,"{""primary_diagnosis"": ""Melioidosis"", ""confidence"": ""high"", ""differential_diagnoses"": [""Leptospirosis"", ""Tuberculosis""], ""key_clinical_clues"": [""Enlarged spleen with multiple low-density shadows, ascites, and cholecystitis on CT scan"", ""Moderate pericardial effusion on echocardiography"", ""Response to antifungal treatment (voriconazole) with improvement in body temperature and cough""]}"
PMC8374937_03,Talaromycosis,Melioidosis,Leptospirosis | Soil-Transmitted Helminths,high,0,0,"{""primary_diagnosis"": ""Melioidosis"", ""confidence"": ""high"", ""differential_diagnoses"": [""Leptospirosis"", ""Soil-Transmitted Helminths""], ""key_clinical_clues"": [""The patient developed painful, non-itchy umbilical fossa-like red blisters on the back, upper limbs, and chest, which progressed over two weeks."", ""Abdominal pain, tenderness, and free gas under the diaphragm on abdominal X-ray, with perforation of the small intestine during exploratory laparotomy."", ""Intestinal perforation with erosion, ulcers, and polypoid lesions were observed during the operation.""]}"
PMC9309810_01,Tuberculosis,Melioidosis,Leptospirosis | Tuberculosis,high,0,1,"{""primary_diagnosis"": ""Melioidosis"", ""confidence"": ""high"", ""differential_diagnoses"": [""Leptospirosis"", ""Tuberculosis""], ""key_clinical_clues"": [""Multiple miliary nodular lesions partially clustered and diffusely consolidated in both lungs on high-resolution computed tomography (CT)"", ""History of chronic hepatitis B, long-term oral antiviral treatment, and two induced abortions"", ""Presence of systemic skin rash and liver damage (alanine aminotransferase 143 U/L, total bilirubin 88 mumol/L)""]}"
PMC9393029_01,Amebiasis|Schistosomiasis,Scabies,Leprosy | Paracoccidioidomycosis,high,0,0,"{""primary_diagnosis"": ""Scabies"", ""confidence"": ""high"", ""differential_diagnoses"": [""Leprosy"", ""Paracoccidioidomycosis""], ""key_clinical_clues"": [""The patient had a self-limited itchy skin condition that resolved with medications provided at a local health center."", ""The patient had a history of swimming in a pond, which is a common source of scabies infection."", ""The patient's symptoms, including bloody diarrhea, vomiting, fever, chills, and arthralgia, are not typical for scabies but could be secondary to secondary bacterial infection or other underlying conditions.""]}"
PMC9533800_01,Tuberculosis,Melioidosis,Paracoccidioidomycosis | Tuberculosis,high,0,1,"{""primary_diagnosis"": ""Melioidosis"", ""confidence"": ""high"", ""differential_diagnoses"": [""Paracoccidioidomycosis"", ""Tuberculosis""], ""key_clinical_clues"": [""History of occupational exposure to [MASK] in Rwanda"", ""Exertional dyspnea, midepigastric pain, and high fevers"", ""CT chest showing diffuse ground-glass opacities, peri-pancreatic inflammation, and pleural effusion"", ""Right-sided thoracentesis with cytology negative exudative process"", ""Pleural fluid ADA within normal limits"", ""Positive SARS-CoV-2 PCR test initially, leading to consideration of COVID-19""]}"
PMC9816882_01,Tuberculosis,Leprosy,Paracoccidioidomycosis | Mycetoma,high,0,0,"{""primary_diagnosis"": ""Leprosy"", ""confidence"": ""high"", ""differential_diagnoses"": [""Paracoccidioidomycosis"", ""Mycetoma""], ""key_clinical_clues"": [""Axillary suppuration with recurrent abscessing, fistulization, and purulent flow for two years"", ""Ipsilateral lymphadenopathy"", ""Lesions of predominant folliculitis at the back, the trunk, and acne on the face"", ""No signs of malignancy in the surgical specimen""]}"
PMC10248429_01,Tuberculosis,Melioidosis,Leishmaniasis | Tuberculosis,medium,0,1,"{""primary_diagnosis"": ""Melioidosis"", ""confidence"": ""medium"", ""differential_diagnoses"": [""Leishmaniasis"", ""Tuberculosis""], ""key_clinical_clues"": [""The patient's history of smoking and the presence of a mixed-density mass in the left upper lobe of the lung with localized thinning of the left pulmonary artery, which could be indicative of a granulomatous process."", ""The presence of multiple small nodules and small patchy high-density shadows in the lower lobe of the left lung, which could suggest a fungal or granulomatous process."", ""The patient's history of cough, sputum, and breathlessness, which could be indicative of a respiratory infection or malignancy, but the presence of a mixed-density mass and lung nodules raises suspicion for a granulomatous process.""]}"
PMC10267541_02,Tuberculosis,Leprosy,Neurocysticercosis | Paracoccidioidomycosis,high,0,0,"{""primary_diagnosis"": ""Leprosy"", ""confidence"": ""high"", ""differential_diagnoses"": [""Neurocysticercosis"", ""Paracoccidioidomycosis""], ""key_clinical_clues"": [""Continuous irregular blood loss and lower abdominal pain during postpartum period"", ""Presence of granulomatous inflammation in the placental tissue"", ""Extrapulmonary granuloma in the left kidney confirmed by CT and PET-CT""]}"
PMC10321781_01,Echinococcosis,Melioidosis,Leishmaniasis | Malaria,high,0,0,"{""primary_diagnosis"": ""Melioidosis"", ""confidence"": ""high"", ""differential_diagnoses"": [""Leishmaniasis"", ""Malaria""], ""key_clinical_clues"": [""The patient's history of swelling in the face, which is not typical for the other tropical diseases listed."", ""The presence of a draining sinus with pus discharge, which is a characteristic finding in Melioidosis."", ""The presence of a well-defined radiolucency along the left mandibular ramus, which can be seen in Melioidosis involving bone."", ""The presence of a well-defined hyperechoic lesion in the right hepatic lobe, which is consistent with a granuloma seen in Melioidosis.""]}"
PMC10362657_01,Echinococcosis,Melioidosis,Leptospirosis | Malaria,high,0,0,"{""primary_diagnosis"": ""Melioidosis"", ""confidence"": ""high"", ""differential_diagnoses"": [""Leptospirosis"", ""Malaria""], ""key_clinical_clues"": [""Multiple well-defined hypodense lesions with mildly enhancing wall and internal septa noted in the left lung, liver, left adrenal gland, spleen, peritoneum with chest wall extension, suggestive of abscess formation."", ""Chronic smoker and farmer by occupation, which is a risk factor for Melioidosis."", ""Hoarseness of voice and blackish discoloration of right foot, which can be associated with Melioidosis.""]}"
PMC10839419_01,Echinococcosis,Paracoccidioidomycosis,Mycetoma | Echinococcosis,high,0,1,"{""primary_diagnosis"": ""Paracoccidioidomycosis"", ""confidence"": ""high"", ""differential_diagnoses"": [""Mycetoma"", ""Echinococcosis""], ""key_clinical_clues"": [""The patient presented with a gradually enlarging mass in the right gluteal area over three years."", ""The mass was nonpainful, noninflammatory, and had a cystic appearance on imaging."", ""The patient's serological test for [MASK] was positive, suggesting an infectious etiology.""]}"
PMC10846554_01,Trypanosomiasis,Melioidosis,Leptospirosis | Tuberculosis,high,0,0,"{""primary_diagnosis"": ""Melioidosis"", ""confidence"": ""high"", ""differential_diagnoses"": [""Leptospirosis"", ""Tuberculosis""], ""key_clinical_clues"": [""Bone lytic lesions and renal dysfunction"", ""Age of the patient (51 years)""]}"
PMC10846554_02,Trypanosomiasis,Melioidosis,Leishmaniasis | Tuberculosis,high,0,0,"{""primary_diagnosis"": ""Melioidosis"", ""confidence"": ""high"", ""differential_diagnoses"": [""Leishmaniasis"", ""Tuberculosis""], ""key_clinical_clues"": [""The patient's history of multiple lytic bone lesions and the presence of [MASK] (parasitemia) in the peripheral blood, which was not confirmed by direct microscopy."", ""The patient's history of transplant and the increase in parasitemia 28 months post-transplant, representing 10x the mean of three pre-transplant samples."", ""The patient's presentation of maculopapular rash, which is an adverse event of [MASK] (thalidomide).""]}"
PMC10846554_04,Trypanosomiasis,Melioidosis,Leishmaniasis | Tuberculosis,high,0,0,"{""primary_diagnosis"": ""Melioidosis"", ""confidence"": ""high"", ""differential_diagnoses"": [""Leishmaniasis"", ""Tuberculosis""], ""key_clinical_clues"": [""The patient's history of multiple lytic bone lesions in the spine, which can be associated with Melioidosis, especially in the context of immunosuppression due to MM treatment."", ""The patient's history of febrile neutropenia, which is a common presentation of Melioidosis, especially in immunocompromised patients.""]}"
PMC10846554_07,Trypanosomiasis,Melioidosis,Leishmaniasis | Tuberculosis,high,0,0,"{""primary_diagnosis"": ""Melioidosis"", ""confidence"": ""high"", ""differential_diagnoses"": [""Leishmaniasis"", ""Tuberculosis""], ""key_clinical_clues"": [""The patient's history of multiple bone lytic lesions and progression of multiple myeloma, which can be associated with bone metastasis or bone marrow infiltration."", ""The absence of typical symptoms of the other tropical diseases listed, such as fever, rash, or gastrointestinal symptoms."", ""The presence of parasitemia monitoring showing negative results up to October 2022, which is not consistent with parasitic infections.""]}"
PMC10846554_08,Trypanosomiasis,Leprosy,Melioidosis | Neurocysticercosis,high,0,0,"{""primary_diagnosis"": ""Leprosy"", ""confidence"": ""high"", ""differential_diagnoses"": [""Melioidosis"", ""Neurocysticercosis""], ""key_clinical_clues"": [""Multiple bone lesions (skull and vertebrae) with a history of MM treatment and lack of response to MM chemotherapy."", ""Lumbar and thoracic spine pain.""]}"
PMC10846554_09,Trypanosomiasis,Melioidosis,Leptospirosis | Malaria,high,0,0,"{""primary_diagnosis"": ""Melioidosis"", ""confidence"": ""high"", ""differential_diagnoses"": [""Leptospirosis"", ""Malaria""], ""key_clinical_clues"": [""Multiple myeloma with osteolytic lesions and weight loss"", ""Hospitalization due to disease progression with new bone lesion and abdominal distension"", ""Infectious complications during chemotherapy and myeloma treatment""]}"
PMC10896102_01,Talaromycosis,Melioidosis,Leishmaniasis | Tuberculosis,high,0,0,"{""primary_diagnosis"": ""Melioidosis"", ""confidence"": ""high"", ""differential_diagnoses"": [""Leishmaniasis"", ""Tuberculosis""], ""key_clinical_clues"": [""The patient's history of recent travel to Yunnan, South China, where melioidosis is endemic."", ""The presence of a brain mass with high-signal-density on MRI, which can be seen in melioidosis."", ""The patient's immunocompromised state due to HIV, which increases the risk of melioidosis.""]}"
PMC11068466_01,Tuberculosis,Neurocysticercosis,Schistosomiasis | Mycetoma,high,0,0,"{""primary_diagnosis"": ""Neurocysticercosis"", ""confidence"": ""high"", ""differential_diagnoses"": [""Schistosomiasis"", ""Mycetoma""], ""key_clinical_clues"": [""Multiple, hard, mobile, discrete, non-tender cervical lymph nodes with healed ulceration overlying skin"", ""Induration of 20mm on [MASK] skin test"", ""Fine needle aspiration cytology showing caseating granulomatous inflammation"", ""Biopsy from the overlying skin showing central necrosis with peripheral granuloma formation"", ""Cutaneous manifestation of [MASK], accounting for approximately 2% of extrapulmonary [MASK]"", ""Direct extent of disease from deep structures such as lymph node, joint, bone, or epididymis""]}"
PMC11122169_01,Leishmaniasis,Melioidosis,Paracoccidioidomycosis | Scabies,high,0,0,"{""primary_diagnosis"": ""Melioidosis"", ""confidence"": ""high"", ""differential_diagnoses"": [""Paracoccidioidomycosis"", ""Scabies""], ""key_clinical_clues"": [""Progressive enlargement of the spleen"", ""History of living in Yangquan, an area known for visceral [MASK]"", ""Positive HCV-Ab"", ""Presence of hyperpigmentation and scattered lesions on the skin"", ""Anemia and pancytopenia"", ""Presence of immunoglobulin IgG and positive anti-cardiolipin antibody IgG and IgM""]}"
PMC11178661_01,Echinococcosis,Melioidosis,Leptospirosis | Tuberculosis,high,0,0,"{""primary_diagnosis"": ""Melioidosis"", ""confidence"": ""high"", ""differential_diagnoses"": [""Leptospirosis"", ""Tuberculosis""], ""key_clinical_clues"": [""The patient has a salty taste of saliva, which is a known symptom of Melioidosis."", ""The patient has a history of cough, fever, and breathlessness for 3 months, which can be associated with Melioidosis, especially in endemic areas."", ""The liver is the most common site of infection in Melioidosis, which aligns with the patient's symptoms.""]}"
PMC11768316_01,Scrub Typhus,Scabies,Leprosy | Paracoccidioidomycosis,high,0,0,"{""primary_diagnosis"": ""Scabies"", ""confidence"": ""high"", ""differential_diagnoses"": [""Leprosy"", ""Paracoccidioidomycosis""], ""key_clinical_clues"": [""The patient had a generalized erythematous rash without infiltration on the face, trunk, and limbs."", ""The patient worked on a farm adjacent to her house in a forest area, which is a common habitat for mites that cause scabies."", ""The patient's symptoms, including fever, sore throat, and cough, are not typically associated with leprosy or Paracoccidioidomycosis.""]}"
PMC12178708_01,Amebiasis,Melioidosis,Cholera | Malaria,high,0,0,"{""primary_diagnosis"": ""Melioidosis"", ""confidence"": ""high"", ""differential_diagnoses"": [""Cholera"", ""Malaria""], ""key_clinical_clues"": [""History of diarrhea and abdominal pain two months prior to presentation, which resolved spontaneously."", ""Enhanced abdominal CT scan showing low-density areas in the right lobe of the liver with peripheral ring enhancement suggestive of an abscess."", ""Presence of pleuropulmonary involvement with abscess rupture into the pleural space on CT scans."", ""Positive mNGS results for [MASK] in both pleural and liver abscess drainage fluids.""]}"
PMC12745226_01,Tuberculosis,Melioidosis,Paracoccidioidomycosis | Leprosy,high,0,0,"{""primary_diagnosis"": ""Melioidosis"", ""confidence"": ""high"", ""differential_diagnoses"": [""Paracoccidioidomycosis"", ""Leprosy""], ""key_clinical_clues"": [""Left thoracic space-occupying lesion with calcifications and caseation necrosis on histopathology"", ""No history of [MASK] exposure"", ""Negative purified protein derivative (PPD) skin test result""]}"
PMC2827381_01,Tuberculosis,Leprosy,Neurocysticercosis | Mycetoma,high,0,0,"{""primary_diagnosis"": ""Leprosy"", ""confidence"": ""high"", ""differential_diagnoses"": [""Neurocysticercosis"", ""Mycetoma""], ""key_clinical_clues"": [""Proptosis in the left eye with limitation of extraocular movements, including adduction, dextro-elevation, and dextro-depression."", ""Left preauricular, submental, and cervical lymph node enlargement."", ""Positive [MASK] test showing induration and erythema of 15 x 15 mm in diameter.""]}"
PMC2909728_01,Paracoccidioidomycosis,Melioidosis,Leptospirosis | Paracoccidioidomycosis,high,0,1,"{""primary_diagnosis"": ""Melioidosis"", ""confidence"": ""high"", ""differential_diagnoses"": [""Leptospirosis"", ""Paracoccidioidomycosis""], ""key_clinical_clues"": [""Recurrent infections (not specified in the history but often associated with Melioidosis)"", ""Bloody mucous diarrhea with weight loss"", ""Abdominal pain and tenderness"", ""Incipient lower infiltrates on chest X-ray"", ""Multiple patchy exudative ulcers on colonoscopy"", ""Partial response to Amphotericin B, a treatment used for Melioidosis""]}"
PMC3201596_03,Echinococcosis,Melioidosis,Leishmaniasis | Scabies,high,0,0,"{""primary_diagnosis"": ""Melioidosis"", ""confidence"": ""high"", ""differential_diagnoses"": [""Leishmaniasis"", ""Scabies""], ""key_clinical_clues"": [""History of hepatic cysts and abdominal pain following an abdominal contusion"", ""Presence of hepatic and renal cysts"", ""Development of cutaneous rash and hypotension""]}"
PMC3201596_04,Echinococcosis,Leprosy,Melioidosis | Neurocysticercosis,medium,0,0,"{""primary_diagnosis"": ""Leprosy"", ""confidence"": ""medium"", ""differential_diagnoses"": [""Melioidosis"", ""Neurocysticercosis""], ""key_clinical_clues"": [""Left lumbar pain and hematuria"", ""Left lumbar mass confirmed by ultrasound and CT-scan of the abdomen"", ""Type 3 renal cyst""]}"
PMC3310273_04,Tuberculosis,Melioidosis,Leptospirosis | Soil-Transmitted Helminths,medium,0,0,"{""primary_diagnosis"": ""Melioidosis"", ""confidence"": ""medium"", ""differential_diagnoses"": [""Leptospirosis"", ""Soil-Transmitted Helminths""], ""key_clinical_clues"": [""Recent travel to a tropical region with soil exposure"", ""Presence of fever, chills, and cough"", ""Positive soil-transmitted helminth stool test""]}"
PMC3323263_01,Dengue,Zika Virus,Tropical Spotted Fever | Scabies,high,0,0,"{""primary_diagnosis"": ""Zika Virus"", ""confidence"": ""high"", ""differential_diagnoses"": [""Tropical Spotted Fever"", ""Scabies""], ""key_clinical_clues"": [""The nurse developed headache, myalgias, and arthralgias 4 days after the needlestick injury, which are common symptoms of Zika Virus infection."", ""The nurse had a macular rash on her trunk, which is a characteristic symptom of Zika Virus infection."", ""The nurse had a history of needlestick injury with a hollow needle used for drawing blood from the index patient, increasing the risk of exposure to [MASK] virus."", ""The nurse had no history of travel outside Germany and was not at high risk for other tropical diseases.""]}"
PMC3326964_01,Tuberculosis,Meningeal Tuberculoma,Tuberculosis | Lymphoma,high,0,1,"{""primary_diagnosis"": ""Meningeal Tuberculoma"", ""confidence"": ""high"", ""differential_diagnoses"": [""Tuberculosis"", ""Lymphoma""], ""key_clinical_clues"": [""Calcified mass in suprasellar region with perilesional edema and obstructive hydrocephalus"", ""History of contact with a sputum positive case of [MASK] (Meningeal Tuberculoma)"", ""Mild papilledema bilaterally, sixth cranial nerve weakness, and mild cerebral atrophy""]}"
PMC3361784_01,Dengue,Leukoencephalopathy,Leptospirosis | Melioidosis,high,0,0,"{""primary_diagnosis"": ""Leukoencephalopathy"", ""confidence"": ""high"", ""differential_diagnoses"": [""Leptospirosis"", ""Melioidosis""], ""key_clinical_clues"": [""Progressive weakness of all four limbs"", ""Diminished reflexes"", ""Normal neurological examination findings except for muscle power"", ""Normal ECG findings except for prominent U waves"", ""Normal blood investigations except for low serum potassium"", ""Normal imaging studies"", ""No history of recent illness, vaccination, or strenuous exercise""]}"
PMC3593512_01,Soil-Transmitted Helminths,Scabies,Paracoccidioidomycosis | Soil-Transmitted Helminths,low,0,1,"{""primary_diagnosis"": ""Scabies"", ""confidence"": ""low"", ""differential_diagnoses"": [""Paracoccidioidomycosis"", ""Soil-Transmitted Helminths""], ""key_clinical_clues"": [""The patient presented with excessive crying, bilious vomiting, and abdominal distension.""]}"
PMC3937491_01,Leprosy,Dengue,Leishmaniasis | Melioidosis,high,0,0,"{""primary_diagnosis"": ""Dengue"", ""confidence"": ""high"", ""differential_diagnoses"": [""Leishmaniasis"", ""Melioidosis""], ""key_clinical_clues"": [""History of sun exposure and joint pain"", ""Multiple erythematous plaques over the face and finger tips"", ""Erythema and tenderness over the finger tips"", ""History of oral ulcers""]}"
PMC4430140_01,Echinococcosis,Mycetoma,Paracoccidioidomycosis | Leprosy,high,0,0,"{""primary_diagnosis"": ""Mycetoma"", ""confidence"": ""high"", ""differential_diagnoses"": [""Paracoccidioidomycosis"", ""Leprosy""], ""key_clinical_clues"": [""The presence of a large hypoechoic cystic mass in the left ventricle with liquid content, consistent with a cardiac mycetoma."", ""The patient's history of living in rural areas, which is a risk factor for mycetoma."", ""The presence of a primitive intracavitary cardiac mass, which is characteristic of mycetoma.""]}"
PMC4468588_01,Echinococcosis,Leprosy,Paracoccidioidomycosis | Mycetoma,high,0,0,"{""primary_diagnosis"": ""Leprosy"", ""confidence"": ""high"", ""differential_diagnoses"": [""Paracoccidioidomycosis"", ""Mycetoma""], ""key_clinical_clues"": [""The patient had a history of trauma caused by a fall, which is a common risk factor for leprosy."", ""The patient presented with chest pain, respiratory distress, and a non-productive cough, which are symptoms consistent with leprosy."", ""The presence of a giant mediastinal cyst with mediastinal shift to the left is a characteristic finding in lepromatous leprosy.""]}"
PMC4489418_01,Tuberculosis,Melioidosis,Paracoccidioidomycosis | Leprosy,high,0,0,"{""primary_diagnosis"": ""Melioidosis"", ""confidence"": ""high"", ""differential_diagnoses"": [""Paracoccidioidomycosis"", ""Leprosy""], ""key_clinical_clues"": [""Multiple draining sinuses and abscesses over both thighs and buttocks"", ""Severe wasting of gluteal muscles and quadriceps"", ""Skin leathery and adherent to underlying tissues"", ""History of chronic alcoholism and intramuscular injection use"", ""Presence of necrotizing fasciitis and micro abscesses on histopathology"", ""Negative cultures for bacterial and fungal pathogens""]}"
PMC4677577_01,Tuberculosis,Leprosy,Neurocysticercosis | Paracoccidioidomycosis,high,0,0,"{""primary_diagnosis"": ""Leprosy"", ""confidence"": ""high"", ""differential_diagnoses"": [""Neurocysticercosis"", ""Paracoccidioidomycosis""], ""key_clinical_clues"": [""The patient's history of emigration from China and her husband's history of pulmonary [MASK] 30 years ago, which is suggestive of a [MASK] infection."", ""The presence of subcutaneous nodules that progressed from papules to nodules, which is characteristic of leprosy."", ""The presence of granulomas in the subcutaneous fat, which is a hallmark of leprosy."", ""The negative results for mycobacterial staining and culture of tissue for acid-fast bacilli (AFB), which rules out tuberculosis.""]}"
PMC4759996_01,Soil-Transmitted Helminths,Melioidosis,Malaria | Leptospirosis,high,0,0,"{""primary_diagnosis"": ""Melioidosis"", ""confidence"": ""high"", ""differential_diagnoses"": [""Malaria"", ""Leptospirosis""], ""key_clinical_clues"": [""Chronic liver disease due to autoimmune hepatitis"", ""Abdominal distension and tenderness"", ""Purpuric rashes over both lower limbs"", ""Worsening respiratory status and altered sensorium"", ""Bilateral fluffy alveolar opacities with infiltrates, left side consolidation and right homogenous opacities with ground glass appearance"", ""Bilateral pedal edema"", ""Low blood pressure (80/50 mm of Hg)"", ""Arterial blood gas revealing respiratory acidosis"", ""Cytologic examination of the bronchial wash and lavage showing benign respiratory epithelial cells, few polymorphs and histiocytes over hemorrhagic background"", ""Klebsiella pneumoniae growth in bronchoalveolar lavage culture"", ""Liver biopsy showing thrombi in dermal vessels with extravasation of red blood cells"", ""Postmortem liver biopsy features consistent with liver cirrhosis with features of sepsis""]}"
PMC4857688_01,Scabies,Leprosy,Paracoccidioidomycosis | Scabies,high,0,1,"{""primary_diagnosis"": ""Leprosy"", ""confidence"": ""high"", ""differential_diagnoses"": [""Paracoccidioidomycosis"", ""Scabies""], ""key_clinical_clues"": [""Generalized pruritus with night aggravation"", ""Multiple, firm, and discrete bilateral inguinal and axillary lymph nodes"", ""Diffuse scaling on the scalp, whitish plaque on buccal mucosa suggestive of oral candidiasis"", ""Bilateral multiple yellowish crusted plaques on the face, chest, back, abdomen, both upper limbs, and lower limbs including palms and soles"", ""Nails showed longitudinal ridging"", ""History of lymphadenitis treated with Cat-1 [MASK]"", ""Positive family history of similar symptoms""]}"
PMC5215530_01,Tuberculosis,Melioidosis,Paracoccidioidomycosis | Leprosy,high,0,0,"{""primary_diagnosis"": ""Melioidosis"", ""confidence"": ""high"", ""differential_diagnoses"": [""Paracoccidioidomycosis"", ""Leprosy""], ""key_clinical_clues"": [""Painless neck swelling with purulent discharging sinus over it"", ""Enlarged left lobe of thyroid with calcifications and necrosis"", ""Positive [MASK] test (likely indicating Melioidosis)""]}"
PMC5574469_01,Scrub Typhus,Melioidosis,Malaria | Leptospirosis,high,0,0,"{""primary_diagnosis"": ""Melioidosis"", ""confidence"": ""high"", ""differential_diagnoses"": [""Malaria"", ""Leptospirosis""], ""key_clinical_clues"": [""Travel history to rural areas in India (Kerala and Bangalore)"", ""Pancytopenia with elevated liver enzymes"", ""Cecal and terminal ileal bowel wall thickening with enlarged mesenteric lymph nodes on ultrasound""]}"
PMC5629881_01,Leptospirosis,Scabies,Leprosy | Paracoccidioidomycosis,high,0,0,"{""primary_diagnosis"": ""Scabies"", ""confidence"": ""high"", ""differential_diagnoses"": [""Leprosy"", ""Paracoccidioidomycosis""], ""key_clinical_clues"": [""The patient was a farmer handling soil, which is a common habitat for scabies mites."", ""The patient's symptoms included intense fatigue, fever, and abdominal pain, which are not typical for leprosy or paracoccidioidomycosis."", ""The patient's laboratory findings, such as leukocytosis, thrombocytopenia, and impaired renal and liver function, are more consistent with scabies infection."", ""The patient's history of handling soil and living in a rural area with high numbers of rodents supports the possibility of scabies infection.""]}"
PMC5987074_01,Tuberculosis,Melioidosis,Malaria | Leptospirosis,high,0,0,"{""primary_diagnosis"": ""Melioidosis"", ""confidence"": ""high"", ""differential_diagnoses"": [""Malaria"", ""Leptospirosis""], ""key_clinical_clues"": [""Left lower limb swelling with painful tenderness"", ""High ESR and CRP levels"", ""History of recent travel to endemic areas"", ""Presence of DVT and thrombocytopenia"", ""Severe pleuritic chest pain and hemoptysis""]}"
PMC6417330_01,Dengue,Melioidosis,Malaria | Leptospirosis,high,0,0,"{""primary_diagnosis"": ""Melioidosis"", ""confidence"": ""high"", ""differential_diagnoses"": [""Malaria"", ""Leptospirosis""], ""key_clinical_clues"": [""The patient had a history of recent transcranial surgery, which is a known risk factor for postoperative complications such as hematoma formation."", ""The patient developed a subgaleal and extradural hematoma (EDH) beneath the craniotomy site, which is a rare complication of surgery."", ""The patient's platelet count was alarmingly low, which is consistent with disseminated intravascular coagulation (DIC) seen in severe cases of Melioidosis."", ""The patient's symptoms, including the hematoma and the subsequent deterioration in consciousness, are consistent with a systemic infection such as Melioidosis.""]}"
PMC6417330_02,Dengue,Leptospirosis,Melioidosis | Tuberculosis,high,0,0,"{""primary_diagnosis"": ""Leptospirosis"", ""confidence"": ""high"", ""differential_diagnoses"": [""Melioidosis"", ""Tuberculosis""], ""key_clinical_clues"": [""The patient's young age and the presence of cerebellar infarcts and obstructive hydrocephalus, which are consistent with Leptospirosis."", ""The patient's altered sensorium and the presence of cerebellar involvement, which are also seen in Leptospirosis."", ""The patient's positive reaction to [MASK], which could indicate a positive serology for Leptospirosis.""]}"
PMC6417330_04,Dengue,Melioidosis,Leptospirosis | Tuberculosis,high,0,0,"{""primary_diagnosis"": ""Melioidosis"", ""confidence"": ""high"", ""differential_diagnoses"": [""Leptospirosis"", ""Tuberculosis""], ""key_clinical_clues"": [""Severe thrombocytopenia (platelet count 20,000/mm3)"", ""Diffuse patchy subarachnoid hemorrhages involving both cerebral hemispheres"", ""Subdural and intramedullary hematoma involving the thoracolumbar region"", ""Swollen spinal cord with underlying bluish blush of the hematoma"", ""Patient's age (82 years old)""]}"
PMC6526580_01,Leprosy,Melioidosis,Paracoccidioidomycosis | Scabies,high,0,0,"{""primary_diagnosis"": ""Melioidosis"", ""confidence"": ""high"", ""differential_diagnoses"": [""Paracoccidioidomycosis"", ""Scabies""], ""key_clinical_clues"": [""Severe cellulitis and formation of a deep-seated abscess in the submandibular region"", ""Drooling of saliva and difficulty in swallowing (dysphagia)"", ""Hypopigmented skin lesions with loss of thermal sensations (lichen planus-like lesions)"", ""Neutropenia with agranulocytosis on bone marrow examination""]}"
PMC6556212_01,Talaromycosis,Melioidosis,Leishmaniasis | Scabies,high,0,0,"{""primary_diagnosis"": ""Melioidosis"", ""confidence"": ""high"", ""differential_diagnoses"": [""Leishmaniasis"", ""Scabies""], ""key_clinical_clues"": [""The patient's history of AIDS and the presence of splenic abscess and extensive intra-abdominal lymphadenopathy on CT scan are suggestive of a disseminated infection."", ""The patient's presentation with abdominal pain, fever, and splenic abscess are consistent with melioidosis, a disease that can present with such symptoms in immunocompromised individuals."", ""The presence of lymphadenopathy and splenic abscess, along with the high serum galactomannan levels, supports the differential diagnosis of melioidosis.""]}"
PMC6694717_02,Tuberculosis,Leptospirosis,Melioidosis | Tuberculosis,high,0,1,"{""primary_diagnosis"": ""Leptospirosis"", ""confidence"": ""high"", ""differential_diagnoses"": [""Melioidosis"", ""Tuberculosis""], ""key_clinical_clues"": [""Deviation of the left side of the face and slurring of speech"", ""Chest X-ray showing features of pneumonia"", ""Cerebral spinal Fluid analysis showing elevated WBC and protein levels""]}"
PMC6754851_04,Tuberculosis,Leukemic Infiltration,Lymphoma | Mycetoma,high,0,0,"{""primary_diagnosis"": ""Leukemic Infiltration"", ""confidence"": ""high"", ""differential_diagnoses"": [""Lymphoma"", ""Mycetoma""], ""key_clinical_clues"": [""Unilateral lymphadenopathy with weight loss"", ""Nasopharyngeal tumor with retropharyngeal lymphadenopathies"", ""Clinical, endoscopic, and histological surveillance showing favorable evolution""]}"
PMC6837831_01,Amebiasis,Melioidosis,Cholera | Paracoccidioidomycosis,high,0,0,"{""primary_diagnosis"": ""Melioidosis"", ""confidence"": ""high"", ""differential_diagnoses"": [""Cholera"", ""Paracoccidioidomycosis""], ""key_clinical_clues"": [""The patient presented with a one-week history of progressive abdominal pain, abdominal distension, and watery and bloody diarrhea."", ""The patient had a high white cell count (34 x 10^9/L) and a low haemoglobin level (9 g/dL), which are common in severe infections."", ""The abdominal CT scan showed segments of grossly dilated large bowel with areas of thickening, deep ulceration, and contrast tracking deep within the bowel, suggesting colitis."", ""The patient's condition deteriorated and a post-colonoscopy perforation was suspected, which is consistent with severe infections like Melioidosis.""]}"
PMC7687509_01,Tuberculosis,Melioidosis,Leishmaniasis | Scabies,high,0,0,"{""primary_diagnosis"": ""Melioidosis"", ""confidence"": ""high"", ""differential_diagnoses"": [""Leishmaniasis"", ""Scabies""], ""key_clinical_clues"": [""The patient had edema on her lower limbs and stage 1 gluteal ulcers, which are consistent with the presentation of Melioidosis."", ""The patient's laboratory findings, including anemia, thrombocytopenia, and hyper-ferritinemia, are consistent with Melioidosis."", ""The patient's history of HIV infection and low CD4 T lymphocytes count, which can be seen in Melioidosis, is also consistent.""]}"
PMC8202357_01,Neurocysticercosis,Neurocysticercosis,Schistosomiasis | Malaria,high,1,1,"{""primary_diagnosis"": ""Neurocysticercosis"", ""confidence"": ""high"", ""differential_diagnoses"": [""Schistosomiasis"", ""Malaria""], ""key_clinical_clues"": [""The patient presented with rapid progressive loss of vision and headache, with MRI showing a well-defined lobulated cystic lesion in the suprasellar region."", ""The patient had increased serum prolactin and insulin-like growth factor 1 levels, which is consistent with pituitary involvement."", ""The presence of calcifications and cystic structures in the lesion, which is characteristic of Neurocysticercosis.""]}"
PMC8683165_01,Tuberculosis,Melioidosis,Leptospirosis | Malaria,high,0,0,"{""primary_diagnosis"": ""Melioidosis"", ""confidence"": ""high"", ""differential_diagnoses"": [""Leptospirosis"", ""Malaria""], ""key_clinical_clues"": [""Asymmetric circumferential thickening in the ileocaecal region with lobulated thickened caecum, soft-tissue stranding and necrotic mesenteric lymphadenopathy on CT scan of the abdomen and pelvis."", ""Multiple transverse ulcers with overlying exudates in terminal ileum and ascending and transverse colon on colonoscopy."", ""Patchy ulcers with exudates, granulation tissue, fibrosis, deep lymphoplasmocytic inflammation, and crypt regenerative changes with fibrinoid changes in scattered capillaries and venules on histopathological examination of the ileum and colon.""]}"
PMC9198831_01,Tuberculosis,Tuberculosis,Melioidosis | Leprosy,high,1,1,"{""primary_diagnosis"": ""Tuberculosis"", ""confidence"": ""high"", ""differential_diagnoses"": [""Melioidosis"", ""Leprosy""], ""key_clinical_clues"": [""Low back pain and radiating pain in the left lower limb"", ""Bone destruction and cold paravertebral abscess on both sides"", ""Thoracic aortic pseudoaneurysm with a breach on the lower portion of the descending aorta"", ""Multiple abscesses and abscess drainage"", ""No significant improvement in symptoms despite drainage and aneurysm repair""]}"
PMC9201408_01,Tuberculosis,Paracoccidioidomycosis,Melioidosis | Leprosy,high,0,0,"{""primary_diagnosis"": ""Paracoccidioidomycosis"", ""confidence"": ""high"", ""differential_diagnoses"": [""Melioidosis"", ""Leprosy""], ""key_clinical_clues"": [""Left arm pain and swelling, with skin perforation and discharge, and erosion of the distal cortex of the humerus and radial bone on radiographs."", ""Granulomatous inflammation with epithelioid tubercle nests and datia Langhans cells on histopathological examination."", ""History of seeking traditional massage therapy, which may have contributed to the infection.""]}"
PMC9447446_01,Tuberculosis,Leptospirosis,Melioidosis | Tuberculosis,high,0,1,"{""primary_diagnosis"": ""Leptospirosis"", ""confidence"": ""high"", ""differential_diagnoses"": [""Melioidosis"", ""Tuberculosis""], ""key_clinical_clues"": [""Multiple lymph node involvement with inflammatory necrosis and granulomatous formation on lymph node biopsy"", ""Fever, intermittent fever, and elevated PCT levels"", ""Presence of renal dysfunction and edema of the lower limbs"", ""History of kidney transplantation and recent hemodialysis""]}"
PMC9759007_07,Malaria,Malaria,Schistosomiasis | Soil-Transmitted Helminths,high,1,1,"{""primary_diagnosis"": ""Malaria"", ""confidence"": ""high"", ""differential_diagnoses"": [""Schistosomiasis"", ""Soil-Transmitted Helminths""], ""key_clinical_clues"": [""Recent history of weakness and reduced activity"", ""Pallor and respiratory distress"", ""Pulse rate of 168 b/min and respiratory rate of 42 b/min"", ""Hemoglobin level of 2.2 g/dL""]}"
PMC9922052_01,Leishmaniasis,Leprosy,Paracoccidioidomycosis | Mycetoma,high,0,0,"{""primary_diagnosis"": ""Leprosy"", ""confidence"": ""high"", ""differential_diagnoses"": [""Paracoccidioidomycosis"", ""Mycetoma""], ""key_clinical_clues"": [""Multiple hypo and hyperpigmented macular and maculopapular non-scaly skin lesions all over the body, mainly on the back of the chest and abdomen."", ""Left-sided upper abdominal lump, painless, causing a mild dragging sensation."", ""History of chronic hepatitis B and antiviral treatment with Entecavir.""]}"
PMC10122573_01,Leishmaniasis,Melioidosis,Cholera | Leptospirosis,high,0,0,"{""primary_diagnosis"": ""Melioidosis"", ""confidence"": ""high"", ""differential_diagnoses"": [""Cholera"", ""Leptospirosis""], ""key_clinical_clues"": [""The patient's history of intermittent bleeding per-rectum, associated cough, and fever, which are common symptoms of Melioidosis."", ""The presence of a perianal mass with active ulceration, which can be seen in Melioidosis, although it is not exclusive to this condition."", ""The splenic aspiration being negative for amastigotes, which is consistent with Melioidosis but not definitive.""]}"
PMC10122573_02,Leishmaniasis,Melioidosis,Leishmaniasis | Malaria,high,0,1,"{""primary_diagnosis"": ""Melioidosis"", ""confidence"": ""high"", ""differential_diagnoses"": [""Leishmaniasis"", ""Malaria""], ""key_clinical_clues"": [""The patient presented with a history of rectal bleeding, fever, weight loss, and stool incontinence over 7 months, associated with generalized body swelling for 2 months."", ""The abdominal CT scan showed a 4 cm long polypoid enhancing mass in the anorectal junction with adjacent nodular fat stranding in the mesorectum, and bilateral pleural effusion."", ""The patient had a history of a mass around his anus for 10 years, which he considered as hemorrhoids and was not treated medically."", ""The patient developed gastritis with intractable vomiting, severe hypokalemia, and elevated creatinine levels, which are common in severe cases of Melioidosis.""]}"
PMC10243522_01,Leishmaniasis,Melioidosis,Scabies | Soil-Transmitted Helminths,high,0,0,"{""primary_diagnosis"": ""Melioidosis"", ""confidence"": ""high"", ""differential_diagnoses"": [""Scabies"", ""Soil-Transmitted Helminths""], ""key_clinical_clues"": [""The patient's history of travel to endemic areas for Melioidosis in Southeastern Brazil (Sao Paulo and Minas Gerais States)."", ""The patient's symptoms of fever, arthralgia, malaise, and abdominal distension, which are common in Melioidosis."", ""The presence of pulmonary edema and suppurative pneumonia on chest tomography, which can be seen in Melioidosis, especially in the context of a severe systemic infection."", ""The patient's history of significant weight loss and cachexia, which can be associated with severe infections like Melioidosis.""]}"
PMC10367195_01,Tuberculosis,Melioidosis,Leptospirosis | Tuberculosis,high,0,1,"{""primary_diagnosis"": ""Melioidosis"", ""confidence"": ""high"", ""differential_diagnoses"": [""Leptospirosis"", ""Tuberculosis""], ""key_clinical_clues"": [""Mediastinal adenomegaly with lymph node clusters and alveolar consolidation in the lung, suggestive of a granulomatous process."", ""Caseous necrosis and lymphocytic inflammatory infiltrates in the para-aortic lymph node biopsy, which is characteristic of Melioidosis."", ""The patient's response to corticosteroids and azathioprine, which are commonly used in treating granulomatous conditions like Melioidosis, but not typically for Melioidosis itself.""]}"
PMC10440106_01,Dengue,Leptospirosis,Melioidosis | Tuberculosis,high,0,0,"{""primary_diagnosis"": ""Leptospirosis"", ""confidence"": ""high"", ""differential_diagnoses"": [""Melioidosis"", ""Tuberculosis""], ""key_clinical_clues"": [""The patient had a history of fever, severe body aches, and epistaxis 6 days prior to presentation."", ""The ECG showed complete AV dissociation and ST segment depressions, which can be seen in leptospirosis."", ""The patient's symptoms and ECG findings are consistent with a leptospirosis infection.""]}"
PMC10753637_01,Tuberculosis,Tuberculosis,Leprosy | Melioidosis,high,1,1,"{""primary_diagnosis"": ""Tuberculosis"", ""confidence"": ""high"", ""differential_diagnoses"": [""Leprosy"", ""Melioidosis""], ""key_clinical_clues"": [""Weight loss (20 kg) in the past 6 months"", ""Bone destruction and calcified paraspinal mass with compression on CT-cervical spine"", ""Destructive lesion in the odontoid process with pannus formation and involvement of the ligamentous complex on MRI of the cervical spine"", ""Type 2 diabetes mellitus (T2DM) at the time of present admission""]}"
PMC10768651_01,Tuberculosis,Melioidosis,Leptospirosis | Tuberculosis,high,0,1,"{""primary_diagnosis"": ""Melioidosis"", ""confidence"": ""high"", ""differential_diagnoses"": [""Leptospirosis"", ""Tuberculosis""], ""key_clinical_clues"": [""Severe gastrointestinal disorders (diarrhea, nausea, and unrelenting vomiting) with hemodynamic decompensation and signs of pre-shock"", ""Severe hyperglycemia, acute kidney injury, and severe leukocytosis"", ""Ulcerated lesions in the oral cavity"", ""Severe ulcerative esophagitis with whitish plaques in the esophagus compatible with esophageal candidiasis"", ""High fever, severe dyspnea, and neurological disorders requiring orotracheal intubation"", ""Death from septic shock resulting from a bacterial infection (probable vascular catheter focus)""]}"
PMC10784276_01,Leptospirosis,Melioidosis,Leptospirosis | Tuberculosis,high,0,1,"{""primary_diagnosis"": ""Melioidosis"", ""confidence"": ""high"", ""differential_diagnoses"": [""Leptospirosis"", ""Tuberculosis""], ""key_clinical_clues"": [""Lower limb weakness progressing from ankles to knees, leading to inability to walk"", ""Jaundice, dehydrated appearance, bicytopaenia (anaemia and thrombocytopenia), acute kidney injury, conjugated hyperbilirubinaemia, mild transaminitis"", ""Cerebrospinal fluid showing elevated protein and lymphocytes, negative cerebrospinal fluid cultures""]}"
PMC10838024_01,Malaria,Melioidosis,Leptospirosis | Malaria,high,0,1,"{""primary_diagnosis"": ""Melioidosis"", ""confidence"": ""high"", ""differential_diagnoses"": [""Leptospirosis"", ""Malaria""], ""key_clinical_clues"": [""The infant's mother had fever at delivery and on post-operative day one, then defervesced without antibiotics."", ""The infant presented with diarrhea, lethargy, and tachycardia, which are common symptoms of sepsis."", ""The infant's mother had a history of fever during pregnancy and was treated with [MASK] therapy in Nigeria.""]}"
PMC10846756_01,Tuberculosis,Mycetoma,Paracoccidioidomycosis | Talaromycosis,high,0,0,"{""primary_diagnosis"": ""Mycetoma"", ""confidence"": ""high"", ""differential_diagnoses"": [""Paracoccidioidomycosis"", ""Talaromycosis""], ""key_clinical_clues"": [""The patient presented with a large, fixed, and fluctuant swelling in the right upper anterior chest wall for three months."", ""The swelling was associated with pain, which was continuous and not associated with any aggravating or relieving factors."", ""The high-resolution ultrasonography and multidetector computed tomography of the chest showed an intramuscular heterogeneous collection with deep intrathoracic extension, abutting and compressing the anterior lung surface."", ""The patient's history and clinical presentation are consistent with Mycetoma, a chronic granulomatous disease characterized by the formation of a mass or nodule in the skin and subcutaneous tissues."", ""The differential diagnoses of Paracoccidioidomycosis and Talaromycosis are also supported by the imaging findings and the patient's clinical history.""]}"
PMC10854397_01,Echinococcosis,Melioidosis,Leishmaniasis | Scabies,high,0,0,"{""primary_diagnosis"": ""Melioidosis"", ""confidence"": ""high"", ""differential_diagnoses"": [""Leishmaniasis"", ""Scabies""], ""key_clinical_clues"": [""The patient is a 60-year-old female sheep herder from Eritrea, which is endemic for Melioidosis."", ""The patient presented with a painless left eye protrusion and progressive decreased vision, which can be associated with orbital involvement in Melioidosis."", ""The CT scan showed a well-defined thin-walled non-enhancing fluid density cystic mass in the left orbital cavity, which is suggestive of a cystic lesion."", ""The patient's history and clinical presentation are consistent with orbital involvement in Melioidosis, which can present with proptosis, papilledema, and cystic lesions.""]}"
PMC11021106_01,Echinococcosis,Mycetoma,Paracoccidioidomycosis | Leprosy,high,0,0,"{""primary_diagnosis"": ""Mycetoma"", ""confidence"": ""high"", ""differential_diagnoses"": [""Paracoccidioidomycosis"", ""Leprosy""], ""key_clinical_clues"": [""Solitary cystic lesion in the right temporal region extending into the temporal horn of the right lateral ventricle"", ""Adherence of the cyst's medial wall to the right tentorium cerebelli"", ""Diffuse non-specific cystic lesions in the liver and spleen, as well as numerous pulmonary nodules/cysts on CT scan""]}"
PMC11041532_01,Tuberculosis,Melioidosis,Leptospirosis | Tuberculosis,high,0,1,"{""primary_diagnosis"": ""Melioidosis"", ""confidence"": ""high"", ""differential_diagnoses"": [""Leptospirosis"", ""Tuberculosis""], ""key_clinical_clues"": [""Multiple lytic lesions of the axial and peripheral skeleton with cortical destruction"", ""Centrilobular small nodules, branching linear and nodular opacities forming a tree-in-bud appearance"", ""Clinical improvement and follow-up CT scan showing more condensed bone compared with the pretherapy pattern"", ""Positive sputum samples for acid-fast bacilli (AFB)""]}"
PMC11290868_01,Paracoccidioidomycosis,Melioidosis,Leishmaniasis | Tuberculosis,high,0,0,"{""primary_diagnosis"": ""Melioidosis"", ""confidence"": ""high"", ""differential_diagnoses"": [""Leishmaniasis"", ""Tuberculosis""], ""key_clinical_clues"": [""Progressive interscapular pain refractory to analgesics"", ""Weight loss of 7 kg in the previous 2 months"", ""Thoracic spinal radiographs showing T7 vertebral collapse and diffuse nodular pulmonary opacities"", ""Chest computed tomography revealing diffuse micronodular disease and vertebral collapse associated with signs of spondylodiscitis"", ""Active disease and immunosuppressive therapy as risk factors for infection in patients with SLE"", ""Osteoarticular involvement in [MASK] is unusual, mainly affecting the bones of the chest wall (ribs, sternum, scapula, and acromion)""]}"
PMC11334117_01,Tuberculosis,Melioidosis,Leptospirosis | Tuberculosis,high,0,1,"{""primary_diagnosis"": ""Melioidosis"", ""confidence"": ""high"", ""differential_diagnoses"": [""Leptospirosis"", ""Tuberculosis""], ""key_clinical_clues"": [""The patient presented with a painful and swollen right ankle, which on MRI showed narrowing of the tibiotalar joint space, destruction of cartilage, and bone involvement, which are consistent with septic arthritis."", ""The patient's clinical course included sepsis, encephalopathy, meningitis, and pulmonary embolism, which are known complications of Melioidosis."", ""The patient's history of travel to endemic areas and the presence of a chronic ulcer in the ankle are consistent with Melioidosis.""]}"
PMC11445011_01,Tuberculosis,Leptospirosis,Melioidosis | Tuberculosis,high,0,1,"{""primary_diagnosis"": ""Leptospirosis"", ""confidence"": ""high"", ""differential_diagnoses"": [""Melioidosis"", ""Tuberculosis""], ""key_clinical_clues"": [""The patient had a history of thermal annealing, which is a known risk factor for leptospirosis."", ""The patient presented with fever, headache, neck stiffness, and generalized myalgia, which are common symptoms of leptospirosis."", ""The patient's CSF showed elevated protein levels, which is consistent with leptospirosis."", ""The patient's neurological symptoms, including EEG abnormalities and CSF changes, are consistent with leptospirosis.""]}"
PMC11743283_01,Talaromycosis,Mycetoma,Paracoccidioidomycosis | Leprosy,high,0,0,"{""primary_diagnosis"": ""Mycetoma"", ""confidence"": ""high"", ""differential_diagnoses"": [""Paracoccidioidomycosis"", ""Leprosy""], ""key_clinical_clues"": [""Multiple lymphadenopathies in the left supraclavicular fossa and axillary regions"", ""Granulomatous structures with necrosis in the lymph node biopsy"", ""Disseminated lymphoma with co-infection""]}"
PMC11786606_01,Leprosy,Paracoccidioidomycosis,Leprosy | Mycetoma,high,0,1,"{""primary_diagnosis"": ""Paracoccidioidomycosis"", ""confidence"": ""high"", ""differential_diagnoses"": [""Leprosy"", ""Mycetoma""], ""key_clinical_clues"": [""Multiple paresis followed by contracture in fingers and toes over a period of 12 years, with a history of a neighbor with clawed hands."", ""Contractures in both hand's third, fourth, and fifth fingers, as well as hypothenar and thenar muscle atrophy."", ""Lower extremity injuries including amputation of the third left toe, contracture of the first right toe, and hypertrophic scar formation."", ""Mononeuritis multiplex as evidenced by nerve conduction studies (NCS) and histopathological nerve examination.""]}"
PMC11821501_01,Tuberculosis,Melioidosis,Leptospirosis | Tuberculosis,high,0,1,"{""primary_diagnosis"": ""Melioidosis"", ""confidence"": ""high"", ""differential_diagnoses"": [""Leptospirosis"", ""Tuberculosis""], ""key_clinical_clues"": [""The patient's history of exposure to [MASK] (drug-sensitive [MASK]) in her father's household, which is a known risk factor for melioidosis."", ""The presence of diffuse miliary changes on chest X-ray and micronodular changes on CT of the chest, which are characteristic of melioidosis."", ""The patient's history of fever, abdominal pain, and vaginal bleeding, which are common symptoms of melioidosis during pregnancy."", ""The patient's history of extensive vaginal bleeding during the termination of pregnancy, which could be a sign of disseminated melioidosis.""]}"
PMC12224322_01,Tuberculosis,,,unknown,1,0,"{""error"": """", ""primary_diagnosis"": """", ""differential_diagnoses"": []}"
PMC13006511_01,Neurocysticercosis,Neurocysticercosis,Tuberculosis | Malaria,high,1,1,"{""primary_diagnosis"": ""Neurocysticercosis"", ""confidence"": ""high"", ""differential_diagnoses"": [""Tuberculosis"", ""Malaria""], ""key_clinical_clues"": [""History of febrile illness three weeks prior to presentation, with whole-body jerking, upward eye-rolling, and frothy oral secretions, followed by transient confusion."", ""CT Brain showing a 3 mm cortical calcification with perilesional edema in the inferior posterior left frontal lobe."", ""MRI Brain showing a solitary ring-enhancing lesion with central calcification and mild perilesional edema in the left frontal region.""]}"
PMC2816346_01,Foodborne Trematodes,Melioidosis,Cholera | Leptospirosis,high,0,0,"{""primary_diagnosis"": ""Melioidosis"", ""confidence"": ""high"", ""differential_diagnoses"": [""Cholera"", ""Leptospirosis""], ""key_clinical_clues"": [""History of ingesting undercooked freshwater crabs"", ""Well-circumscribed nodule in the left upper lobe with clustered cysts on chest CT"", ""Cluster of small, rim-enhancing cysts at the subcapsular area of the segment VII on liver CT"", ""Cystic nature of the hepatic lesion on MRI"", ""Resolution of pulmonary nodules and disappearance of hepatic lesions after treatment""]}"
PMC3206365_01,Neurocysticercosis,Leishmaniasis,Malaria | Tuberculosis,medium,0,0,"{""primary_diagnosis"": ""Leishmaniasis"", ""confidence"": ""medium"", ""differential_diagnoses"": [""Malaria"", ""Tuberculosis""], ""key_clinical_clues"": [""The patient's history of travel to an endemic area for leishmaniasis, though not explicitly stated, is a key clue.""]}"
PMC3227237_01,Leishmaniasis,Trypanosomiasis,Paracoccidioidomycosis | Melioidosis,high,0,0,"{""primary_diagnosis"": ""Trypanosomiasis"", ""confidence"": ""high"", ""differential_diagnoses"": [""Paracoccidioidomycosis"", ""Melioidosis""], ""key_clinical_clues"": [""The patient's history of a healed ulcer at the age of 10 years, which is suggestive of [MASK]"", ""The presence of a cutaneous ulcer with raised borders in the site of [MASK] injection, which is typical of [MASK]"", ""The positive intradermal skin test reaction to [MASK]"", ""The histopathological analysis showing chronic perivascular inflammation with granuloma formation and the presence of inflammatory cells""]}"
PMC3253394_02,Tuberculosis,Melioidosis,Leptospirosis | Tuberculosis,high,0,1,"{""primary_diagnosis"": ""Melioidosis"", ""confidence"": ""high"", ""differential_diagnoses"": [""Leptospirosis"", ""Tuberculosis""], ""key_clinical_clues"": [""History of pneumonia and diabetes, which are risk factors for melioidosis."", ""Hemoptysis, which can be a symptom of melioidosis, especially in immunocompromised individuals."", ""The patient's recent embolization procedure and the presence of abnormal bronchial arteries, which could be related to vascular anomalies seen in melioidosis.""]}"
PMC3284420_01,Dengue,Leptospirosis,Melioidosis | Tuberculosis,high,0,0,"{""primary_diagnosis"": ""Leptospirosis"", ""confidence"": ""high"", ""differential_diagnoses"": [""Melioidosis"", ""Tuberculosis""], ""key_clinical_clues"": [""Severe myalgia, arthralgia, and headache"", ""Mild conjunctival injection but no conjunctival hemorrhages"", ""Mildly tender muscles"", ""Bilateral hypodense areas in cerebellum on CT scan"", ""Bilateral diffuse hyperintense areas in cerebellar hemispheres on MRI"", ""Positive for EBV IgM antibody"", ""Negative for other common causes of cerebellitis such as HSV, Japanese encephalitis, and HIV""]}"
PMC3323271_01,Viral Hemorrhagic Fevers,Melioidosis,Leptospirosis | Malaria,high,0,0,"{""primary_diagnosis"": ""Melioidosis"", ""confidence"": ""high"", ""differential_diagnoses"": [""Leptospirosis"", ""Malaria""], ""key_clinical_clues"": [""Fever, epistaxis, arthralgia, myalgia, dark urine, conjunctival jaundice, and vomiting blood"", ""Close proximity to goats and cattle, and presence of Amblyomma and Hyalomma ticks"", ""No tick bites found on the patient, but ticks were found on nearby cattle"", ""No clinical case of Melioidosis reported in Senegal, but virus has been found in the country""]}"
PMC3336218_01,Soil-Transmitted Helminths,Perforated Peptic Ulcer Disease,Melioidosis | Scabies,high,0,0,"{""primary_diagnosis"": ""Perforated Peptic Ulcer Disease"", ""confidence"": ""high"", ""differential_diagnoses"": [""Melioidosis"", ""Scabies""], ""key_clinical_clues"": [""Patient had a history of peptic ulcer disease and was on proton pump inhibitors for 3 years."", ""On physical examination, the patient had epigastric pain and nausea, and the laboratory findings showed elevated white blood cell count and elevated ESR."", ""Ultrasonography revealed free fluid in the abdomen, which is consistent with peritonitis."", ""The patient's condition improved after surgical intervention, which is consistent with perforated peptic ulcer disease.""]}"
PMC3343675_01,Tuberculosis,Leishmaniasis,Melioidosis | Tuberculosis,high,0,1,"{""primary_diagnosis"": ""Leishmaniasis"", ""confidence"": ""high"", ""differential_diagnoses"": [""Melioidosis"", ""Tuberculosis""], ""key_clinical_clues"": [""The patient is a postmenopausal woman from the Nigerian middle belt, which aligns with the ethnic group's reported infertility issues."", ""The presence of uterine adhesions, amenorrhea, and infertility in the patient's history is consistent with Leishmaniasis."", ""The rarity of this condition in the Pap smear series and the specific ethnic group's reported infertility issues.""]}"
PMC3375743_01,Foodborne Trematodes,Schistosomiasis,Amebiasis | Melioidosis,high,0,0,"{""primary_diagnosis"": ""Schistosomiasis"", ""confidence"": ""high"", ""differential_diagnoses"": [""Amebiasis"", ""Melioidosis""], ""key_clinical_clues"": [""History of eating raw watercress on riverside 3 months prior to admission"", ""Hypodense lesions in periportal areas of the liver on CT scan"", ""Hypereosinophilia with eosinophil count of 46% in peripheral blood smear""]}"
PMC3415050_01,Tuberculosis,Melioidosis,Paracoccidioidomycosis | Leprosy,high,0,0,"{""primary_diagnosis"": ""Melioidosis"", ""confidence"": ""high"", ""differential_diagnoses"": [""Paracoccidioidomycosis"", ""Leprosy""], ""key_clinical_clues"": [""Massive tumor of the right thigh with lumbar spine tenderness on examination"", ""Aspirated purulent fluid from the abscess"", ""Normal laboratory investigations except for elevated ESR""]}"
PMC3716239_01,Tuberculosis,Mycetoma,Paracoccidioidomycosis | Leprosy,high,0,0,"{""primary_diagnosis"": ""Mycetoma"", ""confidence"": ""high"", ""differential_diagnoses"": [""Paracoccidioidomycosis"", ""Leprosy""], ""key_clinical_clues"": [""Painless, gradually increasing swelling over anterior abdominal wall for the last three years"", ""Soft and cystic in consistency, extending from left hypochondrium above to the umbilicus below"", ""Mixed echogenicity on ultrasonography and CT scan, with peripheral enhancement"", ""Exclusion of multiple [MASK] cyst of anterior abdominal wall once indirect hemagglutination test was negative""]}"
PMC3730476_01,Tuberculosis,Melioidosis,Paracoccidioidomycosis | Scabies,high,0,0,"{""primary_diagnosis"": ""Melioidosis"", ""confidence"": ""high"", ""differential_diagnoses"": [""Paracoccidioidomycosis"", ""Scabies""], ""key_clinical_clues"": [""Multiple purplish and black colored skin lesions around the mouth and extremities"", ""Resolution of herpes zoster lesions"", ""History of pulmonary [MASK] reactivation"", ""Poor general condition and multiple ecchymotic patches"", ""Positive HIV antibodies""]}"
PMC3738493_02,Dengue,Melioidosis,Leptospirosis | Malaria,high,0,0,"{""primary_diagnosis"": ""Melioidosis"", ""confidence"": ""high"", ""differential_diagnoses"": [""Leptospirosis"", ""Malaria""], ""key_clinical_clues"": [""Patient had sickle cell anemia (SCA) and homozygosity for abnormal HbS (HbSS)"", ""Patient presented with fever, headache, retro-orbital pain, muscle ache, hematemesis, and epistaxis"", ""Patient had right upper-quadrant abdominal tenderness, hemodynamic instability, and MODS"", ""Patient had severe capillary leakage and anuria, leading to hypotension and abdominal bleeding"", ""Patient had sickle cell anemia, which is a known risk factor for severe melioidosis""]}"
PMC4759997_01,Dengue,Melioidosis,Malaria | Leptospirosis,high,0,0,"{""primary_diagnosis"": ""Melioidosis"", ""confidence"": ""high"", ""differential_diagnoses"": [""Malaria"", ""Leptospirosis""], ""key_clinical_clues"": [""Mild bilateral pleural effusion, mild ascites, mild hepatomegaly, and marginal splenomegaly on ultrasound"", ""Hypocellular bone marrow with increased macrophages and monocytes activity"", ""High serum ferritin levels (>2000 ng/ml)""]}"
PMC4761126_01,Tuberculosis,Melioidosis,Leptospirosis | Malaria,high,0,0,"{""primary_diagnosis"": ""Melioidosis"", ""confidence"": ""high"", ""differential_diagnoses"": [""Leptospirosis"", ""Malaria""], ""key_clinical_clues"": [""The patient's history of opium addiction and methadone use, combined with the presence of multiple peritoneal deposits and ovarian malignant mass, suggests a systemic infection."", ""The patient's presentation of abdominal pain, fever, and abnormal vaginal bleeding, along with the presence of ascites, is consistent with a severe systemic infection."", ""The presence of a malignant ovarian mass and multiple peritoneal deposits is a strong indicator of a severe and potentially life-threatening condition.""]}"
PMC5012831_01,Tuberculosis,Melioidosis,Leishmaniasis | Tuberculosis,high,0,1,"{""primary_diagnosis"": ""Melioidosis"", ""confidence"": ""high"", ""differential_diagnoses"": [""Leishmaniasis"", ""Tuberculosis""], ""key_clinical_clues"": [""CT scan of chest showing abscess formation and calcified shadow"", ""CT scan of sacroiliac joint showing obvious bone destruction"", ""MRI of spine showing areas of bone destruction in multiple vertebral bodies"", ""Patient's history of farmer, suggesting exposure to soil and water"", ""Patient's response to [MASK] therapy not subsiding and CT features of spinal [MASK] infection changing after 1 year""]}"
PMC5288886_01,Mycetoma,Melioidosis,Cholera | Leptospirosis,high,0,0,"{""primary_diagnosis"": ""Melioidosis"", ""confidence"": ""high"", ""differential_diagnoses"": [""Cholera"", ""Leptospirosis""], ""key_clinical_clues"": [""The patient had a history of chronic skin changes and abscesses on the right foot for 25 years."", ""The X-ray showed extensive destruction of the tarse, metatarse and phalanges, suggesting a chronic and destructive process."", ""The macroscopic evaluation found round cavities filled with yellowish crumbly material, which is consistent with the appearance of abscesses in Melioidosis.""]}"
PMC5340087_01,Tuberculosis,Melioidosis,Leptospirosis | Tuberculosis,high,0,1,"{""primary_diagnosis"": ""Melioidosis"", ""confidence"": ""high"", ""differential_diagnoses"": [""Leptospirosis"", ""Tuberculosis""], ""key_clinical_clues"": [""The patient's history of hysterectomy and the presence of multiple 18F-fluorodeoxyglucose (FDG) avid nodes in cervical, mediastinal and retroperitoneal region on PET scan suggestive of an inflammatory pathology or metastases."", ""The presence of a subretinal mass lesion with a yellowish white appearance, which is a characteristic feature of Melioidosis."", ""The patient's history of diminution of vision in the right eye, which could be due to the presence of a subretinal mass lesion.""]}"
PMC5445650_01,Paracoccidioidomycosis,Melioidosis,Leptospirosis | Tuberculosis,high,0,0,"{""primary_diagnosis"": ""Melioidosis"", ""confidence"": ""high"", ""differential_diagnoses"": [""Leptospirosis"", ""Tuberculosis""], ""key_clinical_clues"": [""History of rural work and exposure to soil and water"", ""Bilateral occipital headache"", ""Nodular hypodense lesion with ring enhancement and associated perilesional edema in the left cerebellar hemisphere"", ""Reticular opacities and poorly defined perihilar nodules on chest radiography"", ""Nonspecific reactive lymphadenopathy on fine needle aspiration of the lymph node""]}"
PMC5820895_01,Dengue,Melioidosis,Leptospirosis | Tuberculosis,high,0,0,"{""primary_diagnosis"": ""Melioidosis"", ""confidence"": ""high"", ""differential_diagnoses"": [""Leptospirosis"", ""Tuberculosis""], ""key_clinical_clues"": [""Severe systemic symptoms including fever, headache, myalgia, vomiting, and hematemesis"", ""Central nervous system involvement with seizures, altered mental status, and brain hemorrhage"", ""Coagulopathy and thrombocytopenia"", ""Brain imaging showing hemorrhagic changes and effacement of basal cisterns"", ""Patient's age and presentation suggestive of a tropical disease""]}"
PMC6016156_01,Tuberculosis,Melioidosis,Leishmaniasis | Malaria,high,0,0,"{""primary_diagnosis"": ""Melioidosis"", ""confidence"": ""high"", ""differential_diagnoses"": [""Leishmaniasis"", ""Malaria""], ""key_clinical_clues"": [""The patient's history of HIV and HCV coinfection, along with the presence of ulcerations in multiple gastrointestinal segments (esophagus, ileocecal valve, descending colon)."", ""The patient's symptoms of epigastric pain, hematochezia, and fever, which are consistent with gastrointestinal involvement in Melioidosis."", ""The presence of thrombocytopenia, neutrophilia, lymphopenia, anemia, microcytosis, and anisocytosis, which can be seen in severe infections like Melioidosis.""]}"
PMC6263537_01,Schistosomiasis,Paracoccidioidomycosis,Melioidosis | Leprosy,high,0,0,"{""primary_diagnosis"": ""Paracoccidioidomycosis"", ""confidence"": ""high"", ""differential_diagnoses"": [""Melioidosis"", ""Leprosy""], ""key_clinical_clues"": [""Granulomatous inflammatory reaction with epithelioid and gigantocellular granulomas"", ""History of travel to Mauritania, a known endemic area for Paracoccidioidomycosis"", ""Presence of eosinophilic polynuclear cells in the granulomas""]}"
PMC6304869_01,Tuberculosis,Melioidosis,Leishmaniasis | Tuberculosis,high,0,1,"{""primary_diagnosis"": ""Melioidosis"", ""confidence"": ""high"", ""differential_diagnoses"": [""Leishmaniasis"", ""Tuberculosis""], ""key_clinical_clues"": [""Recurrent fever and bilateral infiltrative shadows on chest X-ray"", ""Diffuse small granular shadows and fluid accumulations (abscess) around the lumbar vertebrae on whole-body CT"", ""High levels of neutrophil CD64"", ""Reactivation of [MASK] (likely referring to the skin test)"", ""Positive MRSA sputum culture""]}"
PMC6304869_02,Tuberculosis,Tuberculosis,Leishmaniasis | Melioidosis,high,1,1,"{""primary_diagnosis"": ""Tuberculosis"", ""confidence"": ""high"", ""differential_diagnoses"": [""Leishmaniasis"", ""Melioidosis""], ""key_clinical_clues"": [""Diffuse reticulonodular shadows in the lung fields on chest X-ray and CT scan suggestive of [MASK]"", ""Noncaseating epithelioid granuloma observed in bronchial and alveolar specimens through bronchoscopy"", ""Previous history of rheumatoid arthritis and treatment with anti-CD20 (ADA) which can predispose to tuberculosis""]}"
PMC6304869_03,Tuberculosis,Melioidosis,Leptospirosis | Tuberculosis,high,0,1,"{""primary_diagnosis"": ""Melioidosis"", ""confidence"": ""high"", ""differential_diagnoses"": [""Leptospirosis"", ""Tuberculosis""], ""key_clinical_clues"": [""RA patient with fever, headache, and malaise"", ""Persistent fever despite anti-inflammatory therapy"", ""Lumbar puncture showing elevated white blood cells and low glucose levels"", ""MRI showing pia-subarachnoid enhancement compatible with meningitis"", ""Acyclovir ineffective despite suspected viral meningitis""]}"
PMC6452622_01,Echinococcosis,Paracoccidioidomycosis,Mycetoma | Leprosy,high,0,0,"{""primary_diagnosis"": ""Paracoccidioidomycosis"", ""confidence"": ""high"", ""differential_diagnoses"": [""Mycetoma"", ""Leprosy""], ""key_clinical_clues"": [""The patient's history of exposure to sheep and dogs, which are known to be carriers of the fungus causing Paracoccidioidomycosis."", ""The presence of a palpable mass in the right arm that has been growing for six months, suggestive of a chronic infection."", ""The absence of constitutional symptoms such as fever, weight loss, or rashes, which is consistent with the chronic nature of Paracoccidioidomycosis.""]}"
PMC6589246_01,Tuberculosis,Melioidosis,Leptospirosis | Tuberculosis,high,0,1,"{""primary_diagnosis"": ""Melioidosis"", ""confidence"": ""high"", ""differential_diagnoses"": [""Leptospirosis"", ""Tuberculosis""], ""key_clinical_clues"": [""Multiple tiny nodules over bilateral lung fields with alveolar infiltration on chest X-ray and CT scan, suspected as pulmonary [MASK] with miliary [MASK]"", ""Disseminated [MASK] indicated by hepatosplenomegaly and lymphadenopathy over omentum plus mediastinum"", ""Severe septic shock with acute respiratory distress syndrome (ARDS)"", ""High ferritin and sIL-2 receptor levels, suspected Hemophagocytic Lymphohistiocytosis (HLH)""]}"
PMC6679641_01,Tuberculosis,Melioidosis,Paracoccidioidomycosis | Tuberculosis,high,0,1,"{""primary_diagnosis"": ""Melioidosis"", ""confidence"": ""high"", ""differential_diagnoses"": [""Paracoccidioidomycosis"", ""Tuberculosis""], ""key_clinical_clues"": [""Silicosis history and exposure"", ""Esophagobronchial fistula"", ""Broncholithiasis with calcium and phosphate composition"", ""Silicosis with esophagobronchial fistula and aspiration pneumonitis history"", ""Multiple calcified lymph nodes on CT""]}"
PMC7370326_01,Talaromycosis,Histoplasmosis,Mycetoma | Paracoccidioidomycosis,high,0,0,"{""primary_diagnosis"": ""Histoplasmosis"", ""confidence"": ""high"", ""differential_diagnoses"": [""Mycetoma"", ""Paracoccidioidomycosis""], ""key_clinical_clues"": [""Multiple segmental colon ulcers with granulomatous lesions without caseous necrosis"", ""Positive PAS and GMS staining in intestinal biopsy"", ""History of methamphetamine use""]}"
PMC7553599_01,Tuberculosis,Melioidosis,Tuberculosis | Leptospirosis,high,0,1,"{""primary_diagnosis"": ""Melioidosis"", ""confidence"": ""high"", ""differential_diagnoses"": [""Tuberculosis"", ""Leptospirosis""], ""key_clinical_clues"": [""The patient's history of chronic hypertension and previous cerebral infarction, which are risk factors for melioidosis."", ""The presence of pleural effusion, bilateral pulmonary inflammation, and the presence of lymphadenopathy, which are common in melioidosis."", ""The patient's presentation of chronic cough, dyspnea, and chest pain, which are consistent with melioidosis symptoms."", ""The presence of a 6.2cm dark fluid area in the right thoracic cavity, which is suggestive of pleural effusion."", ""The patient's elevated C-reactive protein levels, which are associated with pulmonary inflammation and could be indicative of melioidosis."", ""The patient's history of pleural effusion and the presence of pleural effusion, which is a hallmark of melioidosis.""]}"
PMC7670735_01,Leprosy|Trypanosomiasis,Zika Virus,Melioidosis | Leishmaniasis,high,0,0,"{""primary_diagnosis"": ""Zika Virus"", ""confidence"": ""high"", ""differential_diagnoses"": [""Melioidosis"", ""Leishmaniasis""], ""key_clinical_clues"": [""The patient presented with symptoms consistent with a viral infection (fatigue, odynophagia, anosmia, ageusia, and headache), which was confirmed by a positive RT-PCR for SARS-CoV-2."", ""The patient had a history of cardiac involvement and arrhythmia, which is not typically associated with Melioidosis or Leishmaniasis."", ""The patient's symptoms did not worsen, and she did not develop other symptoms associated with Melioidosis or Leishmaniasis.""]}"
PMC7906555_01,Scabies,Paracoccidioidomycosis,Leprosy | Scabies,high,0,1,"{""primary_diagnosis"": ""Paracoccidioidomycosis"", ""confidence"": ""high"", ""differential_diagnoses"": [""Leprosy"", ""Scabies""], ""key_clinical_clues"": [""Generalized pruritic vesiculopapular rashes spreading to the arms, trunk, groins and lower extremities"", ""Crusted papular rashes and excoriations on the distal left leg"", ""Black desquamating scaly papular lesion and a small healed ulcer on the distal left leg"", ""History of sharing bed with grandchildren who had similar rashes"", ""Persistent scratching leading to ulceration of the leg""]}"
PMC8022158_01,Foodborne Trematodes,Leishmaniasis,Melioidosis | Tuberculosis,high,0,0,"{""primary_diagnosis"": ""Leishmaniasis"", ""confidence"": ""high"", ""differential_diagnoses"": [""Melioidosis"", ""Tuberculosis""], ""key_clinical_clues"": [""History of eating freshwater crabs in Nepal, which is a known risk factor for Leishmaniasis."", ""Bilateral lower limb swelling and pericardial effusion with a predominantly lymphocytic effusion."", ""Presence of white pearly nodules on the parietal pleura and pericardium, suggestive of cutaneous and visceral leishmaniasis."", ""Positive [MASK] test, which is commonly used for diagnosing Leishmaniasis."", ""No positive cultures for [MASK] or [MASK], but histopathological examination of pleural and pericardial biopsies showed thickened and fibrotic pleura with clusters of inflammatory cells.""]}"
PMC8184239_01,Leprosy,Leprosy,Paracoccidioidomycosis | Melioidosis,high,1,1,"{""primary_diagnosis"": ""Leprosy"", ""confidence"": ""high"", ""differential_diagnoses"": [""Paracoccidioidomycosis"", ""Melioidosis""], ""key_clinical_clues"": [""Leonine facies and madarosis (leprosy)"", ""Hypesthetic hypopigmented macules on the right side of the back (leprosy)"", ""Swollen fingers and toes with osteolysis and destruction of phalanges (osteomyelitis)""]}"
PMC8292084_01,Schistosomiasis,Melioidosis,Malaria | Leptospirosis,high,0,0,"{""primary_diagnosis"": ""Melioidosis"", ""confidence"": ""high"", ""differential_diagnoses"": [""Malaria"", ""Leptospirosis""], ""key_clinical_clues"": [""The patient's history of diabetes and the presence of multiple gallstones with intrahepatic biliary dilatation and prominent common bile duct (CBD) are suggestive of gallbladder disease."", ""The development of a liver abscess, which is a known complication of Melioidosis, is a key finding."", ""The patient's presentation with epigastric and right upper abdominal pain, nausea, and vomiting, along with elevated liver enzymes and bilirubin levels, is consistent with gallbladder disease and abscess formation.""]}"
PMC8574110_01,Tuberculosis,Dengue,Malaria | Tuberculosis,high,0,1,"{""primary_diagnosis"": ""Dengue"", ""confidence"": ""high"", ""differential_diagnoses"": [""Malaria"", ""Tuberculosis""], ""key_clinical_clues"": [""The patient developed high fever, lymphadenopathy, and pruritic maculopapular eruption after 3 weeks of therapy, which are common symptoms of dengue."", ""The presence of eosinophilia and monocytosis in the peripheral blood, along with the elevated liver enzymes, are also seen in dengue."", ""The patient's history of therapy and the development of symptoms after 3 weeks suggest a recent exposure to a vector-borne disease.""]}"
PMC9396231_01,Echinococcosis,Melioidosis,Paracoccidioidomycosis | Tuberculosis,high,0,0,"{""primary_diagnosis"": ""Melioidosis"", ""confidence"": ""high"", ""differential_diagnoses"": [""Paracoccidioidomycosis"", ""Tuberculosis""], ""key_clinical_clues"": [""History of extensive exposure to indoor biomass fuel"", ""Multiple round cystic opacities on chest radiograph"", ""History of cough, productive of sputum, with haemoptysis and shortness of breath"", ""Weight loss, fever, chills, and night sweats"", ""Mild microcytic anaemia and elevated lactate dehydrogenase"", ""Normal liver enzymes, renal function, and international normalised ratio (INR)"", ""CT scan showing aspergillomas and cysts in the lungs and abdomen""]}"
PMC9720788_01,Echinococcosis,Melioidosis,Cholera | Leptospirosis,high,0,0,"{""primary_diagnosis"": ""Melioidosis"", ""confidence"": ""high"", ""differential_diagnoses"": [""Cholera"", ""Leptospirosis""], ""key_clinical_clues"": [""The patient's history of a [MASK] cyst surgery 6 years ago, which is a known risk factor for Melioidosis."", ""The presence of calcified granulomas in the liver, which can be seen in Melioidosis."", ""The patient's presentation of severe abdominal pain and ovarian torsion, which can be associated with Melioidosis in the context of a history of cyst surgery.""]}"
PMC9742681_01,Tuberculosis,Melioidosis,Leptospirosis | Tuberculosis,high,0,1,"{""primary_diagnosis"": ""Melioidosis"", ""confidence"": ""high"", ""differential_diagnoses"": [""Leptospirosis"", ""Tuberculosis""], ""key_clinical_clues"": [""Persistent fever over 4 years, weight loss, and abdominal distension"", ""Heterogeneous-appearing liver, splenomegaly, and large volume abdominal ascites"", ""Mixed portal inflammation and macrovesicular steatosis on liver biopsy"", ""Low serum albumin ascites gradient (SAAG) of 0.8 g/dL"", ""Elevated adenosine deaminase (ADA) in ascitic fluid (114.4 U/L)""]}"
PMC9843065_01,Tuberculosis,Leukemic Meningitis,Malaria | Neurocysticercosis,high,0,0,"{""primary_diagnosis"": ""Leukemic Meningitis"", ""confidence"": ""high"", ""differential_diagnoses"": [""Malaria"", ""Neurocysticercosis""], ""key_clinical_clues"": [""The patient's age and the presence of multiple infarctions and meningeal enhancement on MRI suggest a vascular cause, which is consistent with Leukemic Meningitis."", ""The presence of high mortality and neurologic sequelae, along with the typical MRI findings of meningeal enhancement and vasculitis-related infarction, supports the diagnosis of Leukemic Meningitis.""]}"
PMC9928219_01,Tuberculosis,Melioidosis,Paracoccidioidomycosis | Scabies,high,0,0,"{""primary_diagnosis"": ""Melioidosis"", ""confidence"": ""high"", ""differential_diagnoses"": [""Paracoccidioidomycosis"", ""Scabies""], ""key_clinical_clues"": [""The patient's history of emigration from Eritrea, a country endemic to Melioidosis."", ""The patient's history of chronic SI joint pain and subsequent fluid collections in the hip and thigh, which can be seen in Melioidosis."", ""The patient's presentation of multiple fluid collections, which is a characteristic finding in Melioidosis.""]}"
