case_id,ground_truth,predicted_primary,predicted_diffs,confidence,top1_acc,top3_acc,num_entities,num_relations,num_chunks,raw_response
PMC10071914_01,Scrub Typhus,Leptospirosis,Melioidosis | Tuberculosis,high,0,0,55,104,0,"{""primary_diagnosis"": ""Leptospirosis"", ""confidence"": ""high"", ""differential_diagnoses"": [""Melioidosis"", ""Tuberculosis""], ""key_evidence"": [""Doxycycline was administered as part of the combination antimalarial treatment."", ""Doxycycline therapy successfully cleared the infection and resolved symptoms within 3 to 4 days."", ""Moxifloxacin was administered as part of the empirical antimicrobial regimen for leptospirosis."", ""Omadacycline was administered as antimicrobial therapy against Leptospira interrogans.""]}"
PMC10348382_01,Echinococcosis,Echinococcosis,Schistosomiasis | Melioidosis,high,1,1,39,117,0,"{""primary_diagnosis"": ""Echinococcosis"", ""confidence"": ""high"", ""differential_diagnoses"": [""Schistosomiasis"", ""Melioidosis""], ""key_evidence"": [""The patient presented with a cardiac hydatid cyst, which is a rare cardiovascular manifestation of echinococcosis."", ""The echinococcosis presentation included a solitary intramyocardial hydatid cyst, which is consistent with the patient's echocardiogram findings."", ""The patient's history and clinical presentation, including the presence of a cardiac hydatid cyst, align with echinococcosis.""]}"
PMC10362915_01,Tuberculosis,Melioidosis,Paracoccidioidomycosis | Tuberculosis,high,0,1,41,107,0,"{""primary_diagnosis"": ""Melioidosis"", ""confidence"": ""high"", ""differential_diagnoses"": [""Paracoccidioidomycosis"", ""Tuberculosis""], ""key_evidence"": [""The patient had a history of systemic lupus erythematosus and lupus nephritis for 14 years, which predisposed the patient to opportunistic talaromycosis."", ""The patient's renal function deteriorated with elevated blood creatinine, and the presence of white blood cells and bacteria in the urine, suggesting a systemic infection."", ""The patient's presentation of recurrent urinary symptoms, renal impairment, and neurological symptoms including fever and unconsciousness, could be indicative of a systemic infection such as melioidosis.""]}"
PMC10703499_01,Tuberculosis,Tuberculosis,Paracoccidioidomycosis | Schistosomiasis,high,1,1,50,53,0,"{""primary_diagnosis"": ""Tuberculosis"", ""confidence"": ""high"", ""differential_diagnoses"": [""Paracoccidioidomycosis"", ""Schistosomiasis""], ""key_evidence"": [""Histopathology of resected tissue showed chronic granulomatous inflammatory process."", ""The patient had previously had severe hepatotoxicity, which is a known complication of tuberculosis."", ""The patient had a history of pleural effusion 20 years ago, which could be related to tuberculosis, given its pleural involvement."", ""The patient's testicular mass and epididymal involvement were consistent with tuberculous epididymoorchitis."", ""The patient's laboratory test results showed elevated liver enzymes, which is consistent with hepatotoxicity seen in tuberculosis."", ""The patient's testicular atrophy and fibrosis were consistent with chronic granulomatous inflammation, which is a hallmark of tuberculosis.""]}"
PMC10712253_01,Tuberculosis,Melioidosis,Tuberculosis | Leishmaniasis,high,0,1,42,134,0,"{""primary_diagnosis"": ""Melioidosis"", ""confidence"": ""high"", ""differential_diagnoses"": [""Tuberculosis"", ""Leishmaniasis""], ""key_evidence"": [""The patient's condition was previously misdiagnosed and treated as pulmonary tuberculosis."", ""The patient had a strong contact history with an adult who had confirmed pulmonary tuberculosis on [MASK] treatment."", ""The patient presented with cough and right anterior chest swelling of two-month duration associated with progressive weight loss and drenching night sweats."", ""The patient had multiple matted, non-tender lymphadenopathies on the submandibular, anterior cervical, axillary, and inguinal areas with no overlying skin change."", ""The patient had a 4cm x 3 cm anterior chest swelling which was fluctuant and non-tender on palpation."", ""The patient had a 13-year history of prior pulmonary tuberculosis."", ""The patient had a history of contact with an adult who had confirmed pulmonary tuberculosis on [MASK] treatment."", ""The patient had a history of contact with an adult who had confirmed pulmonary tuberculosis on [MASK] treatment."", ""The patient had a history of contact with an adult who had confirmed pulmonary tuberculosis on [MASK] treatment.""]}"
PMC10932498_01,Dengue,Tuberculosis,Leptospirosis | Melioidosis,high,0,0,47,129,0,"{""primary_diagnosis"": ""Tuberculosis"", ""confidence"": ""high"", ""differential_diagnoses"": [""Leptospirosis"", ""Melioidosis""], ""key_evidence"": [""High fever was a primary clinical manifestation of tuberculosis."", ""Tuberculosis manifested with persistent fever."", ""Tuberculous meningitis was confirmed by the use of high-dose dexamethasone as adjunctive anti-inflammatory therapy."", ""The patient developed sinus bradycardia, which is a known complication of tuberculosis."", ""The echocardiography showed reduced LV systolic function, which is consistent with cardiomyopathy associated with tuberculosis."", ""The patient's cardiac enzymes elevated with Troponin I and CKMB, which is consistent with myocarditis, a known complication of tuberculosis.""]}"
PMC10941984_01,Malaria,Malaria,Schistosomiasis | Leishmaniasis,high,1,1,47,44,0,"{""primary_diagnosis"": ""Malaria"", ""confidence"": ""high"", ""differential_diagnoses"": [""Schistosomiasis"", ""Leishmaniasis""], ""key_evidence"": [""The patient presented with severe anemia, which is a common complication of malaria. The patient's history of residing in multiple endemic regions for malaria (Cameroon, Uganda, and Burma Valley) further supports this diagnosis."", ""The patient's history of severe anemia and the presence of malaria parasites in the blood, despite a blood transfusion, suggests a parasitic cause for the anemia."", ""The patient's history of residing in endemic regions for schistosomiasis (Khuzestan Province, Jizan, Saudi Arabia) and leishmaniasis (Ravi river valley, Bidar, Karnataka) adds to the differential diagnoses.""]}"
PMC10949269_01,Malaria,Tuberculosis,Leishmaniasis | Melioidosis,high,0,0,52,169,0,"{""primary_diagnosis"": ""Tuberculosis"", ""confidence"": ""high"", ""differential_diagnoses"": [""Leishmaniasis"", ""Melioidosis""], ""key_evidence"": [""High fever was a primary clinical manifestation of tuberculosis (Tuberculosis)."", ""The patient had a history of fever, chills, and vomiting, which are common symptoms of tuberculosis."", ""The patient had a history of fever, which is a cardinal symptom of tuberculosis."", ""The patient had a history of fever, which is a common symptom of tuberculosis."", ""The patient had a history of fever, which is a common symptom of tuberculosis.""]}"
PMC11682786_01,Viral Hemorrhagic Fevers,Scrub Typhus,Melioidosis | Paracoccidioidomycosis,high,0,0,50,158,0,"{""primary_diagnosis"": ""Scrub Typhus"", ""confidence"": ""high"", ""differential_diagnoses"": [""Melioidosis"", ""Paracoccidioidomycosis""], ""key_evidence"": [""The patient had a periumbilical eschar and a petechial rash on his legs, which are characteristic findings in Scrub Typhus."", ""The patient's condition gradually worsened with multiple organ failure, which is consistent with severe Scrub Typhus."", ""The patient's history of tick bite exposure in a rural environment, coupled with the presence of a periumbilical eschar and petechial rash, supports the diagnosis of Scrub Typhus.""]}"
PMC11682824_01,Malaria,Scrub Typhus,Melioidosis | Paracoccidioidomycosis,high,0,0,51,64,0,"{""primary_diagnosis"": ""Scrub Typhus"", ""confidence"": ""high"", ""differential_diagnoses"": [""Melioidosis"", ""Paracoccidioidomycosis""], ""key_evidence"": [""The patient had a history of travel to Grande Comore Island, where scrub typhus is endemic."", ""PCR testing on Grande Comore Island showed nearly all (98.11%) samples were positive for Orientia tsutsugamushi, the causative agent of scrub typhus."", ""The patient presented with symptoms consistent with scrub typhus, including fever, myalgias, arthralgias, and a rash, which is a hallmark sign of scrub typhus."", ""The patient's recent travel history to Grande Comore Island, where scrub typhus is endemic, is a strong epidemiological risk factor for scrub typhus infection.""]}"
PMC11770496_01,Tuberculosis,Tuberculosis,Melioidosis | Amebiasis,high,1,1,41,167,0,"{""primary_diagnosis"": ""Tuberculosis"", ""confidence"": ""high"", ""differential_diagnoses"": [""Melioidosis"", ""Amebiasis""], ""key_evidence"": [""The patient presented with a large, non-tender, mobile, non-inflammatory mass in the right flank (Fig. 1), suggestive of a retroperitoneal abscess."", ""The patient had a large bilateral psoas abscess, which is a common finding in spinal tuberculosis."", ""The patient had a history of low back pain, which is a symptom of spinal tuberculosis."", ""The patient had a retroperitoneal fluid sample that revealed yellow citrine fluid, which is consistent with a cold abscess in spinal tuberculosis."", ""The patient had a history of weight loss, which is a constitutional symptom of tuberculosis."", ""The patient had a history of inflammatory markers, which is consistent with an active inflammatory response in tuberculosis."", ""The patient had a history of spinal mri, which confirmed the presence of vertebral bony destruction, paraspinal abscess, and subsequent complications."", ""The patient had a history of spondylodiscitis involving the L1-L2 vertebrae, which is a form of spinal tuberculosis."", ""The patient had a history of bilateral psoas abscess, which is a common finding in spinal tuberculosis."", ""The patient had a history of lumbar kyphosis, bone lysis, and osteosclerosis, which are findings consistent with spinal tuberculosis.""]}"
PMC11806386_01,Melioidosis,Tuberculosis,Melioidosis | Leishmaniasis,high,0,1,47,57,0,"{""primary_diagnosis"": ""Tuberculosis"", ""confidence"": ""high"", ""differential_diagnoses"": [""Melioidosis"", ""Leishmaniasis""], ""key_evidence"": [""The patient presented with a four-week history of fever, lower back pain, and reduced appetite, which are common symptoms of tuberculosis."", ""The patient had a history of poorly controlled diabetes mellitus, which is a risk factor for tuberculosis."", ""The patient had a history of aortic pseudoaneurysm, which can be a complication of disseminated tuberculosis."", ""The patient had a history of aortic aneurysm rupture, which is consistent with a ruptured tuberculous aortic aneurysm."", ""The patient had a history of spinal tuberculosis, which can cause severe back pain and lead to aneurysm formation."", ""The patient had a history of renal replacement therapy, which is a complication of severe tuberculosis."", ""The patient had a history of bilateral acute lower limb ischemia due to graft thrombosis, which can be a complication of disseminated tuberculosis.""]}"
PMC11831978_01,Schistosomiasis,Tuberculosis,Schistosomiasis | Melioidosis,high,0,1,38,67,0,"{""primary_diagnosis"": ""Tuberculosis"", ""confidence"": ""high"", ""differential_diagnoses"": [""Schistosomiasis"", ""Melioidosis""], ""key_evidence"": [""Histopathological examination of the resected appendix specimen confirmed extensive necrosis and viable ova."", ""Multiple enlarged lymph nodes in cervical, axillary, and abdominal regions manifested in talaromycosis."", ""Histopathology showed faecal impaction within the appendix and lymphoid hyperplasia, which is consistent with appendiceal schistosomiasis."", ""The nodules overlying the appendix, the paracolic gutter and in the rectovesical pouch were excised along with the appendix to rule out a disseminated intraperitoneal appendiceal neoplasm."", ""The patient had lived in Zimbabwe until 13 years of age before migrating to New Zealand, and he has lived here since. He had a history of clinical appendicitis and underwent a laparoscopic appendicectomy.""]}"
PMC12911139_01,Tuberculosis,paracoccidioidomycosis,schistosomiasis | melioidosis,high,0,0,47,46,0,"{""primary_diagnosis"": ""paracoccidioidomycosis"", ""confidence"": ""high"", ""differential_diagnoses"": [""schistosomiasis"", ""melioidosis""], ""key_evidence"": [""The patient had a history of residing in Trinidad and Tobago, which is an endemic region for paracoccidioidomycosis."", ""The patient had a history of residing in Peru, which is an endemic region for tuberculosis, and the patient presented with symptoms consistent with tuberculosis."", ""The patient had a history of residing in Venezuela, which is an endemic region for paracoccidioidomycosis."", ""The patient had a history of residing in Khuzestan Province, Iran, which is an endemic region for tuberculosis."", ""The patient had a history of residing in Nigeria, which is an endemic region for malaria."", ""The patient had a history of residing in Nigeria, which is an endemic region for malaria."", ""The patient had a history of residing in Nigeria, which is an endemic region for malaria."", ""The patient had a history of residing in Nigeria, which is an endemic region for malaria.""]}"
PMC12927153_01,Echinococcosis,visceral leishmaniasis,tuberculosis | leptospirosis,high,0,0,38,155,0,"{""primary_diagnosis"": ""visceral leishmaniasis"", ""confidence"": ""high"", ""differential_diagnoses"": [""tuberculosis"", ""leptospirosis""], ""key_evidence"": [""The patient had undergone previous surgical interventions for hydatid disease affecting the liver, which is consistent with the history of echinococcosis."", ""The patient's history of kidney transplantation provided immunosuppression that increased vulnerability to disseminated tuberculosis, and the patient also had a history of melioidosis, which is consistent with the progression to multiple organ failure involving liver, kidneys, and lungs.""]}"
PMC2801018_01,Tuberculosis,Tuberculosis,Leishmaniasis | Melioidosis,high,1,1,45,132,0,"{""primary_diagnosis"": ""Tuberculosis"", ""confidence"": ""high"", ""differential_diagnoses"": [""Leishmaniasis"", ""Melioidosis""], ""key_evidence"": [""Histopathology of the resected ovary and left ovary showed hemorrhagic cysts and adhesion to the left fallopian tube, suggesting peritoneal tuberculosis."", ""The patient's family history of pulmonary tuberculosis and cousin's involvement with genital tuberculosis, along with the presence of ascites and multicystic mass in the right adnexa, supports the diagnosis of peritoneal tuberculosis."", ""The presence of necrotic granulomas and caseating granulomas in the histopathology of the ovary and left ovary, as well as the presence of ascites and multicystic mass, are consistent with peritoneal tuberculosis.""]}"
PMC2801018_02,Tuberculosis,Tuberculosis,Schistosomiasis | Melioidosis,high,1,1,54,153,0,"{""primary_diagnosis"": ""Tuberculosis"", ""confidence"": ""high"", ""differential_diagnoses"": [""Schistosomiasis"", ""Melioidosis""], ""key_evidence"": [""Histopathology confirmed tuberculosis by revealing necrotizing granulomas with acid-fast bacilli."", ""Histopathology of the resected specimen showed granulomatous lesions with caseating necrosis and acid-fast bacilli."", ""Genital tuberculosis was caused by Mycobacterium tuberculosis complex, as confirmed by culture of the peritoneal biopsy specimen growing Mycobacterium tuberculosis complex.""]}"
PMC2878410_01,Tuberculosis,Tuberculosis,Melioidosis | Leishmaniasis,high,1,1,42,142,0,"{""primary_diagnosis"": ""Tuberculosis"", ""confidence"": ""high"", ""differential_diagnoses"": [""Melioidosis"", ""Leishmaniasis""], ""key_evidence"": [""The patient had a history of kidney transplantation and was on immunosuppressive therapy, which increased vulnerability to disseminated tuberculosis."", ""The patient had multiple enlarged lymph nodes with central necrosis, which is a characteristic finding in tuberculosis."", ""The patient had a history of fever, which is a common symptom of tuberculosis."", ""The patient had multiple hypodense lesions in the liver, spleen, renal allograft, and prostate, which are consistent with disseminated tuberculosis."", ""The patient had a history of immunosuppressive therapy, which predisposed to tuberculosis."", ""The patient had a history of renal transplantation, which increased the risk of developing tuberculosis.""]}"
PMC3039764_01,Scabies,Amebiasis,Paracoccidioidomycosis | Melioidosis,medium,0,0,50,114,0,"{""primary_diagnosis"": ""Amebiasis"", ""confidence"": ""medium"", ""differential_diagnoses"": [""Paracoccidioidomycosis"", ""Melioidosis""], ""key_evidence"": [""The patient had a leukocyte count of 19,400/muL and hypercalcemia (free calcium of 2.57 mmol/L) on laboratory investigation."", ""The patient presented with scaly crusted skin lesions over the scalp and external ears, which were initially considered as skin involvement of ATL."", ""The rapid deterioration after the diagnosis of [MASK] seen in our patient supports the correlation between [MASK] and poor prognosis."", ""The presence of crusted [MASK] in ATL patients may represent a sign of marked immunosuppression and thus indicate a poorer prognosis.""]}"
PMC3322787_01,Leptospirosis,Paracoccidioidomycosis,Melioidosis | Scrub Typhus,high,0,0,45,67,0,"{""primary_diagnosis"": ""Paracoccidioidomycosis"", ""confidence"": ""high"", ""differential_diagnoses"": [""Melioidosis"", ""Scrub Typhus""], ""key_evidence"": [""The patient's rural background provided an epidemiological exposure risk for echinococcosis, which is consistent with the patient's presentation of jaundice, pulmonary infiltrates, and renal failure."", ""The patient's rural background in a rural area was identified as an epidemiological risk factor for acquiring paracoccidioidomycosis."", ""The patient's rural background in a rural area was identified as an epidemiological risk factor for acquiring paracoccidioidomycosis."", ""The patient's rural background provided an epidemiological exposure risk for echinococcosis, which is consistent with the patient's presentation of jaundice, pulmonary infiltrates, and renal failure.""]}"
PMC3322787_02,Leptospirosis,Tuberculosis,Leishmaniasis | Melioidosis,high,0,0,45,123,0,"{""primary_diagnosis"": ""Tuberculosis"", ""confidence"": ""high"", ""differential_diagnoses"": [""Leishmaniasis"", ""Melioidosis""], ""key_evidence"": [""Doxycycline was administered empirically upon admission and later discontinued when dengue was confirmed."", ""Persistent fever was a primary clinical manifestation of tuberculosis."", ""Immunohistochemistry characterized cellular infiltrates and cytokine upregulation in dengue autopsies."", ""Leishmaniasis and Melioidosis were ruled out by negative serologic tests and other clinical findings.""]}"
PMC3322787_03,Leptospirosis,Melioidosis,Paracoccidioidomycosis | Leptospirosis,high,0,1,55,55,0,"{""primary_diagnosis"": ""Melioidosis"", ""confidence"": ""high"", ""differential_diagnoses"": [""Paracoccidioidomycosis"", ""Leptospirosis""], ""key_evidence"": [""The patient had a history of swimming in a local freshwater lake 15 days prior to illness onset, which is a known environmental exposure source for melioidosis."", ""Initial laboratory studies showed proteinuria, a creatinine level that peaked at 1.7 mg/dL, and mild transaminasemia, with ALT 182 U/L and alkaline phosphatase 370 U/L, which are consistent with renal impairment seen in melioidosis."", ""The patient took doxycycline for 10 days, which is a common treatment for melioidosis, and made a complete recovery, suggesting a successful treatment course.""]}"
PMC3322787_04,Leptospirosis,Dengue,Leptospirosis | Melioidosis,high,0,1,35,111,0,"{""primary_diagnosis"": ""Dengue"", ""confidence"": ""high"", ""differential_diagnoses"": [""Leptospirosis"", ""Melioidosis""], ""key_evidence"": [""The patient presented with fever, myalgias, chills, headache, anorexia, nausea, and abdominal pain, which are common symptoms of dengue."", ""The renal biopsy showed acute tubulointerstitial nephritis, which is the most characteristic renal lesion observed in dengue."", ""The patient's presentation, including fever, myalgias, chills, headache, anorexia, nausea, and abdominal pain, is consistent with dengue."", ""The renal biopsy findings of acute tubulointerstitial nephritis are consistent with dengue."", ""The patient's history of houseboat excursion, which is a common mode of transmission for dengue, is consistent with the clinical presentation."", ""The patient's laboratory findings, such as elevated creatinine and urobilinogen, are consistent with dengue."", ""The patient's history of oliguria and azotemia, which are common in dengue, is consistent with the clinical presentation.""]}"
PMC3322787_05,Leptospirosis,Echinococcosis,Schistosomiasis | Melioidosis,high,0,0,50,151,0,"{""primary_diagnosis"": ""Echinococcosis"", ""confidence"": ""high"", ""differential_diagnoses"": [""Schistosomiasis"", ""Melioidosis""], ""key_evidence"": [""The patient had a history of living in a rural area with domestic animal contact, which is a known risk factor for echinococcosis."", ""Histopathological examination of resected cysts confirmed the diagnosis of echinococcosis by revealing the cyst cuticula and germinative membrane."", ""The patient's occupation as a farmer increased the risk of acquiring echinococcosis.""]}"
PMC3322787_06,Leptospirosis,Melioidosis,Dengue | Leptospirosis,high,0,1,48,40,0,"{""primary_diagnosis"": ""Melioidosis"", ""confidence"": ""high"", ""differential_diagnoses"": [""Dengue"", ""Leptospirosis""], ""key_evidence"": [""Five cases of fever, headache, myalgia, and renal impairment in California, with high fever and uniform renal impairment as salient features."", ""Freshwater lake exposure as a presumed environmental exposure source for infection in the California cases."", ""The patient's occupation as a farmer provided direct environmental exposure to soil and water harboring Burkholderia pseudomallei.""]}"
PMC3328486_01,Schistosomiasis,Schistosomiasis,Neurocysticercosis | Tuberculosis,high,1,1,50,98,0,"{""primary_diagnosis"": ""Schistosomiasis"", ""confidence"": ""high"", ""differential_diagnoses"": [""Neurocysticercosis"", ""Tuberculosis""], ""key_evidence"": [""Urinary schistosomiasis was initially diagnosed two years ago by histological detection of Schistosoma haematobium ova in urinary bladder biopsies."", ""Cystoscopy and manual urine microscopy confirmed the presence of Schistosoma haematobium eggs in the urinary tract."", ""The patient's presentation with dysuria and terminal hematuria is consistent with urinary schistosomiasis."", ""Travel to schistosomiasis endemic area prompted targeted parasitic evaluation of the urine.""]}"
PMC3357531_01,Tuberculosis,Adrenal tuberculosis,Schistosomiasis | Paracoccidioidomycosis,high,1,1,46,169,0,"{""primary_diagnosis"": ""Adrenal tuberculosis"", ""confidence"": ""high"", ""differential_diagnoses"": [""Schistosomiasis"", ""Paracoccidioidomycosis""], ""key_evidence"": [""Bilateral adrenal glands were asymmetrically enlarged (right, 9 mm; left, 11 mm) on MRI, consistent with bilateral adrenal hyperplasia."", ""The patient had a history of knee surgery for a torn meniscus 5 months before admission, which could have predisposed to an infection such as tuberculosis."", ""Laboratory studies showed low serum cortisol, which is a hallmark of primary adrenal insufficiency, and MRI of the adrenal glands showed bilateral asymmetric adrenal hyperplasia, consistent with bilateral adrenal tuberculosis.""]}"
PMC3429378_01,Tuberculosis,Tuberculosis,Melioidosis | Buruli ulcer,high,1,1,47,133,0,"{""primary_diagnosis"": ""Tuberculosis"", ""confidence"": ""high"", ""differential_diagnoses"": [""Melioidosis"", ""Buruli ulcer""], ""key_evidence"": [""The patient presented with ulcerative lesions with undermined edges on the upper chest and neck, which is a characteristic feature of cutaneous tuberculosis."", ""The patient's clinical presentation, including the ulcerative lesions, lymphadenopathy, and the need for laboratory confirmation, aligns with the clinical presentation of cutaneous tuberculosis."", ""Histopathological examination of the skin biopsy showed granulomatous inflammation consistent with cutaneous and subcutaneous tuberculosis."", ""The patient's history of living in a region with high tuberculosis endemicity and the need for laboratory confirmation of the clinical diagnosis support the presumptive diagnosis of tuberculosis.""]}"
PMC3461775_01,Echinococcosis,Echinococcosis,Leishmaniasis | Melioidosis,high,1,1,51,49,0,"{""primary_diagnosis"": ""Echinococcosis"", ""confidence"": ""high"", ""differential_diagnoses"": [""Leishmaniasis"", ""Melioidosis""], ""key_evidence"": [""The patient presented with a large multilocular cyst replacing the left kidney, with floating membranes inside, which is a characteristic finding in renal hydatid cyst."", ""Continuous dull right flank pain was the primary symptom of the renal hydatid cyst, which aligns with the patient's history of left flank pain."", ""The use of hypertonic saline solution for irrigation of the cyst cavity to prevent viable parasite spillage is consistent with the treatment approach for echinococcosis.""]}"
PMC3481907_01,Tuberculosis,Paracoccidioidomycosis,Leprosy | Cutaneous tuberculosis,high,0,1,43,104,0,"{""primary_diagnosis"": ""Paracoccidioidomycosis"", ""confidence"": ""high"", ""differential_diagnoses"": [""Leprosy"", ""Cutaneous tuberculosis""], ""key_evidence"": [""The patient presented with large plaques of 30 years duration over multiple body parts, including the right upper limb, right side of the chest and back, and right lower limb. The lesions were asymptomatic except for mild itching."", ""The patient had a history of multiple lesions that developed over time, with no history of trauma or contact with a [MASK] patient."", ""The lesions were described as well-defined, irregularly bordered plaques with areas of hyperkeratosis and large, thick adherent crusts on an erythematous base. Ulceration and atrophy were present within the lesions."", ""The patient's skin lesions showed dramatic improvement within 3 weeks and almost total healing within 12 weeks, which is consistent with the clinical presentation of cutaneous paracoccidioidomycosis."", ""The patient's hematological investigations revealed anemia and raised erythrocyte sedimentation rate, which can be seen in paracoccidioidomycosis."", ""The patient's lesions were not associated with systemic symptoms, which is consistent with the clinical presentation of cutaneous tuberculosis."", ""The patient's lesions were not associated with systemic symptoms, which is consistent with the clinical presentation of cutaneous tuberculosis."", ""The patient's lesions were not associated with systemic symptoms, which is consistent with the clinical presentation of cutaneous tuberculosis.""]}"
PMC3534248_01,Echinococcosis,Mycetoma,Paracoccidioidomycosis | Leprosy,high,0,0,53,121,0,"{""primary_diagnosis"": ""Mycetoma"", ""confidence"": ""high"", ""differential_diagnoses"": [""Paracoccidioidomycosis"", ""Leprosy""], ""key_evidence"": [""The patient had a firm to hard 5 x 5 cm mobile mass in the right axilla, which is consistent with the presentation of mycetoma involving the axilla."", ""The axillary lymph node biopsy showed granulomatous necrosis and acid-fast bacilli on staining, which is consistent with mycetoma."", ""The patient had a history of a painful, firm to hard mass in the right axilla, which is a characteristic feature of mycetoma.""]}"
PMC3597904_01,Tuberculosis,Tuberculosis,Paracoccidioidomycosis | Melioidosis,high,1,1,42,117,0,"{""primary_diagnosis"": ""Tuberculosis"", ""confidence"": ""high"", ""differential_diagnoses"": [""Paracoccidioidomycosis"", ""Melioidosis""], ""key_evidence"": [""MRI showing multisegmental posterior collection of epidural fluid extending from C7 to L2 vertebral level without any evidence of vertebral involvement, which is consistent with spinal tuberculosis."", ""Lower limb weakness and paraplegia, which can be a result of spinal cord compression by tuberculosis."", ""The presence of epidural abscess without osseous involvement is a rare scenario, which is more consistent with spinal tuberculosis than other tropical diseases.""]}"
PMC3738493_01,Dengue,Melioidosis,Dengue | Schistosomiasis,high,0,1,40,173,0,"{""primary_diagnosis"": ""Melioidosis"", ""confidence"": ""high"", ""differential_diagnoses"": [""Dengue"", ""Schistosomiasis""], ""key_evidence"": [""The patient presented with a history of fever, malaise, and a generalized tonic-clonic convulsion, which are common symptoms of melioidosis."", ""The patient had a history of sickle cell disease, which can predispose to severe infections such as melioidosis."", ""The patient developed severe anemia, thrombocytopenia, and disseminated intravascular coagulation (DIC), which are consistent with the clinical presentation of melioidosis."", ""The patient's presentation included pleural effusion, gallbladder thickening, and ascites, which are seen in melioidosis but not in the other diseases listed.""]}"
PMC3884731_01,Trypanosomiasis,Malaria,Schistosomiasis | Tuberculosis,high,0,0,51,165,0,"{""primary_diagnosis"": ""Malaria"", ""confidence"": ""high"", ""differential_diagnoses"": [""Schistosomiasis"", ""Tuberculosis""], ""key_evidence"": [""The patient had a history of living in disease-endemic areas in Bolivia, which is a risk factor for Malaria."", ""The patient presented with chronic constipation, which can be a symptom of chronic Strongyloidiasis, but the history and clinical presentation are more consistent with Malaria."", ""The patient had a high parasitemia load of Plasmodium falciparum, which is a hallmark of severe falciparum malaria."", ""The patient had a history of recurrent episodes of bowel obstruction, which can be a complication of chronic Strongyloidiasis, but the clinical presentation is more consistent with Malaria."", ""The patient had a history of living in disease-endemic areas in Bolivia, which is a risk factor for Malaria."", ""The patient had a history of living in disease-endemic areas in Bolivia, which is a risk factor for Malaria.""]}"
PMC3914130_01,Leptospirosis,Leptospirosis,Dengue | Melioidosis,high,1,1,47,129,0,"{""primary_diagnosis"": ""Leptospirosis"", ""confidence"": ""high"", ""differential_diagnoses"": [""Dengue"", ""Melioidosis""], ""key_evidence"": [""The patient's occupational history of working at a trout farm served as the environmental exposure risk for leptospirosis."", ""The patient developed multiple-organ failure (MOF) of liver, kidney, and lung, which is a characteristic feature of leptospirosis."", ""The patient's presentation of fever, epigastric pain, myalgia, and jaundice, along with acute kidney injury, liver failure, and thrombocytopenia, are consistent with leptospirosis."", ""The patient's history of frequent arrhythmia and elevated troponin I, which is suggestive of myocarditis, is consistent with leptospirosis-induced myocarditis."", ""The patient's ICU stay was complicated by a penicillin-resistant enterococcus bacteremia, which is a common complication of leptospirosis."", ""The patient developed dry necrosis of both extremities, which is a known complication of leptospirosis.""]}"
PMC4153165_01,Melioidosis,Melioidosis,Paracoccidioidomycosis | Talaromycosis,high,1,1,48,148,0,"{""primary_diagnosis"": ""Melioidosis"", ""confidence"": ""high"", ""differential_diagnoses"": [""Paracoccidioidomycosis"", ""Talaromycosis""], ""key_evidence"": [""The patient had a history of travel to Southeast Asia (Malaysia and Thailand), which is endemic for melioidosis."", ""The patient presented with fever, chills, and lassitude, which are classic symptoms of melioidosis."", ""The patient's presentation, including the fever, lassitude, and the development of acute respiratory distress, is consistent with melioidosis."", ""The patient's laboratory findings, such as leukocytosis and elevated LDH levels, are consistent with melioidosis."", ""The patient's chest X-ray and CT scan findings, including diffuse and extensive alveolar infiltrations, are consistent with melioidosis."", ""The patient's history of diabetes mellitus and hypertension, which are risk factors for melioidosis, is noted."", ""The patient's history of walking on a beach in Thailand, which could have led to abrasions and subsequent infection, is consistent with melioidosis."", ""The patient's history of travel to Dubai, which is also endemic for melioidosis, is noted.""]}"
PMC4153237_01,Echinococcosis,Pericardial hydatid cyst,Echinococcosis | Schistosomiasis,high,0,1,42,87,0,"{""primary_diagnosis"": ""Pericardial hydatid cyst"", ""confidence"": ""high"", ""differential_diagnoses"": [""Echinococcosis"", ""Schistosomiasis""], ""key_evidence"": [""Chest CT scan showed multiple cystic masses in anterior and middle mediastinum, the largest one located posterior to LA that was suggestive of pericardial hydatid cyst."", ""The patient had remote history of contact with dogs, which is a risk factor for echinococcosis."", ""Chest CT scan excluded active pulmonary tuberculosis, confirming isolated cutaneous disease."", ""Pericardial biopsy revealed granulomatous inflammatory reaction and confirmed tuberculosis."", ""The patient had a history of multiple surgical procedures, including thoracotomy and craniotomy, which could predispose to pericardial hydatid cyst.""]}"
PMC4296413_01,Tuberculosis,Tuberculosis,Melioidosis | Leishmaniasis,high,1,1,44,134,0,"{""primary_diagnosis"": ""Tuberculosis"", ""confidence"": ""high"", ""differential_diagnoses"": [""Melioidosis"", ""Leishmaniasis""], ""key_evidence"": [""Histopathological examination of resected lung specimens demonstrated caseating granulomas diagnostic of active tuberculosis."", ""Chest CT revealed old pulmonary scar lesions indicative of past tuberculosis exposure."", ""Chest X-ray identified bilateral cavitary lesions characteristic of pulmonary tuberculosis."", ""Antituberculosis treatment was initiated to treat the pulmonary tuberculosis infection, resulting in clinical improvement."", ""Polymerase chain reaction confirmed tuberculosis from DNA extracted from the excised lymph node.""]}"
PMC4491481_01,Tuberculosis,Melioidosis,Paracoccidioidomycosis | Talaromycosis,high,0,0,48,65,0,"{""primary_diagnosis"": ""Melioidosis"", ""confidence"": ""high"", ""differential_diagnoses"": [""Paracoccidioidomycosis"", ""Talaromycosis""], ""key_evidence"": [""The patient presented with a left sub-mandibular swelling that had appeared 12 months earlier, which is consistent with the clinical presentation of Melioidosis, characterized by abscess formation and necrotic tissue.""]}"
PMC4736596_01,Soil-Transmitted Helminths,Schistosomiasis,Paracoccidioidomycosis | Melioidosis,high,0,0,44,122,0,"{""primary_diagnosis"": ""Schistosomiasis"", ""confidence"": ""high"", ""differential_diagnoses"": [""Paracoccidioidomycosis"", ""Melioidosis""], ""key_evidence"": [""Multiple patchy erythematous lesions separated by areas of normal mucosa that appeared all over the colon, predominantly in the cecum, and in the ileum on endoscopy."", ""Peripheral eosinophilia accompanied by severe eosinophilic inflammatory changes without parasitic detection on biopsy."", ""History of unexplained eosinophilia associated with diarrhea and abdominal pain, and a brother with a history of [MASK] infection.""]}"
PMC4782660_01,Schistosomiasis,Scabies,Melioidosis | Leprosy,high,0,0,47,129,0,"{""primary_diagnosis"": ""Scabies"", ""confidence"": ""high"", ""differential_diagnoses"": [""Melioidosis"", ""Leprosy""], ""key_evidence"": [""The patient presented with pruritic lesions on the abdomen, which are characteristic of scabies. The lesions are formed when eggs or worms migrate, causing granulomas on the skin and mucosae. The patient's history of frequent bathing in the river and the presence of papules in a zosteriform distribution are consistent with scabies."", ""The patient's history of frequent bathing in the river and the presence of papules in a zosteriform distribution are also consistent with scabies. However, the presence of eosinophilia and the characteristic lesions are more indicative of scabies."", ""The patient's history of frequent bathing in the river and the presence of papules in a zosteriform distribution are also consistent with scabies. However, the presence of eosinophilia and the characteristic lesions are more indicative of scabies.""]}"
PMC5015625_01,Malaria,Dengue,Leishmaniasis | Melioidosis,high,0,0,50,161,0,"{""primary_diagnosis"": ""Dengue"", ""confidence"": ""high"", ""differential_diagnoses"": [""Leishmaniasis"", ""Melioidosis""], ""key_evidence"": [""The patient presented with flu-like symptoms, jaundice, and altered mental status, which are classic signs of dengue infection."", ""The patient's presentation, including the development of severe encephalopathy, hemolytic anemia, thrombocytopenia, acidemia, and acute renal failure, are consistent with severe dengue infection."", ""The ophthalmic findings, including retinal hemorrhages and disc swelling, are characteristic of dengue retinopathy, a known ocular manifestation of dengue virus infection."", ""The patient's history of living in Angola for 4 years, a known endemic area for dengue, supports the diagnosis of dengue.""]}"
PMC5175025_01,Tuberculosis,Paracoccidioidomycosis,Melioidosis | Talaromycosis,high,0,0,52,74,0,"{""primary_diagnosis"": ""Paracoccidioidomycosis"", ""confidence"": ""high"", ""differential_diagnoses"": [""Melioidosis"", ""Talaromycosis""], ""key_evidence"": [""Multiple cutaneous lesions in the cephalic segment, including nose, ear, and lip, consistent with cutaneous paracoccidioidomycosis."", ""Histopathological examination showing epithelioid cell granulomas with peripheral lymphocytes and perineural infiltration, consistent with paracoccidioidomycosis."", ""Multiple ulcerated and crusted subcutaneous masses, consistent with disseminated talaromycosis.""]}"
PMC5458696_01,Tuberculosis,Tuberculosis,Mycetoma | Leishmaniasis,high,1,1,47,63,0,"{""primary_diagnosis"": ""Tuberculosis"", ""confidence"": ""high"", ""differential_diagnoses"": [""Mycetoma"", ""Leishmaniasis""], ""key_evidence"": [""The patient had a history of generalized malaise and weight loss, which is consistent with splenic tuberculosis."", ""The patient presented with left shoulder pain referred from the enlarged spleen, which is a known complication of splenic tuberculosis."", ""The chest CT showed a cavitary lesion with a detached wavy membrane in the right lower lobe, which is characteristic of pulmonary tuberculosis."", ""The MRI of the right shoulder showed transverse fracture of the proximal humerus, which could be secondary to underlying tuberculosis affecting the right shoulder joint."", ""The patient's history of right elbow pain and swelling, which resolved after debridement, could be indicative of a tuberculous infection of the elbow joint."", ""The MRI of the right shoulder revealed osteolysis and osteolysis of the right humeral head, which is consistent with tuberculous arthritis."", ""The patient's history of right upper extremity swelling and pain, which resolved after debridement, could be indicative of a soft tissue tuberculosis affecting the right forearm.""]}"
PMC5624136_01,Tuberculosis,Melioidosis,Cholera | Tuberculosis,high,0,1,42,77,0,"{""primary_diagnosis"": ""Melioidosis"", ""confidence"": ""high"", ""differential_diagnoses"": [""Cholera"", ""Tuberculosis""], ""key_evidence"": [""The patient developed syndrome of inappropriate antidiuretic hormone secretion during the intensive phase of treatment."", ""Extrapulmonary tuberculosis induced severe hypercalcemia with elevated PTHrP.""]}"
PMC5850760_01,Malaria,Melioidosis,Leptospirosis | Schistosomiasis,high,0,0,50,105,0,"{""primary_diagnosis"": ""Melioidosis"", ""confidence"": ""high"", ""differential_diagnoses"": [""Leptospirosis"", ""Schistosomiasis""], ""key_evidence"": [""The patient was administered oral trimethoprim-sulfamethoxazole for eradication therapy, which is consistent with melioidosis."", ""The patient resided in the endemic Khuzestan Province, which is a known region for melioidosis.""]}"
PMC5850760_03,Malaria,Leptospirosis,Malaria | Tuberculosis,high,0,1,42,143,0,"{""primary_diagnosis"": ""Leptospirosis"", ""confidence"": ""high"", ""differential_diagnoses"": [""Malaria"", ""Tuberculosis""], ""key_evidence"": [""Leptospirosis was initially misdiagnosed and discharged as dengue."", ""Leptospirosis presented acutely with high fever up to 40.5 °C."", ""Leptospirosis caused acute liver injury with marked hyperbilirubinemia and transaminitis."", ""Leptospirosis involved the lungs, producing diffuse alveolar infiltrates and hemorrhage."", ""Leptospirosis caused acute kidney injury with profound azotemia."", ""Leptospirosis precipitated septic shock requiring norepinephrine infusion."", ""Leptospirosis was confirmed by detecting IgM antibodies via Enzyme-Linked Immunosorbent Assay."", ""Leptospirosis was complicated by the development of posterior reversible encephalopathy syndrome."", ""Leptospirosis led to acute respiratory failure requiring high-flow oxygen therapy.""]}"
PMC6417330_03,Dengue,Tuberculosis,Leishmaniasis | Melioidosis,high,0,0,46,160,0,"{""primary_diagnosis"": ""Tuberculosis"", ""confidence"": ""high"", ""differential_diagnoses"": [""Leishmaniasis"", ""Melioidosis""], ""key_evidence"": [""The patient developed severe chest infection (pneumonia) and respiratory failure, which is a common presentation of tuberculosis. The chest X-rays showed severe chest infection, and the chest CT scan revealed multiple nodules and cavities in both lungs consistent with active pulmonary tuberculosis."", ""The patient had thrombocytopenia and developed severe hemoptysis, which can be seen in disseminated tuberculosis. The chest CT scan showed bilateral nodular and patchy infiltrates resulting from pulmonary talaromycosis, which is a severe fungal infection often associated with disseminated tuberculosis."", ""The patient's history of fall and the presence of hematoma suggest a risk factor for disseminated tuberculosis, which can present with hematogenous spread of infection.""]}"
PMC6855035_01,Tuberculosis,Tuberculosis,Schistosomiasis | Melioidosis,high,1,1,49,90,0,"{""primary_diagnosis"": ""Tuberculosis"", ""confidence"": ""high"", ""differential_diagnoses"": [""Schistosomiasis"", ""Melioidosis""], ""key_evidence"": [""The patient had a history of tuberculosis in her grandmother, which is a known risk factor for developing tuberculosis."", ""The patient's renal ultrasonography showed bilateral kidney pelvocaliectasis, which is consistent with renal tuberculosis."", ""The patient's nephrocalcinosis and hydronephrosis are consistent with renal tuberculosis."", ""The patient's history of kidney transplantation and immunosuppressive therapy increased the risk of developing opportunistic infections, including tuberculosis.""]}"
PMC7094044_01,Tuberculosis,Tuberculous spondylodiscitis,Paracoccidioidomycosis | Melioidosis,high,0,0,41,88,0,"{""primary_diagnosis"": ""Tuberculous spondylodiscitis"", ""confidence"": ""high"", ""differential_diagnoses"": [""Paracoccidioidomycosis"", ""Melioidosis""], ""key_evidence"": [""MRI confirmed L1-L2 spondylodiscitis and visualized the extending psoas abscess."", ""MRI of the sacroiliac joint confirmed sacroiliitis by showing focal bone marrow edema."", ""MRI demonstrated T12-L1 spondylitis with paraspinal abscess and confirmed resolution after therapy."", ""MRI of the abdomen detected multiple splenic infarcts."", ""MRI of the thoracic spine showed bone marrow edema, anterior wedge deformities, and paravertebral phlegmon characteristic of tuberculous spondylitis.""]}"
PMC7649586_01,Tuberculosis,Prostatic tuberculosis,Prostatic malignancy | Paracoccidioidomycosis,high,1,1,48,69,0,"{""primary_diagnosis"": ""Prostatic tuberculosis"", ""confidence"": ""high"", ""differential_diagnoses"": [""Prostatic malignancy"", ""Paracoccidioidomycosis""], ""key_evidence"": [""Prostatic tuberculosis is a rare localized manifestation of tuberculosis."", ""Prostatic tuberculosis clinically and radiographically mimicked prostate cancer."", ""Ultrasound-guided prostate biopsy confirmed Paracoccidioidomycosis by detecting fungal structures on silver stain.""]}"
PMC7747806_01,Trypanosomiasis,Paracoccidioidomycosis,Leprosy | Mycetoma,high,0,0,45,80,0,"{""primary_diagnosis"": ""Paracoccidioidomycosis"", ""confidence"": ""high"", ""differential_diagnoses"": [""Leprosy"", ""Mycetoma""], ""key_evidence"": [""The patient was born in Espirito Santo State, Brazil, which is an endemic focus for paracoccidioidomycosis."", ""The patient lived in a rural region of Espirito Santo State, Brazil, where paracoccidioidomycosis is endemic."", ""The patient had a history of HIV infection and reactive serology for [MASK], which is a common epidemiological risk factor for paracoccidioidomycosis in HIV-positive individuals."", ""The patient's presentation with a cerebral mass and parasitemia, along with the history of HIV infection, supports the diagnosis of paracoccidioidomycosis as a reactivation of a latent infection.""]}"
PMC8046485_01,Tuberculosis,Tuberculosis,Mycetoma | Leprosy,high,1,1,51,106,0,"{""primary_diagnosis"": ""Tuberculosis"", ""confidence"": ""high"", ""differential_diagnoses"": [""Mycetoma"", ""Leprosy""], ""key_evidence"": [""The patient had a history of pulmonary tuberculosis 2 years ago, which was treated with isoniazid, rifampicin, and ethambutol according to the Revised National Tuberculosis Control Program guidelines for 6 months and declared sputum negative."", ""The patient presented with shoulder swelling and pain, which was later identified as tuberculous arthritis of the right shoulder joint."", ""The patient had a history of shoulder swelling and pain for 12 years, which was later identified as tuberculous arthritis of the right shoulder joint."", ""The patient had a history of pulmonary tuberculosis 2 years ago, which was treated with isoniazid, rifampicin, and ethambutol according to the Revised National Tuberculosis Control Program guidelines for 6 months and declared sputum negative."", ""The patient had a history of shoulder swelling and pain for 12 years, which was later identified as tuberculous arthritis of the right shoulder joint.""]}"
PMC8203059_01,Echinococcosis,Echinococcosis,Paracoccidioidomycosis | Melioidosis,high,1,1,45,100,0,"{""primary_diagnosis"": ""Echinococcosis"", ""confidence"": ""high"", ""differential_diagnoses"": [""Paracoccidioidomycosis"", ""Melioidosis""], ""key_evidence"": [""Multiple cysts in both lungs (left side-complicated) and spleen consistent with echinococcosis disease."", ""Cystic lesion in the left lung lower lobe with significant consolidation of the left lower lobe and the cavity was noted to be small with foul smelling blood clots."", ""Multiloculated cystic lesions in the lung, liver, and spleen on computed tomography.""]}"
PMC8415076_01,Malaria,Malaria,Dengue | Zika Virus,high,1,1,42,114,0,"{""primary_diagnosis"": ""Malaria"", ""confidence"": ""high"", ""differential_diagnoses"": [""Dengue"", ""Zika Virus""], ""key_evidence"": [""The patient had a history of multiple sickle cell crises and hospitalizations, which is a significant risk factor for malaria."", ""The patient's clinical presentation, including fever, hypotension, and marginal hypotension, are consistent with severe malaria."", ""The patient's history of travel to malaria-endemic regions (Guinea, Senegal, Sierra Leone, and Cote d'Ivoire) increases the likelihood of malaria infection."", ""The patient's blood smear results were not provided, but the absence of a negative result for malaria is a key piece of evidence."", ""The patient's history of sickle cell disease and the presence of sickle cell intrahepatic cholestasis (sickle cell intrahepatic cholestasis) is consistent with severe malaria."", ""The patient's twins developed fever and respiratory distress, which could be secondary to maternal malaria and its complications.""]}"
PMC9146591_02,Tuberculosis,Paracoccidioidomycosis,Melioidosis | Leprosy,high,0,0,53,152,0,"{""primary_diagnosis"": ""Paracoccidioidomycosis"", ""confidence"": ""high"", ""differential_diagnoses"": [""Melioidosis"", ""Leprosy""], ""key_evidence"": [""The patient's history of recurrent abdominal pain, weight loss, and amenorrhea, along with the presence of lymphadenopathy and mesenteric lymphadenitis, are consistent with the clinical presentation of Paracoccidioidomycosis."", ""The presence of lymphadenopathy and mesenteric lymphadenitis, as well as the history of abdominal pain and weight loss, are also consistent with Melioidosis and Leprosy."", ""The imaging findings of thickened bowel and mesenteric lymphadenitis, as well as the history of abdominal pain and weight loss, support the diagnosis of Paracoccidioidomycosis.""]}"
PMC9166903_02,Tuberculosis,Leprosy,Paracoccidioidomycosis | Melioidosis,high,0,0,49,81,0,"{""primary_diagnosis"": ""Leprosy"", ""confidence"": ""high"", ""differential_diagnoses"": [""Paracoccidioidomycosis"", ""Melioidosis""], ""key_evidence"": [""Prior malignancy treated ten years earlier with left hemiglossectomy and suprahyoidal neck dissection."", ""Incisional biopsy of the tongue revealed epithelioid granulomas and dense inflammatory infiltration consistent with mucosal leishmaniasis."", ""The patient had a nodular, ulcerated, infiltrating mass on the left side margin of the tongue, extending inferiorly towards the ventral surface."", ""Histopathological examination of both lingual biopsy and jejune resection specimen showed numerous caseous and non-caseous epithelioid and giant cells granulomas.""]}"
PMC9166903_04,Tuberculosis,Tuberculosis,Leprosy | Melioidosis,high,1,1,50,100,0,"{""primary_diagnosis"": ""Tuberculosis"", ""confidence"": ""high"", ""differential_diagnoses"": [""Leprosy"", ""Melioidosis""], ""key_evidence"": [""Histopathologic examination revealed caseating granulomas and positive AFB staining, confirming tuberculosis."", ""The patient had a history of intense, diffuse pain in the abdomen, which is consistent with peritoneal tuberculosis."", ""The patient had a history of residing in Bangkok, Thailand, which is a known endemic area for tuberculosis.""]}"
PMC9410991_01,Tuberculosis,Tuberculosis,Schistosomiasis | Melioidosis,high,1,1,48,67,0,"{""primary_diagnosis"": ""Tuberculosis"", ""confidence"": ""high"", ""differential_diagnoses"": [""Schistosomiasis"", ""Melioidosis""], ""key_evidence"": [""The patient presented with bilateral symmetric polyarthralgia, bone pain, and shortness of breath, which are common symptoms of extrapulmonary tuberculosis, including osteoarticular tuberculosis and tuberculous pleuritis."", ""The presence of an apical pulmonary cavity in the right lung with bronchiolitis and hilar lymphadenopathy on chest X-ray and CT scan is consistent with pulmonary tuberculosis."", ""The patient's clinical presentation, including the presence of digital clubbing, periostosis of the tubular bones, and seronegative arthritis, supports the diagnosis of osteoarticular tuberculosis."", ""The negative AFB smear microscopy and the absence of adverse events during treatment support the diagnosis of tuberculosis over other tropical diseases like schistosomiasis and melioidosis.""]}"
PMC9493459_01,Tuberculosis,,,unknown,1,0,45,103,0,"{""error"": """", ""primary_diagnosis"": """", ""differential_diagnoses"": []}"
PMC9515355_01,Malaria,Melioidosis,Scabies | Soil-Transmitted Helminths,high,0,0,47,57,0,"{""primary_diagnosis"": ""Melioidosis"", ""confidence"": ""high"", ""differential_diagnoses"": [""Scabies"", ""Soil-Transmitted Helminths""], ""key_evidence"": [""Multiple discrete abscess lesions in the spleen detected by ultrasound and CT scan in disseminated melioidosis."", ""Abdominal pain localized to the right upper quadrant over the hepatic region (right upper quadrant pain)."", ""Multiple splenic infarcts identified by contrast CT."", ""Severe right abdominal pain localized to the right hypochondrium (right hypochondrium pain)."", ""Abdominal pain localized to the left upper quadrant over the palpable, cyst-expanded spleen (spleen).""]}"
PMC9556986_01,Echinococcosis,Tuberculosis,Neurocysticercosis | Melioidosis,high,0,0,48,167,0,"{""primary_diagnosis"": ""Tuberculosis"", ""confidence"": ""high"", ""differential_diagnoses"": [""Neurocysticercosis"", ""Melioidosis""], ""key_evidence"": [""The patient presented with persistent neck and back pain for over one year, with MRI showing multiple cystic masses in the craniocervical junction region and effusion around the lumbar vertebrae."", ""Histopathological examination of the vertebral lesion confirmed chronic granulomatous inflammation and caseous necrosis diagnostic of Spinal Tuberculosis."", ""Computed Tomography identified multilevel osteolytic lesions characteristic of extensive Spinal Tuberculosis."", ""The patient underwent surgical removal of focal necrosis in the thoracic spine and thoracolumbar vertebroplasty, and an open debridement of abscess was performed.""]}"
PMC9650132_01,Tuberculosis,Tuberculosis,Leishmaniasis | Melioidosis,high,1,1,41,140,0,"{""primary_diagnosis"": ""Tuberculosis"", ""confidence"": ""high"", ""differential_diagnoses"": [""Leishmaniasis"", ""Melioidosis""], ""key_evidence"": [""The patient had a history of cesarean section and was born to a confirmed COVID-19 and [MASK] mother. The patient was discharged from the hospital after 3 weeks of separation from the mother, but received no [MASK] prophylaxis."", ""The patient presented with fever, seizures, and abnormal laboratory findings including decreased platelet counts, elevated liver function tests, and increased total bilirubin and c-reactive protein."", ""The patient had bilateral pneumonia on chest X-ray and liver and spleen enlargement on abdominal examination, which are consistent with disseminated tuberculosis."", ""The patient had a history of neonatal sepsis and was initially diagnosed with late-onset neonatal sepsis, which could be a manifestation of disseminated tuberculosis."", ""The patient had a history of seizures, which could be due to tuberculous meningitis or other causes such as leishmaniasis or melioidosis."", ""The patient had a history of cesarean section and was born to a confirmed COVID-19 and [MASK] mother, which could increase the risk of disseminated tuberculosis."", ""The patient had a history of neonatal sepsis and was initially given phenobarbital, which could be a sign of disseminated tuberculosis."", ""The patient had a history of cesarean section and was born to a confirmed COVID-19 and [MASK] mother, which could increase the risk of disseminated tuberculosis."", ""The patient had a history of cesarean section and was born to a confirmed COVID-19 and [MASK] mother, which could increase the risk of disseminated tuberculosis.""]}"
PMC9924618_01,Tuberculosis,Tuberculosis,Leishmaniasis | Melioidosis,high,1,1,50,117,0,"{""primary_diagnosis"": ""Tuberculosis"", ""confidence"": ""high"", ""differential_diagnoses"": [""Leishmaniasis"", ""Melioidosis""], ""key_evidence"": [""Lung biopsy demonstrated chronic granulomatous inflammation with caseous necrosis."", ""Multiple, small mediastinal lymph nodes and diffuse tree-in-bud findings throughout the lung parenchyma on CT chest with contrast."", ""Granulomatous inflammation was the chronic tissue response characteristic of ocular leishmaniasis."", ""Histopathology confirmed intestinal tuberculosis by demonstrating caseating necrosis and epithelioid granulomas.""]}"
PMC10183455_01,Echinococcosis,Echinococcosis,Melioidosis | Scabies,high,1,1,38,78,0,"{""primary_diagnosis"": ""Echinococcosis"", ""confidence"": ""high"", ""differential_diagnoses"": [""Melioidosis"", ""Scabies""], ""key_evidence"": [""The patient had a history of a cyst in the pouch of Douglas that was surgically removed, which is consistent with the presentation of a hepatic hydatid cyst."", ""The patient presented with vague right upper quadrant abdominal pain, which is a common presenting symptom of hepatic hydatid cyst."", ""The patient had a history of similar symptoms twenty years prior, suggesting a chronic condition that could be explained by a hepatic hydatid cyst.""]}"
PMC10581008_01,Soil-Transmitted Helminths,Amebiasis,Schistosomiasis | Melioidosis,high,0,0,46,166,0,"{""primary_diagnosis"": ""Amebiasis"", ""confidence"": ""high"", ""differential_diagnoses"": [""Schistosomiasis"", ""Melioidosis""], ""key_evidence"": [""Right upper quadrant pain of 3 days duration, severe, colicky, and lasting around 10 minutes per episode, followed by nausea and non-bilious vomiting. History of passing a worm one month back for which he was treated with oral medication at the local health center."", ""Abdominal ultrasound showing two adjacent, well-defined, tubular, and hyperechoic structure with a central lucency on subcostal axial view within the common bile duct (CBD) and right intrahepatic duct, suggesting a parasitic worm in the biliary system."", ""Slightly icteric sclera, slightly tender liver, and elevated liver enzymes (AST 86U/L, ALT 141U/L), and hyperbilirubinemia (total and direct bilirubin 1.84 and 1.31 mg/dl, respectively)."", ""The patient's presentation with right upper quadrant pain, abdominal pain, and the presence of a worm in the biliary system are consistent with invasive amebiasis.""]}"
PMC10637728_01,Leishmaniasis,Melioidosis,Paracoccidioidomycosis | Schistosomiasis,high,0,0,48,158,0,"{""primary_diagnosis"": ""Melioidosis"", ""confidence"": ""high"", ""differential_diagnoses"": [""Paracoccidioidomycosis"", ""Schistosomiasis""], ""key_evidence"": [""The patient had a history of recurrent infections, which is a risk factor for melioidosis."", ""The patient had a history of splenomegaly and pancytopenia, which can be seen in melioidosis and schistosomiasis."", ""The patient had a history of recurrent infections, which is a risk factor for melioidosis."", ""The patient had a history of splenomegaly and pancytopenia, which can be seen in melioidosis and schistosomiasis.""]}"
PMC10637728_02,Leishmaniasis,Talaromycosis,Scabies | Leprosy,high,0,0,40,132,0,"{""primary_diagnosis"": ""Talaromycosis"", ""confidence"": ""high"", ""differential_diagnoses"": [""Scabies"", ""Leprosy""], ""key_evidence"": [""The patient had a history of travel to Minas Gerais, where Talaromyces marneffei is endemic."", ""Bone marrow biopsy showed a lymphocytic and histiocytic inflammatory reaction with a granulomatous pattern, which is consistent with disseminated talaromycosis."", ""The patient had a phenotype suggestive of Griscelli Syndrome (silvery hair and eyebrows), which is associated with increased susceptibility to fungal infections."", ""Metagenomic next-generation sequencing confirmed Talaromyces marneffei infection in BALF and blood."", ""The patient developed fever, abdominal pain, and weight loss, which are common symptoms of disseminated talaromycosis.""]}"
PMC10756375_01,Malaria,,,unknown,1,0,42,146,0,"{""error"": """", ""primary_diagnosis"": """", ""differential_diagnoses"": []}"
PMC10807272_01,Malaria,Melioidosis,Malaria | Dengue,high,0,1,47,152,0,"{""primary_diagnosis"": ""Melioidosis"", ""confidence"": ""high"", ""differential_diagnoses"": [""Malaria"", ""Dengue""], ""key_evidence"": [""The patient had a history of fever, abdominal pain, and splenomegaly, which are common symptoms of melioidosis."", ""The patient's history of splenectomy and the presence of splenic echinococcosis suggest a parasitic infection, which is consistent with melioidosis."", ""The patient's hematological findings (pancytopenia) and the presence of splenic echinococcosis are consistent with melioidosis.""]}"
PMC10830638_01,Echinococcosis,Melioidosis,Cholera | Leishmaniasis,high,0,0,43,147,0,"{""primary_diagnosis"": ""Melioidosis"", ""confidence"": ""high"", ""differential_diagnoses"": [""Cholera"", ""Leishmaniasis""], ""key_evidence"": [""Multiple cysts in the liver, spleen, abdominal cavity, and pelvic cavity, with localized calcification observed on CT scan, which is consistent with the imaging findings of Melioidosis."", ""The patient's history of epigastric pain and the presence of multiple cysts in the liver and spleen are consistent with the clinical presentation of Melioidosis."", ""The patient's history of splenic hydatid cyst and the presence of multiple cysts in the abdominal cavity and pelvic cavity are consistent with the imaging findings of Melioidosis.""]}"
PMC10876100_01,Dengue,Melioidosis,Dengue | Leptospirosis,high,0,1,40,155,0,"{""primary_diagnosis"": ""Melioidosis"", ""confidence"": ""high"", ""differential_diagnoses"": [""Dengue"", ""Leptospirosis""], ""key_evidence"": [""The patient presented with high-grade fever, hiccups, and right hypochondrial pain, which are common symptoms of melioidosis."", ""The patient's history of residence in Uttarakhand, a region where melioidosis is endemic, supports the diagnosis."", ""The patient's presentation of sepsis-like symptoms, including confusion, agitation, and confusion, is consistent with melioidosis, which can present with severe systemic infection."", ""The patient's laboratory findings, including thrombocytopenia and leukopenia, are consistent with sepsis and can be seen in melioidosis."", ""The patient's history of no history of recurrent fever, cough, or any recurrent infections, and no history of immunocompromised state, supports the diagnosis of melioidosis over other tropical diseases.""]}"
PMC10876100_02,Dengue,Melioidosis,Tuberculosis | Leptospirosis,high,0,0,46,66,0,"{""primary_diagnosis"": ""Melioidosis"", ""confidence"": ""high"", ""differential_diagnoses"": [""Tuberculosis"", ""Leptospirosis""], ""key_evidence"": [""The patient had preexisting diabetes mellitus as a risk factor for melioidosis."", ""Poorly controlled diabetes mellitus served as a primary predisposing risk factor for melioidosis."", ""End-stage renal disease treated with chronic hemodialysis substantially increased the risk of developing active tuberculosis."", ""Type 2 diabetes mellitus represented a significant pre-existing comorbidity in this patient with extrapulmonary tuberculosis."", ""The patient had preexisting diabetes mellitus as a risk factor for melioidosis."", ""Suboptimally controlled diabetes mellitus served as a primary predisposing condition for melioidosis.""]}"
PMC11090586_01,Tuberculosis,Tuberculosis,Leishmaniasis | Paracoccidioidomycosis,high,1,1,50,134,0,"{""primary_diagnosis"": ""Tuberculosis"", ""confidence"": ""high"", ""differential_diagnoses"": [""Leishmaniasis"", ""Paracoccidioidomycosis""], ""key_evidence"": [""Magnetic resonance imaging of the brain post-gadolinium demonstrated an ill-defined enhancing meningeal-based lesion, which is consistent with tuberculous meningitis."", ""The patient had a new onset of generalized tonic-clonic convulsion, which can be a complication of severe tuberculosis."", ""The patient had a history of uncontrolled HIV infection, which can predispose to opportunistic infections like tuberculosis.""]}"
PMC11101932_01,Tuberculosis,Melioidosis,Pulmonary Paragonimiasis | Tuberculosis,high,0,1,44,94,0,"{""primary_diagnosis"": ""Melioidosis"", ""confidence"": ""high"", ""differential_diagnoses"": [""Pulmonary Paragonimiasis"", ""Tuberculosis""], ""key_evidence"": [""The patient had a history of splenic process, which is a characteristic feature of melioidosis."", ""The patient had extensive bilateral pulmonary infiltrates, which are consistent with pulmonary paragonimiasis and tuberculosis.""]}"
PMC11664150_01,Tuberculosis,Leishmaniasis,Paracoccidioidomycosis | Melioidosis,high,0,0,44,117,0,"{""primary_diagnosis"": ""Leishmaniasis"", ""confidence"": ""high"", ""differential_diagnoses"": [""Paracoccidioidomycosis"", ""Melioidosis""], ""key_evidence"": [""The patient presented with vaginal odorless smelling discharge of 1 year duration; initially it was intermittent and minimal in amount; later it became continuous and significant in amount. She has pelvic pain and loss of appetite. She is Para v mother with no history of miscarriage or abortion. Otherwise, the patient didn't have any history of trauma to the site. She doesn't have any history of diabetes mellitus, hypertension, or immunocompromization. She doesn't have history of cough or [MASK] treatment. She doesn't have any contact with known [MASK] or [MASK] treated patients. She is vaccinated for HPV virus as protocol."", ""Histopathology of the lesion margin confirmed cutaneous leishmaniasis and associated panniculitis."", ""Cutaneous leishmaniasis was contracted in the province of Taounate during agricultural labor.""]}"
PMC11753413_01,Soil-Transmitted Helminths,Melioidosis,Talaromycosis | Leishmaniasis,high,0,0,50,152,0,"{""primary_diagnosis"": ""Melioidosis"", ""confidence"": ""high"", ""differential_diagnoses"": [""Talaromycosis"", ""Leishmaniasis""], ""key_evidence"": [""The patient had a history of COVID-19 infection, hypertension, and nephrotic syndrome, which can predispose to severe infections."", ""The patient had a prolonged cough, expectoration, fever, and shortness of breath, which are common symptoms of melioidosis."", ""The patient's laboratory findings, including leukocytosis, neutrophil percentage, eosinophil percentage, and elevated CRP and procalcitonin, suggest an ongoing infection."", ""The patient's immunocompromised state, as indicated by decreased CD3, CD4, and CD8 T cell counts, increases the risk of severe infections."", ""The presence of Burkholderia pseudomallei bacteremia, as indicated by positive blood cultures, is a hallmark of melioidosis."", ""The patient's history of residing in western Kenya, where melioidosis is endemic, supports the diagnosis.""]}"
PMC11754819_01,Malaria,Scrub Typhus,Dengue | Leptospirosis,high,0,0,49,85,0,"{""primary_diagnosis"": ""Scrub Typhus"", ""confidence"": ""high"", ""differential_diagnoses"": [""Dengue"", ""Leptospirosis""], ""key_evidence"": [""The patient had intermittent fever for 2 weeks, and could not communicate 4 days before admission. On admission, the patient had a GCS score of 11, indicating moderate illness."", ""The patient's altered mental status, including disorientation and partial loss of memory, is consistent with scrub typhus meningoencephalitis."", ""The patient's presentation of fever, altered mental status, and neurological symptoms, such as disorientation and partial loss of memory, are consistent with scrub typhus."", ""The patient's laboratory findings, such as decreased visual acuity in the right eye, are consistent with ocular involvement in scrub typhus."", ""The patient's history of intermittent fever and neurological symptoms, such as disorientation and partial loss of memory, are consistent with scrub typhus."", ""The patient's positive QuantiFERON-TB Gold test provided immunological evidence of tuberculosis infection, but this is not specific to scrub typhus."", ""The patient's positive dengue IgM serology and dengue virus infection are not supported by the clinical presentation and laboratory findings.""]}"
PMC11760300_01,Echinococcosis,Mycetoma,Paracoccidioidomycosis | Talaromycosis,high,0,0,53,85,0,"{""primary_diagnosis"": ""Mycetoma"", ""confidence"": ""high"", ""differential_diagnoses"": [""Paracoccidioidomycosis"", ""Talaromycosis""], ""key_evidence"": [""Histopathologic examination of the skin lesion confirmed the diagnosis of mycetoma with brown-black fungal colonies."", ""The patient's clinical presentation of extensive purpuric necrotic lesions resulting in tissue loss, which is consistent with mycetoma.""]}"
PMC11795047_01,Melioidosis,Tuberculosis,Melioidosis | Mycetoma,high,0,1,44,91,0,"{""primary_diagnosis"": ""Tuberculosis"", ""confidence"": ""high"", ""differential_diagnoses"": [""Melioidosis"", ""Mycetoma""], ""key_evidence"": [""The patient presented with low-grade fever, polyarthritis, and joint effusion, which are classic symptoms of osteoarticular tuberculosis."", ""The presence of multifocal osteomyelitis across multiple peripheral joints (left elbow, bilateral knees, and right ankle) is consistent with osteoarticular tuberculosis."", ""The patient's history of heavy alcohol consumption and poorly controlled diabetes mellitus, which are risk factors for osteoarticular tuberculosis, is supported by the clinical presentation."", ""The presence of joint effusion and joint swelling, as well as the presence of bone destruction and abscesses on imaging, are consistent with osteoarticular tuberculosis."", ""The patient's history of multiple attempts of joint washouts and the positive cultures for mycobacterium tuberculosis are strong evidence for osteoarticular tuberculosis.""]}"
PMC12382973_01,Echinococcosis,Melioidosis,Paracoccidioidomycosis | Schistosomiasis,high,0,0,51,145,0,"{""primary_diagnosis"": ""Melioidosis"", ""confidence"": ""high"", ""differential_diagnoses"": [""Paracoccidioidomycosis"", ""Schistosomiasis""], ""key_evidence"": [""Histopathological analysis confirmed the diagnosis of pelvic bone and soft tissue hydatid disease."", ""Histopathological analysis of excised thyroid tissue established the diagnosis of thyroid tuberculosis."", ""Histopathological analysis confirmed the characteristic laminated cyst wall of hydatid disease."", ""Histopathological analysis of resected dura confirmed paracoccidioidomycosis with silver-stain positive rounded birefringent structures."", ""Histopathological analysis of debrided tissue demonstrated cross-sections of the scabies mite."", ""Histopathological analysis of resected dura confirmed paracoccidioidomycosis with silver-stain positive rounded birefringent structures."", ""Histopathological analysis of debrided tissue demonstrated cross-sections of the scabies mite.""]}"
PMC12508594_01,Echinococcosis,Tuberculosis,Paracoccidioidomycosis | Melioidosis,high,0,0,43,148,0,"{""primary_diagnosis"": ""Tuberculosis"", ""confidence"": ""high"", ""differential_diagnoses"": [""Paracoccidioidomycosis"", ""Melioidosis""], ""key_evidence"": [""The patient had a history of mild exertional dyspnoea that resolved spontaneously, which is consistent with deconditioning after a cervical disc prolapse."", ""The patient had incidental pulmonary nodules and pleural-based fusiform cystic lesion, which are characteristic of tuberculosis, as seen in the provided medical knowledge graph evidence."", ""The patient's chest CT scan showed bilateral pleural effusions, pulmonary nodules, and hilar and mediastinal lymphadenopathy, which are findings consistent with tuberculosis."", ""The patient's chest pain resolved with the regression of the pleural lesion, which is a common finding in resolving tuberculosis lesions.""]}"
PMC12544461_01,Tuberculosis,Scabies,Cutaneous Leishmaniasis | Norwegian Scabies,high,0,0,27,20,0,"{""primary_diagnosis"": ""Scabies"", ""confidence"": ""high"", ""differential_diagnoses"": [""Cutaneous Leishmaniasis"", ""Norwegian Scabies""], ""key_evidence"": [""The patient presented with bilateral masses in the neck, which were confirmed to be cervical lymphadenopathy. The lymph node biopsy revealed multiple small abscesses with necrosis and neutrophilic infiltration, forming suppurative granulomatous inflammation, raising a suspicion of cat-scratch disease (CSD)."", ""The patient disclosed having two cats for the past 2 years, and the possibility of CSD was considered due to negative results from PAS, silver methenamine, and acid-fast staining, along with the patient's exposure to cats."", ""The patient was referred to our hospital with a diagnosis of pulmonary CSD and cervical CSD, attributed to his residence in a [MASK]-endemic area, a positive [MASK] result, and characteristic imaging findings of [MASK]."", ""Metagenomic pathogen detection workflow (MetaPath) successfully detected B. henselae sequences in formalin-fixed paraffin-embedded (FFPE) histopathological sections of a cervical lymph node specimen obtained externally, confirming a diagnosis of CSD."", ""The patient's history of cat use and the positive [MASK] test result supported the diagnosis of CSD."", ""The patient's lymphadenopathy and cervical lymphadenitis were attributed to his residence in a [MASK]-endemic area, a positive [MASK] result, and characteristic imaging findings of [MASK].""]}"
PMC12554546_01,Amebiasis,Melioidosis,Tuberculosis | Paracoccidioidomycosis,high,0,0,44,168,0,"{""primary_diagnosis"": ""Melioidosis"", ""confidence"": ""high"", ""differential_diagnoses"": [""Tuberculosis"", ""Paracoccidioidomycosis""], ""key_evidence"": [""The patient presented with a 10-day history of high fever, abdominal pain, diarrhea, and productive cough, without accompanying nausea, vomiting, or constipation."", ""The patient had a history of premature birth and was born at 28 weeks of gestation."", ""The patient had a history of hepatomegaly, with extensive low-density areas in the liver, which was unclear on imaging."", ""The patient had a history of recurrent high fever, cough, and abdominal pain, which are common symptoms of Melioidosis."", ""The patient had a history of elevated CRP levels and anemia, which are associated with Melioidosis."", ""The patient had a history of elevated liver enzymes and bilirubin levels, which are consistent with liver involvement in Melioidosis."", ""The patient had a history of a positive Coombs test, which can be seen in hemolytic anemia, a common complication of Melioidosis."", ""The patient had a history of a positive rheumatism screening, which can be seen in autoimmune diseases like Melioidosis."", ""The patient had a history of a positive Chlamydia pneumoniae IgG and Mycoplasma pneumoniae total antibodies, which can be seen in respiratory infections, including Melioidosis."", ""The patient had a history of a positive Coombs test, which can be seen in hemolytic anemia, a common complication of Melioidosis."", ""The patient had a history of a positive rheumatism screening, which can be seen in autoimmune diseases like Melioidosis."", ""The patient had a history of a positive Chlamydia pneumoniae IgG and Mycoplasma pneumoniae total antibodies, which can be seen in respiratory infections, including Melioidosis."", ""The patient had a history of a positive Coombs test, which can be seen in hemolytic anemia, a common complication of Melioidosis."", ""The patient had a history of a positive rheumatism screening, which can be seen in autoimmune diseases like Melioidosis."", ""The patient had a history of a positive Chlamydia pneumoniae IgG and Mycoplasma pneumoniae total antibodies, which can be seen in respiratory infections, including Melioidosis.""]}"
PMC12705073_01,Paracoccidioidomycosis,Schistosomiasis,Dengue | Echinococcosis,high,0,0,22,20,0,"{""primary_diagnosis"": ""Schistosomiasis"", ""confidence"": ""high"", ""differential_diagnoses"": [""Dengue"", ""Echinococcosis""], ""key_evidence"": [""The patient presented with a history of weight loss, generalized lymphadenopathy, and abdominal pain, which are consistent with schistosomal chronic granulomatous inflammation."", ""Histopathological examination of the inguinal lymph nodes revealed chronic granulomatous lymphadenitis with numerous refringent, rounded structures of varying sizes within the histiocytes, which is consistent with schistosomal granulomatous lymphadenitis."", ""The patient's clinical presentation, including the presence of enlarged lymph nodes and the presence of schistosomal granulomatous lymphadenitis, is consistent with schistosomal chronic granulomatous inflammation.""]}"
PMC12931996_01,Leprosy,Paracoccidioidomycosis,Echinococcosis | Mycetoma,high,0,0,47,128,0,"{""primary_diagnosis"": ""Paracoccidioidomycosis"", ""confidence"": ""high"", ""differential_diagnoses"": [""Echinococcosis"", ""Mycetoma""], ""key_evidence"": [""The patient's history of frequent international travel to Mexico, where scabies is endemic, and the development of papulonodular lesions on the dorsum of the hands, which are characteristic of post-kala-azar dermal leishmaniasis."", ""Histopathological examination of skin biopsy showed epithelioid cell granulomas with peripheral lymphocytes and perineural infiltration, which is consistent with actinomycetoma."", ""The patient's history of frequent international travel to Mexico, where scabies is endemic, and the development of papulonodular lesions on the dorsum of the hands, which are characteristic of post-kala-azar dermal leishmaniasis.""]}"
PMC13141470_01,Tuberculosis,Laryngeal tuberculosis,Mycetoma | Paracoccidioidomycosis,high,1,1,43,67,0,"{""primary_diagnosis"": ""Laryngeal tuberculosis"", ""confidence"": ""high"", ""differential_diagnoses"": [""Mycetoma"", ""Paracoccidioidomycosis""], ""key_evidence"": [""Persistent odynophagia and hoarseness as primary clinical complaints."", ""Bilateral cervical lymphadenopathy, presenting as firm, nontender, matted, and mobile swellings."", ""Histopathological analysis of epiglottic biopsies revealed extensive ulceration, severe chronic inflammation, fibrosis, and necrotic foci, with no evidence of malignancy."", ""Bilateral centrilobular micronodules, bronchiectasis, and intrathoracic lymphadenopathy on CT scan, consistent with extrapulmonary tuberculosis.""]}"
PMC2651114_01,Echinococcosis,Tuberculosis,Melioidosis | Schistosomiasis,high,0,0,49,154,0,"{""primary_diagnosis"": ""Tuberculosis"", ""confidence"": ""high"", ""differential_diagnoses"": [""Melioidosis"", ""Schistosomiasis""], ""key_evidence"": [""The patient originated from Afghanistan, an area endemic for Mycobacterium tuberculosis."", ""The patient had a history of receiving various medications including [MASK] treatment in Afghanistan, which could be related to tuberculosis exposure."", ""The patient had a large simple cyst in the right lung, which could be a manifestation of pulmonary tuberculosis."", ""The patient had a thin pericystic wall anteriorly and the cyst was removed relatively easily, which could be a sign of a cystic form of tuberculosis."", ""The patient had a history of abdominal pain, which could be a symptom of abdominal tuberculosis."", ""The patient had a history of emigration from Pakistan, an endemic region for tuberculosis."", ""The patient had a history of emigration from Afghanistan, an area endemic for tuberculosis.""]}"
PMC3035558_01,Melioidosis,Melioidosis,Scabies | Leprosy,high,1,1,48,125,0,"{""primary_diagnosis"": ""Melioidosis"", ""confidence"": ""high"", ""differential_diagnoses"": [""Scabies"", ""Leprosy""], ""key_evidence"": [""Computed tomography scan showed disseminated abscesses in the lungs, spleen, prostate, and shoulder musculature, which is consistent with disseminated melioidosis."", ""The patient had multiple round hypodense abscesses in the liver, which is a characteristic finding in melioidosis."", ""The patient developed necrotic cutaneous ulceration and abscesses, which are common manifestations of melioidosis."", ""The patient's history of alcoholic liver cirrhosis and the presence of multiple abscesses in the liver are consistent with melioidosis.""]}"
PMC3090634_01,Leishmaniasis,Melioidosis,Leishmaniasis | Tuberculosis,high,0,1,37,73,0,"{""primary_diagnosis"": ""Melioidosis"", ""confidence"": ""high"", ""differential_diagnoses"": [""Leishmaniasis"", ""Tuberculosis""], ""key_evidence"": [""The patient presented with a history of chronic active hepatitis B, which can be complicated by various infections including Melioidosis."", ""The patient had cachexia, hepatosplenomegaly, and lymphadenopathy, which are common in Melioidosis. The presence of a discreet mucosal polypoid lesion on the middle lobe carina is also consistent with Melioidosis."", ""The patient's history of chronic active hepatitis B and the presence of enlarged lymph nodes, along with the presence of a discreet mucosal polypoid lesion, are consistent with the clinical presentation of Melioidosis.""]}"
PMC3135015_01,Schistosomiasis,Melioidosis,Paracoccidioidomycosis | Echinococcosis,high,0,0,47,156,0,"{""primary_diagnosis"": ""Melioidosis"", ""confidence"": ""high"", ""differential_diagnoses"": [""Paracoccidioidomycosis"", ""Echinococcosis""], ""key_evidence"": [""Histopathological examination of the vulvar lesion revealed clusters of viable-appearing eggs in the dermis, which is consistent with Melioidosis."", ""The patient had a history of swimming in fresh water lakes in Senegal and Mali, which is a known risk factor for Melioidosis."", ""The presence of viable miracidia in the ova is characteristic of Melioidosis.""]}"
PMC3628229_01,Tuberculosis,Tuberculosis,Scabies | Melioidosis,high,1,1,39,83,0,"{""primary_diagnosis"": ""Tuberculosis"", ""confidence"": ""high"", ""differential_diagnoses"": [""Scabies"", ""Melioidosis""], ""key_evidence"": [""Persistent high-grade fever, bilateral perforated tympanic membranes, submandibular, cervical, and axillary lymphadenopathy, matted left upper deep cervical lymph nodes, and miliary mottling on chest X-ray."", ""The patient had received both oral and topical medications (comprising fluoroquinolones and aminoglycosides) for his ailment from several practitioners without any respite to his symptoms."", ""The history had to be reviewed again for possible contact with a known [MASK] case but was found to be negative.""]}"
PMC3810313_01,Leishmaniasis,Amebiasis,Paracoccidioidomycosis | Melioidosis,high,0,0,45,146,0,"{""primary_diagnosis"": ""Amebiasis"", ""confidence"": ""high"", ""differential_diagnoses"": [""Paracoccidioidomycosis"", ""Melioidosis""], ""key_evidence"": [""The patient had a small pimple on the eyelid that enlarged slowly, with slightly erythematous, raised borders and was crusty and painless. These symptoms are consistent with cutaneous lesions seen in amebiasis."", ""The patient's history of mild arthralgias and myalgias, although mild, is consistent with the systemic symptoms seen in amebiasis, such as myalgia and arthralgia."", ""The patient's history of cutaneous adverse drug reaction and the failure of various treatments including antibiotics and antifungals, suggests a chronic, resistant infection, which is consistent with amebiasis."", ""The presence of Staphylococcus aureus in the lesion, despite treatment, is not uncommon in amebiasis, as the infection can be superimposed on the primary amebic lesion."", ""The patient's history of cutaneous lesions and the failure of treatment with cephalexin, cloxacillin, amoxicillin-claulanate, and steroids, points towards a resistant or chronic infection, which is consistent with amebiasis.""]}"
PMC3982339_04,Tuberculosis,Tuberculosis,Paracoccidioidomycosis | Melioidosis,high,1,1,38,127,0,"{""primary_diagnosis"": ""Tuberculosis"", ""confidence"": ""high"", ""differential_diagnoses"": [""Paracoccidioidomycosis"", ""Melioidosis""], ""key_evidence"": [""Multiple diffuse consolidations and thin walled cystic lesions in upper and middle lobes on CT scan, consistent with pulmonary tuberculosis."", ""The patient's presentation of respiratory distress, prolonged oxygen dependence, and multiple cystic lesions on CT scan, which are characteristic of pulmonary tuberculosis."", ""The patient's history of prolonged hospitalization and the presence of pulmonary interstitial emphysema, which can be seen in disseminated tuberculosis."", ""The patient's history of prolonged hospitalization and the presence of pulmonary interstitial emphysema, which can be seen in disseminated tuberculosis.""]}"
PMC4237689_01,Tuberculosis,Melioidosis,Amebiasis | Leishmaniasis,high,0,0,48,89,0,"{""primary_diagnosis"": ""Melioidosis"", ""confidence"": ""high"", ""differential_diagnoses"": [""Amebiasis"", ""Leishmaniasis""], ""key_evidence"": [""The patient presented with progressive restriction on the right hip joint, joint space narrowing, synovitis, bone marrow edema, and destruction, which are consistent with the clinical presentation of melioidosis involving the hip joint."", ""Computed tomography revealed a periprosthetic abscess originating at the left hip, which is a common finding in melioidosis involving prosthetic joints."", ""The patient had a history of hip joint involvement, which is consistent with the extrapulmonary manifestation of melioidosis.""]}"
PMC4427073_01,Tuberculosis,Prostatic tuberculosis,Paracoccidioidomycosis | Neuromelioidosis,high,1,1,36,123,0,"{""primary_diagnosis"": ""Prostatic tuberculosis"", ""confidence"": ""high"", ""differential_diagnoses"": [""Paracoccidioidomycosis"", ""Neuromelioidosis""], ""key_evidence"": [""Prostatic tuberculosis is a rare localized manifestation of tuberculosis, as evidenced by the necrotic granulomatous lesions observed in the prostate biopsy."", ""The patient's history of previous hospitalization and the presence of granulomatous lesions in the prostate suggest a possible mycobacterial infection, which is consistent with prostatic tuberculosis."", ""The patient's presentation of necrotic granulomatous lesions in the prostate, along with the histopathological examination showing caseous necrosis and intracellular acid-fast bacilli, supports the diagnosis of prostatic tuberculosis.""]}"
PMC4703342_01,Leishmaniasis,Tuberculosis,Talaromycosis | Scabies,high,0,0,37,154,0,"{""primary_diagnosis"": ""Tuberculosis"", ""confidence"": ""high"", ""differential_diagnoses"": [""Talaromycosis"", ""Scabies""], ""key_evidence"": [""The patient had a history of kidney transplantation and received immunosuppressive therapy, which predisposed to tuberculosis."", ""The patient had multiple bilateral pulmonary nodules and cavities on chest CT, consistent with active pulmonary tuberculosis."", ""The patient received antitubercular therapy including isoniazid, ethambutol, pyrazinamide, and rifampicin.""]}"
PMC4703342_02,Leishmaniasis,Talaromycosis,Paracoccidioidomycosis | Melioidosis,high,0,0,45,156,0,"{""primary_diagnosis"": ""Talaromycosis"", ""confidence"": ""high"", ""differential_diagnoses"": [""Paracoccidioidomycosis"", ""Melioidosis""], ""key_evidence"": [""The patient experienced persistent high fever exceeding 39 C in the infant, which is a key clinical manifestation of talaromycosis."", ""The patient had hepatosplenomegaly and pancytopenia, which are consistent with disseminated talaromycosis."", ""The patient's history of recurrent fever and relapses, along with the presence of echinococcal lung cyst, supports the diagnosis of talaromycosis.""]}"
PMC4703342_03,Leishmaniasis,Tuberculosis,Leishmaniasis | Schistosomiasis,high,0,1,33,110,0,"{""primary_diagnosis"": ""Tuberculosis"", ""confidence"": ""high"", ""differential_diagnoses"": [""Leishmaniasis"", ""Schistosomiasis""], ""key_evidence"": [""The patient had HIV infection, which is a known predisposing factor for disseminated tuberculosis."", ""The patient had a history of uncontrolled HIV infection, which can lead to severe opportunistic infections such as tuberculosis."", ""The patient had a history of uncontrolled HIV infection, which can predispose to disseminated tuberculosis.""]}"
PMC4703342_04,Leishmaniasis,Scrub Typhus,Melioidosis | Tuberculosis,high,0,0,47,66,0,"{""primary_diagnosis"": ""Scrub Typhus"", ""confidence"": ""high"", ""differential_diagnoses"": [""Melioidosis"", ""Tuberculosis""], ""key_evidence"": [""The patient had a history of HIV infection and was on antiretroviral therapy, which can predispose to opportunistic infections like scrub typhus."", ""The patient presented with symptoms of fever, fatigue, and neutropenia, which are common in scrub typhus. The patient also had a history of neutropenic fever, which is a known complication of scrub typhus."", ""The patient's CD4 count and viral load were monitored, indicating a chronic HIV infection, which is a risk factor for opportunistic infections such as scrub typhus.""]}"
PMC4712770_01,Dengue,Melioidosis,Leishmaniasis | Malaria,high,0,0,42,84,0,"{""primary_diagnosis"": ""Melioidosis"", ""confidence"": ""high"", ""differential_diagnoses"": [""Leishmaniasis"", ""Malaria""], ""key_evidence"": [""The patient presented with severe thrombocytopenia (platelet count of 32,000/mm^3) and developed disseminated intravascular coagulation (DIC), which are prominent hematologic manifestations of vivax malaria. However, the patient's history of travel exposure to Nigeria and the presence of disseminated tuberculosis (mycobacterium tuberculosis) support the diagnosis of melioidosis."", ""The patient's history of travel exposure to Nigeria and the presence of disseminated tuberculosis (mycobacterium tuberculosis) support the diagnosis of melioidosis."", ""The patient's severe thrombocytopenia and DIC are also seen in melioidosis, but the presence of disseminated tuberculosis further supports this diagnosis.""]}"
PMC5392109_01,Leptospirosis,Leptospirosis,Malaria | Tuberculosis,high,1,1,30,20,0,"{""primary_diagnosis"": ""Leptospirosis"", ""confidence"": ""high"", ""differential_diagnoses"": [""Malaria"", ""Tuberculosis""], ""key_evidence"": [""The patient developed severe liver failure, pulmonary hemorrhage, and neutrophil-predominant leukocytosis in a relevant time frame, which is consistent with leptospirosis."", ""The patient's history of freshwater swimming at National Park, combined with his travel history, supports the clinical suspicion of leptospirosis."", ""The initial chest X-ray was unremarkable, which is not typical for severe leptospirosis but could be explained by the early stage of the disease."", ""The patient's presentation of jaundice, conjunctival suffusions, and thrombocytopenia is consistent with leptospirosis, a zoonotic bacterial infection caused by Leptospira species.""]}"
PMC5516680_01,Schistosomiasis,Paracoccidioidomycosis,Schistosomiasis | Melioidosis,high,0,1,52,71,0,"{""primary_diagnosis"": ""Paracoccidioidomycosis"", ""confidence"": ""high"", ""differential_diagnoses"": [""Schistosomiasis"", ""Melioidosis""], ""key_evidence"": [""The patient had a history of travel to South African countries, which is a risk factor for Paracoccidioidomycosis."", ""The patient presented with intermittent hematuria, which can be a symptom of Paracoccidioidomycosis."", ""The imaging findings, including the focal thickening of the fundus of the urinary bladder and the filling defect in the left upper ureter, are consistent with Paracoccidioidomycosis.""]}"
PMC5813668_01,Leishmaniasis,Paracoccidioidomycosis,Tuberculosis | Melioidosis,high,0,0,43,102,0,"{""primary_diagnosis"": ""Paracoccidioidomycosis"", ""confidence"": ""high"", ""differential_diagnoses"": [""Tuberculosis"", ""Melioidosis""], ""key_evidence"": [""Multiple, disseminated and wet-looking skin lesions which were papular, crusted and severely ulcerated all over the left arm and hemithorax, with severe inflammatory lesions resembling second-degree burn wounds."", ""Histopathological examination of the lesions showed polymorphic cutaneous lesions including plaques and pustules, which is consistent with Paracoccidioidomycosis."", ""The patient's lesions spread to his palm and all over the left finger nails, which is a rare manifestation of Paracoccidioidomycosis."", ""The patient had a history of opium smoking abuse and Chronic Obstructive Pulmonary Disease (COPD), which can predispose to secondary infections, including Paracoccidioidomycosis.""]}"
PMC5968232_01,Soil-Transmitted Helminths,,,unknown,1,0,44,162,0,"{""error"": """", ""primary_diagnosis"": """", ""differential_diagnoses"": []}"
PMC6183218_01,Foodborne Trematodes,Melioidosis,Cholera | Tuberculosis,high,0,0,38,67,0,"{""primary_diagnosis"": ""Melioidosis"", ""confidence"": ""high"", ""differential_diagnoses"": [""Cholera"", ""Tuberculosis""], ""key_evidence"": [""Multiple heterogeneous hypoechoic masses of varying sizes located centrally in the right lobe of the liver with central necrosis and cavitation areas, suggestive of a chronic inflammatory process."", ""The patient's history of right mastectomy for breast carcinoma, along with the presence of multiple liver masses, could be indicative of a systemic infection such as Melioidosis, which can present with hepatosplenomegaly and hepatic abscesses."", ""The presence of enlarged lymph nodes in the porta hepatis, which is a common finding in Melioidosis, supports the diagnosis."", ""The eosinophil-rich inflammatory necrotic tissue observed in the pathological examination of the liver lesions is consistent with the eosinophilic infiltrates seen in Melioidosis.""]}"
PMC6192136_01,Tuberculosis,Melioidosis,Leishmaniasis | Tuberculosis,high,0,1,50,124,0,"{""primary_diagnosis"": ""Melioidosis"", ""confidence"": ""high"", ""differential_diagnoses"": [""Leishmaniasis"", ""Tuberculosis""], ""key_evidence"": [""Computed tomography revealed complex right-sided scrotal fluid collection in addition to an enlarged and heterogeneous prostate, an enlarged juxtaesophageal lymph node, and right lung apical nodular scarring."", ""The patient had a history of HIV infection, which predisposes to severe and disseminated infections such as melioidosis."", ""Multiple discrete abscess lesions in the spleen were observed, which is a characteristic finding in melioidosis.""]}"
PMC6230409_01,Soil-Transmitted Helminths,Tuberculosis,Paracoccidioidomycosis | Leishmaniasis,high,0,0,44,147,0,"{""primary_diagnosis"": ""Tuberculosis"", ""confidence"": ""high"", ""differential_diagnoses"": [""Paracoccidioidomycosis"", ""Leishmaniasis""], ""key_evidence"": [""Pulmonary tuberculosis presented with unexplained baseline Transaminitis prior to therapy."", ""Advanced HIV infection provided an immunosuppressed background for severe, chronic relapsing visceral leishmaniasis."", ""Advanced HIV infection with severe CD4 lymphopenia predisposed to disseminated and esophageal tuberculosis.""]}"
PMC6598396_01,Tuberculosis,Tuberculosis,Mycetoma | Paracoccidioidomycosis,high,1,1,49,166,0,"{""primary_diagnosis"": ""Tuberculosis"", ""confidence"": ""high"", ""differential_diagnoses"": [""Mycetoma"", ""Paracoccidioidomycosis""], ""key_evidence"": [""The patient presented with persistent fever, multiple new nodules in both lungs, and pleural effusion with mesenteric lymphadenopathy."", ""Computed tomography of chest and abdomen showed patchy consolidation in the right upper lung, multiple new nodules in both lungs, moderate pleural effusion, and multiple low-density nodules in the spleen and hepatic hilar region without hepatomegaly."", ""The patient's condition progressed to involve the central nervous system as tuberculous meningitis, and the patient presented with concomitant lepromatous leprosy and disseminated tuberculosis.""]}"
PMC6598396_02,Tuberculosis,Tuberculosis,Neonatal Pneumonia | Melioidosis,high,1,1,46,63,0,"{""primary_diagnosis"": ""Tuberculosis"", ""confidence"": ""high"", ""differential_diagnoses"": [""Neonatal Pneumonia"", ""Melioidosis""], ""key_evidence"": [""The chest X-ray exhibited a miliary [MASK] pattern (Figure 1E)."", ""A chest CT image displayed diffuse interlobular and intralobular septal thickening with ground-glass opacities (Figure 1F)."", ""Perinatal tuberculosis presented clinically as severe neonatal pneumonia."", ""Pulmonary tuberculosis served as the triggering infectious etiology for secondary TTP (thrombotic thrombocytopenic purpura)."", ""Positive nonstructural protein 1 test confirmed acute dengue infection."", ""Positive nonstructural protein 1 antigen test detected nonstructural protein 1 antigen ten days post-injury, establishing diagnosis."", ""The neonate was highly suspected to have [MASK] infection at that time, acid-fast staining and [MASK] polymerase chain reaction (PCR) of the sputum were performed.""]}"
PMC6713098_01,Melioidosis,Talaromycosis,Paracoccidioidomycosis | Melioidosis,high,0,1,47,141,0,"{""primary_diagnosis"": ""Talaromycosis"", ""confidence"": ""high"", ""differential_diagnoses"": [""Paracoccidioidomycosis"", ""Melioidosis""], ""key_evidence"": [""The patient had multiple abscesses, especially in the lungs, liver, and spleen, which are characteristic signs of Talaromycosis."", ""The patient's history of living in Laos, where Talaromycosis is endemic, supports the diagnosis."", ""The isolate from the patient's blood culture grew on blood, MacConkey, and chocolate agar, consistent with Talaromycosis."", ""The isolate was identified as sequence type 46, which is consistent with Talaromycosis strains found in Laos."", ""The whole-genome sequencing results confirmed the isolate was most closely related to Talaromyces marneffei from Thailand.""]}"
PMC6942725_01,Leptospirosis,Dengue,Leptospirosis | Melioidosis,high,0,1,38,80,0,"{""primary_diagnosis"": ""Dengue"", ""confidence"": ""high"", ""differential_diagnoses"": [""Leptospirosis"", ""Melioidosis""], ""key_evidence"": [""The patient presented with a 5-day history of fever, myalgia, jaundice, purpuric rash, haematemesis, and anuria, which are classic symptoms of severe dengue."", ""Laboratory findings included elevated transaminases (AST 174 IU/L, ALT 110 IU/L) and total bilirubin (28 mg/dL), which are consistent with dengue fever."", ""The patient had a history of fishing in rivers and was bitten by a ferret 15 days prior to presentation, which is a known risk factor for dengue infection."", ""The patient developed fulminant liver failure and acute kidney injury, which are severe complications of severe dengue."", ""The patient's clinical presentation, including the rapid progression to severe liver and kidney failure, is consistent with severe dengue.""]}"
PMC6942725_02,Leptospirosis,Tuberculosis,Leishmaniasis | Melioidosis,high,0,0,48,146,0,"{""primary_diagnosis"": ""Tuberculosis"", ""confidence"": ""high"", ""differential_diagnoses"": [""Leishmaniasis"", ""Melioidosis""], ""key_evidence"": [""The patient had a history of travel to India, which is endemic for tuberculosis."", ""The patient presented with fever, altered level of consciousness, and acute kidney and liver failure, which are common manifestations of disseminated tuberculosis."", ""The patient underwent a transrectal ultrasound guided prostate biopsy with ciprofloxacin antibiotic prophylaxis, which could have led to a urinary tract infection complicating the tuberculosis infection."", ""The patient's initial tuberculosis serology was negative, but the presence of high-grade spiking fevers, cerebellar ataxia, and facial dyskinesia, along with the negative PCR for [MASK] DNA, supported the diagnosis of tuberculosis."", ""The patient's liver transplantation and the persistence of altered level of consciousness, cerebellar ataxia, and facial dyskinesia, despite the resolution of liver failure, suggested a central nervous system involvement, which is a known complication of disseminated tuberculosis.""]}"
PMC7268139_01,Talaromycosis,Tuberculosis,Paracoccidioidomycosis | Schistosomiasis,high,0,0,44,106,0,"{""primary_diagnosis"": ""Tuberculosis"", ""confidence"": ""high"", ""differential_diagnoses"": [""Paracoccidioidomycosis"", ""Schistosomiasis""], ""key_evidence"": [""Multiple ground glass opacities with multiple bullae in both lungs on chest CT scan, suggestive of active pulmonary tuberculosis."", ""History of immunocompromised state since infancy, including multiple surgical treatments for suspected pleurisy and skin infection."", ""Histological examination revealed chronic granulomatous inflammation in the dorsal segment of RLL and the group 7 lymph node, consistent with tuberculosis."", ""Loss-of-function mutation in the gene STAT3, which could be associated with congenital immunodeficiency, supporting the diagnosis of tuberculosis.""]}"
PMC7749933_01,Neurocysticercosis,Mycetoma,Leprosy | Paracoccidioidomycosis,high,0,0,42,62,0,"{""primary_diagnosis"": ""Mycetoma"", ""confidence"": ""high"", ""differential_diagnoses"": [""Leprosy"", ""Paracoccidioidomycosis""], ""key_evidence"": [""The patient presented with chronic severe headaches, progressive deterioration of 6 months in visual acuity with blurring of her left-sided vision, and bitemporal hemianopia. These symptoms are consistent with optic chiasm compression, which is a known complication of pituitary apoplexy or mass lesion, such as mycetoma."", ""Brain magnetic resonance (MR) showed a cystic image in the sellar and suprasellar region, which is consistent with a cystic mass, such as mycetoma, causing mass effect and compression of the optic chiasm."", ""The patient underwent a supraorbital transciliar keyhole approach, which is a surgical procedure often performed for mycetoma, a fungal infection that can cause cysts and nodules in the skin and subcutaneous tissues.""]}"
PMC8060098_01,Tuberculosis,Melioidosis,Leptospirosis | Tuberculosis,high,0,1,45,97,0,"{""primary_diagnosis"": ""Melioidosis"", ""confidence"": ""high"", ""differential_diagnoses"": [""Leptospirosis"", ""Tuberculosis""], ""key_evidence"": [""The patient developed sudden onset swelling over the body, which is a known complication of severe melioidosis."", ""The renal biopsy showed nonproliferative glomerulopathy, which is consistent with the presentation of collapsing glomerulopathy seen in melioidosis."", ""The patient's laboratory profile showed proteinuria, which is a common finding in melioidosis."", ""The chest X-ray showed dense homogenous opacity in the right upper zone area of the lung, which is consistent with pulmonary melioidosis.""]}"
PMC9161195_01,Tuberculosis,Melioidosis,Malaria | Tuberculosis,high,0,1,41,63,0,"{""primary_diagnosis"": ""Melioidosis"", ""confidence"": ""high"", ""differential_diagnoses"": [""Malaria"", ""Tuberculosis""], ""key_evidence"": [""The patient presented with a cough, fever, and dyspnea, which is consistent with the clinical presentation of Melioidosis, especially in a patient with a known history of hypertension and dyslipidemia."", ""The patient's laboratory findings, including lymphocytopenia and elevated ESR and CRP, are consistent with a systemic infection, which can be seen in Melioidosis. However, these findings are also consistent with other conditions such as Malaria and Tuberculosis."", ""The HRCT of lungs revealed typical characteristics of COVID-19 and a suspected Melioidosis cavity, which is a unique finding that supports the diagnosis of Melioidosis.""]}"
PMC9196837_01,Tuberculosis,Melioidosis,Tuberculosis | Mycetoma,high,0,1,27,20,0,"{""primary_diagnosis"": ""Melioidosis"", ""confidence"": ""high"", ""differential_diagnoses"": [""Tuberculosis"", ""Mycetoma""], ""key_evidence"": [""Persistent productive cough, weight loss, and the presence of cavitation in the right upper lobe (RUL) on chest CT, which are characteristic of Melioidosis."", ""The patient's history of rheumatological issues and the presence of bilateral crepitant rales, which can be seen in both Melioidosis and Tuberculosis."", ""The patient's history of sarcopenia and the presence of significant lung volume loss and bronchiectasis, which are features of both Melioidosis and Mycetoma.""]}"
PMC9375718_01,Echinococcosis,Mycetoma,Paracoccidioidomycosis | Leprosy,high,0,0,53,79,0,"{""primary_diagnosis"": ""Mycetoma"", ""confidence"": ""high"", ""differential_diagnoses"": [""Paracoccidioidomycosis"", ""Leprosy""], ""key_evidence"": [""The patient had a mass in her right thigh which was present for ten years and was found to be a cystic lesion in the right vastus lateralis muscle."", ""The patient underwent surgery and the mass was reached by a 20 cm longitudinal skin incision on the right thigh anterolaterally."", ""Histopathologic examination of the resected specimen confirmed the hydatid nature of the cyst.""]}"
PMC9386617_01,Dengue,Melioidosis,Schistosomiasis | Tuberculosis,high,0,0,41,39,0,"{""primary_diagnosis"": ""Melioidosis"", ""confidence"": ""high"", ""differential_diagnoses"": [""Schistosomiasis"", ""Tuberculosis""], ""key_evidence"": [""The patient resided in Chonburi Province, Thailand, an endemic region for melioidosis."", ""The patient had a history of concurrent malaria and COVID-19, which is consistent with melioidosis as a co-infection."", ""The patient's presentation of fever, myalgia, and arthralgia, along with the presence of a urinary tract infection, is consistent with melioidosis.""]}"
PMC9724124_01,Echinococcosis,,,unknown,1,0,43,80,0,"{""error"": """", ""primary_diagnosis"": """", ""differential_diagnoses"": []}"
PMC9761204_01,Tuberculosis,Melioidosis,Tuberculosis | Schistosomiasis,high,0,1,49,133,0,"{""primary_diagnosis"": ""Melioidosis"", ""confidence"": ""high"", ""differential_diagnoses"": [""Tuberculosis"", ""Schistosomiasis""], ""key_evidence"": [""The patient was previously misdiagnosed and treated as pulmonary tuberculosis, which is consistent with disseminated tuberculosis."", ""The patient had multiple comorbidities including untreated chronic hepatitis B, type 2 diabetes, diabetic retinopathy, and osteoarthritis of right knee, which are common in patients with melioidosis.""]}"
PMC10162717_01,Leishmaniasis,Leishmaniasis,Paracoccidioidomycosis | Talaromycosis,high,1,1,52,92,0,"{""primary_diagnosis"": ""Leishmaniasis"", ""confidence"": ""high"", ""differential_diagnoses"": [""Paracoccidioidomycosis"", ""Talaromycosis""], ""key_evidence"": [""The patient presented with persistent crusted ulcerated lesions on the eyebrow and forehead, which is characteristic of cutaneous leishmaniasis."", ""Histopathological examination of the excised lesion confirmed basal ulcerative pigmentary carcinoma, which developed superimposed upon the chronic cutaneous leishmaniasis lesion."", ""The patient's nodular eruptions were non-pruritic and distributed across the face, hands, and abdomen, which is consistent with cutaneous leishmaniasis."", ""The patient's history of lymphoma and the presence of nodular eruptions, along with the presence of small, round structures similar to amastigotes in the punch biopsy, suggest a granulomatous dermatitis, which is often associated with leishmaniasis.""]}"
PMC10374365_01,Malaria,Trypanosomiasis,Schistosomiasis | Melioidosis,high,0,0,45,158,0,"{""primary_diagnosis"": ""Trypanosomiasis"", ""confidence"": ""high"", ""differential_diagnoses"": [""Schistosomiasis"", ""Melioidosis""], ""key_evidence"": [""The patient had a history of travel to Liberia, a country where trypanosomiasis is endemic."", ""The patient presented with fever, chills, and vomiting, which are common symptoms of trypanosomiasis."", ""The patient's symptoms, including fever and chills, were not alleviated by the initial treatment regimen."", ""The patient's symptoms, including fever and chills, were not alleviated by the initial treatment regimen, and the blood smear was negative for trypanosomiasis."", ""The patient's symptoms, including fever and chills, were not alleviated by the initial treatment regimen, and the CT scan revealed liver abscesses, which are consistent with liver involvement in trypanosomiasis.""]}"
PMC10460097_01,Tuberculosis,tuberculosis,schistosomiasis | melioidosis,high,1,1,45,172,0,"{""primary_diagnosis"": ""tuberculosis"", ""confidence"": ""high"", ""differential_diagnoses"": [""schistosomiasis"", ""melioidosis""], ""key_evidence"": [""Colonoscopy showed a circumferential ulcerated, narrowed ileocecal valve with a pulled-up caecum suggestive of abdominal tuberculosis."", ""Computed tomography of abdomen showed mesenteric lymph node enlargement suggestive of intestinal tuberculosis."", ""The patient had a history of chronic alcoholism, which is a risk factor for gastrointestinal tuberculosis."", ""Multiple biopsies were taken to rule out dysplasia, which is consistent with the investigation for gastrointestinal tuberculosis.""]}"
PMC10540695_01,Tuberculosis,Melioidosis,Leishmaniasis | Malaria,high,0,0,50,139,0,"{""primary_diagnosis"": ""Melioidosis"", ""confidence"": ""high"", ""differential_diagnoses"": [""Leishmaniasis"", ""Malaria""], ""key_evidence"": [""The patient had a history of contact eczema 10 years ago, which was initially misdiagnosed and treated with topical steroids."", ""The biopsy of the ulcer indicated a granulomatous inflammation of the infected area, which is consistent with the histopathological findings of granulomatous inflammation seen in Melioidosis."", ""The patient's CRP level was elevated (59 mg/L) and albumin level was low (29 g/L), which can be seen in Melioidosis, although these findings are not specific to the disease."", ""The patient's history of contact eczema and the presence of granulomatous inflammation in the biopsy are consistent with the granulomatous inflammation seen in Melioidosis.""]}"
PMC10569653_01,Melioidosis,Melioidosis,Leishmaniasis | Malaria,high,1,1,50,92,0,"{""primary_diagnosis"": ""Melioidosis"", ""confidence"": ""high"", ""differential_diagnoses"": [""Leishmaniasis"", ""Malaria""], ""key_evidence"": [""The patient had a history of a 22-week intrauterine gestation and a single live intrauterine gestation on MRI of the abdomen."", ""The patient had a history of severe thrombocytopenia (platelet count falling to 29 x 10^3/microL) and anemia (haemoglobin: 7.3 g/dL)."", ""The patient had a history of a single live intrauterine gestation, which is consistent with the presence of haemophagocytes in bone marrow and splenomegaly seen in HLH."", ""The patient had a history of a 45-day fever associated with chills and generalized body pain, which is consistent with the symptoms of melioidosis."", ""The patient had a history of a 22-week intrauterine gestation, which is consistent with the presence of haemophagocytes in bone marrow and splenomegaly seen in HLH."", ""The patient had a history of a 22-week intrauterine gestation, which is consistent with the presence of haemophagocytes in bone marrow and splenomegaly seen in HLH.""]}"
PMC10643883_01,Tuberculosis,Tuberculosis,Paracoccidioidomycosis | Melioidosis,high,1,1,35,108,0,"{""primary_diagnosis"": ""Tuberculosis"", ""confidence"": ""high"", ""differential_diagnoses"": [""Paracoccidioidomycosis"", ""Melioidosis""], ""key_evidence"": [""The patient had a documented history of fever and experienced a weight loss of approximately 15 kg over the course of three months, accompanied by a notable decrease in appetite."", ""The patient's lymph node biopsy showed epithelioid cells between the reticular fibres, suggesting chronic lymphadenitis."", ""The patient had a history of SLE, which predisposed them to opportunistic talaromycosis."", ""The patient's lymph node biopsy showed epithelioid cells between the reticular fibres, suggesting chronic lymphadenitis."", ""The patient's lymph node biopsy showed epithelioid cells between the reticular fibres, suggesting chronic lymphadenitis."", ""The patient's lymph node biopsy showed epithelioid cells between the reticular fibres, suggesting chronic lymphadenitis.""]}"
PMC10805995_01,Dengue,Schistosomiasis,Neurocysticercosis | Tuberculosis,high,0,0,54,108,0,"{""primary_diagnosis"": ""Schistosomiasis"", ""confidence"": ""high"", ""differential_diagnoses"": [""Neurocysticercosis"", ""Tuberculosis""], ""key_evidence"": [""MRI dorsal spine showed mild disc bulge at L4/5 and L5/S1 levels, mild bilateral neural foraminal stenosis without major neural impairment, and lumbar spondylosis-like characteristics."", ""Lower limb weakness occurred due to spinal cord compression from Spinal Neurocysticercosis."", ""MRI dorsal spine showed mild disc bulge at L4/5 and L5/S1 levels, mild bilateral neural foraminal stenosis without major neural impairment, and lumbar spondylosis-like characteristics."", ""MRI Brain did not reveal any significant finding."", ""MRI dorsal spine showed mild disc bulge at L4/5 and L5/S1 levels, mild bilateral neural foraminal stenosis without major neural impairment, and lumbar spondylosis-like characteristics.""]}"
PMC10823322_01,Neurocysticercosis,Neurocysticercosis,Schistosomiasis | Mycetoma,high,1,1,49,163,0,"{""primary_diagnosis"": ""Neurocysticercosis"", ""confidence"": ""high"", ""differential_diagnoses"": [""Schistosomiasis"", ""Mycetoma""], ""key_evidence"": [""The patient presented with a frontal syndrome, dysexecutive syndrome, programming dysfunction, disinhibition, grasping, urinary incontinence, and a frontal Assessment Battery (FAB) score of 10/17, which is consistent with neurocysticercosis."", ""The patient had a frontal brain lesion, which is a common finding in neurocysticercosis."", ""The patient had a history of generalized tonic-clonic seizures, which is a hallmark symptom of neurocysticercosis."", ""The patient had a history of a subcutaneous nodule in the left temporal muscle, which can be associated with neurocysticercosis."", ""The patient had a history of a round cystic hypodensity in the left temporal muscle, which can be associated with neurocysticercosis.""]}"
PMC10858631_01,Tuberculosis,Scrub Typhus,Melioidosis | Leprosy,high,0,0,48,112,0,"{""primary_diagnosis"": ""Scrub Typhus"", ""confidence"": ""high"", ""differential_diagnoses"": [""Melioidosis"", ""Leprosy""], ""key_evidence"": [""Multiple supraclavicular, mediastinal, and hilar adenopathies with a necrotic center, a moderate pericardial effusion, and hepatic stasis, indicating right heart overload."", ""Worsening of Kikuchi's disease assumed, with a positive [MASK] serology detected during routine screening."", ""Cerebral involvement due to granulomatous disease ([MASK]) was considered, with the patient showing signs of CNS [MASK]."", ""Multiple hepatosplenic lesions suggestive of [MASK] involvement (Figure 5)."", ""Molecular tests for resistance to [MASK] and [MASK] were negative."", ""The histopathology of the supraclavicular lymph node showed necrosis areas, crescentic histiocytes, plasmacytoid monocytes, and extracellular debris, consistent with Kikuchi's disease."", ""The patient was readmitted multiple times with worsening symptoms, including diplopia and hyperthyroidism, which are known manifestations of scrub typhus."", ""The patient's history of anticonvulsant therapy and the development of Stevens-Johnson syndrome, which can be triggered by dengue infection, supports the diagnosis of scrub typhus.""]}"
PMC10870101_01,Dengue|Leptospirosis,Tuberculosis,Leptospirosis | Dengue,high,0,1,41,100,0,"{""primary_diagnosis"": ""Tuberculosis"", ""confidence"": ""high"", ""differential_diagnoses"": [""Leptospirosis"", ""Dengue""], ""key_evidence"": [""MRI of the brain showed viral encephalitis changes, which is consistent with a viral etiology such as Zika virus infection or dengue."", ""The patient developed acute respiratory failure requiring mechanical ventilation, which is a known complication of severe tuberculosis."", ""The patient had fever, which is a common symptom of both tuberculosis and dengue. However, the MRI findings of viral encephalitis and the development of acute respiratory failure are more indicative of tuberculosis."", ""The patient's presentation of fever, altered sensorium, and respiratory failure are consistent with the clinical features of tuberculosis, especially given the MRI findings of viral encephalitis.""]}"
PMC10995331_01,Dengue,Scrub Typhus,Malaria | Leptospirosis,high,0,0,50,81,0,"{""primary_diagnosis"": ""Scrub Typhus"", ""confidence"": ""high"", ""differential_diagnoses"": [""Malaria"", ""Leptospirosis""], ""key_evidence"": [""The patient presented with sudden onset blurred vision in the left eye, which is consistent with the ocular manifestations of scrub typhus."", ""The patient's history of optic neuritis and the presence of macular edema, disc hyperemia, and EZ infiltration are consistent with the ocular involvement seen in scrub typhus."", ""The patient's history of type 2 diabetes mellitus, hypertension, and hypertriglyceridemia, along with the presence of thrombocytopenia, is consistent with the systemic manifestations of scrub typhus."", ""The patient's positive orientia tsutsugamushi result and PCR examination confirm the presence of the causative agent of scrub typhus.""]}"
PMC12396908_01,Leishmaniasis,Paracoccidioidomycosis,Leprosy | Tuberculosis,high,0,0,46,83,0,"{""primary_diagnosis"": ""Paracoccidioidomycosis"", ""confidence"": ""high"", ""differential_diagnoses"": [""Leprosy"", ""Tuberculosis""], ""key_evidence"": [""The patient presented with leukokeratosis lesions of hardened consistency on the cheek mucosa, palate, and right side of the upper lip, which are characteristic of Aguiar-Pupo stomatitis, a hallmark of paracoccidioidomycosis."", ""Histopathological examination of the oral lesion biopsy confirmed the definitive diagnosis of paracoccidioidomycosis, with granulomatous inflammation indicative of tuberculosis."", ""The patient's history of recurrent oral manifestations, including ulcers and lesions, aligns with the clinical presentation of paracoccidioidomycosis, which often presents with mucosal lesions and ulcerations.""]}"
PMC13171480_01,Echinococcosis,Echinococcosis,Paracoccidioidomycosis | Melioidosis,high,1,1,40,112,0,"{""primary_diagnosis"": ""Echinococcosis"", ""confidence"": ""high"", ""differential_diagnoses"": [""Paracoccidioidomycosis"", ""Melioidosis""], ""key_evidence"": [""The patient presented with a multilocular cystic lesion with a thick wall in the apico-posterior segment of the left lung, sized 56 x 52 mm, causing destruction of the second, third, and fourth costae, containing a few millimetric calcifications."", ""The chest CT scan revealed a multilocular cystic lesion with a thick wall in the apico-posterior segment of the left lung, sized 56 x 52 mm, causing destruction of the second, third, and fourth costae, containing a few millimetric calcifications."", ""The patient had a history of splenectomy for a cyst 14 years ago, which is a risk factor for echinococcosis."", ""The chest CT scan demonstrated bilateral pulmonary cystic lesions, which is characteristic of echinococcosis.""]}"
PMC3025967_01,Leptospirosis,Melioidosis,Dengue | Leptospirosis,high,0,1,46,102,0,"{""primary_diagnosis"": ""Melioidosis"", ""confidence"": ""high"", ""differential_diagnoses"": [""Dengue"", ""Leptospirosis""], ""key_evidence"": [""The patient had a history of severe bilateral calf pain, which is a common symptom of melioidosis."", ""The patient's renal failure, hyperbilirubinemia, and anemia improved with the initiation of methylprednisone, which is often used in the treatment of melioidosis."", ""The patient's chest radiography findings improved over the next few days, which is consistent with the resolution of a melioidosis infection.""]}"
PMC3350145_01,Echinococcosis,Echinococcosis,Schistosomiasis | Melioidosis,high,1,1,39,87,0,"{""primary_diagnosis"": ""Echinococcosis"", ""confidence"": ""high"", ""differential_diagnoses"": [""Schistosomiasis"", ""Melioidosis""], ""key_evidence"": [""The patient presented with a large, smooth, symmetrical mass lying anterior to the rectum, which is characteristic of echinococcal cysts."", ""The ultrasonography and CECT of the abdomen revealed a large hypoechoic mass with echogenic septations in the pelvis posterior to the urinary bladder, which is consistent with echinococcal cysts."", ""The patient had a palpable suprapubic mass, which is a physical finding associated with echinococcal cysts."", ""Histopathological examination confirmed the presence of hydatid cyst with lamellated membranes and daughter cysts, which is a hallmark of echinococcal cysts.""]}"
PMC3497843_01,Tuberculosis,Tuberculosis,Leishmaniasis | Melioidosis,high,1,1,47,64,0,"{""primary_diagnosis"": ""Tuberculosis"", ""confidence"": ""high"", ""differential_diagnoses"": [""Leishmaniasis"", ""Melioidosis""], ""key_evidence"": [""Pelvic tuberculosis presented as an 8 x 8 x 7 cm pelvic mass simulating ovarian cancer."", ""Pelvic tuberculosis was anatomically located in the uterus."", ""The cystic mass was located within the pelvis."", ""The cystic mass was located within the pelvis."", ""The cystic mass was located within the pelvis."", ""The cystic mass was located within the pelvis.""]}"
PMC3716246_01,Schistosomiasis,Tuberculosis,Melioidosis | Schistosomiasis,high,0,1,43,140,0,"{""primary_diagnosis"": ""Tuberculosis"", ""confidence"": ""high"", ""differential_diagnoses"": [""Melioidosis"", ""Schistosomiasis""], ""key_evidence"": [""The patient presented with recurrent fever, abdominal pain, and hematuria, which are common symptoms of tuberculosis. The patient's history of travel to Nigeria and the presence of tuberculosis in the literature as a potential co-infection with other tropical diseases like tuberculosis further support this diagnosis."", ""The patient's history of bilateral ureteric obstruction and the presence of strictures in the ureters suggest a chronic inflammatory process, which is consistent with tuberculosis. The patient's renal function deteriorated and improved with ciprofloxacin, a common treatment for tuberculosis."", ""The patient's history of bilateral ureteric obstruction and the presence of strictures in the ureters suggest a chronic inflammatory process, which is consistent with tuberculosis. The patient's renal function deteriorated and improved with ciprofloxacin, a common treatment for tuberculosis.""]}"
PMC3952392_01,Melioidosis,Melioidosis,Schistosomiasis | Tuberculosis,high,1,1,48,64,0,"{""primary_diagnosis"": ""Melioidosis"", ""confidence"": ""high"", ""differential_diagnoses"": [""Schistosomiasis"", ""Tuberculosis""], ""key_evidence"": [""The patient had a history of travel to India, which is endemic for Melioidosis."", ""The computed tomography scan of the abdomen and pelvis revealed wedge-shaped enhancement defects in the right kidney suggestive of pyelonephritis, which is a common finding in Melioidosis."", ""The patient's symptoms included fever, chills, dysuria, and decreased appetite, which are consistent with Melioidosis, a tropical disease that can present with multi-system involvement.""]}"
PMC4009261_01,Tuberculosis,Melioidosis,Paracoccidioidomycosis | Schistosomiasis,high,0,0,38,153,0,"{""primary_diagnosis"": ""Melioidosis"", ""confidence"": ""high"", ""differential_diagnoses"": [""Paracoccidioidomycosis"", ""Schistosomiasis""], ""key_evidence"": [""The patient presented with chronic progressive abdominal pain, which is a symptom of peritoneal tuberculosis. Tuberculosis manifested as an isolated inflammatory mass in the head and uncinate process of the pancreas."", ""The patient had a history of chronic diffuse abdominal pain, which is a symptom of visceral leishmaniasis. Visceral leishmaniasis led to chronic diffuse abdominal pain."", ""The patient had a history of chronic abdominal pain, which is a symptom of paracoccidioidomycosis. Paracoccidioidomycosis caused intra-abdominal lymphadenopathy that compressed the pancreatic duct, triggering pancreatitis."", ""The patient had a history of chronic abdominal pain, which is a symptom of schistosomiasis. Schistosomiasis caused recurrent abdominal pain in the patient.""]}"
PMC4085278_01,Tuberculosis,Tuberculosis,Mycetoma | Leprosy,high,1,1,41,155,0,"{""primary_diagnosis"": ""Tuberculosis"", ""confidence"": ""high"", ""differential_diagnoses"": [""Mycetoma"", ""Leprosy""], ""key_evidence"": [""Multiple bilateral pulmonary nodules and cavities in both lungs consistent with active pulmonary tuberculosis as revealed by chest CT."", ""Tuberculous lymphadenopathy in the cervical lymph nodes."", ""Hypereosinophilia as an incidental laboratory finding, which is a known feature of tuberculosis."", ""Treatment with antitubercular drugs including isoniazid, rifampicin, ethambutol, and pyrazinamide.""]}"
PMC4138670_01,Malaria,Melioidosis,Schistosomiasis | Tuberculosis,high,0,0,44,60,0,"{""primary_diagnosis"": ""Melioidosis"", ""confidence"": ""high"", ""differential_diagnoses"": [""Schistosomiasis"", ""Tuberculosis""], ""key_evidence"": [""The patient had a history of travel to a schistosomiasis endemic area, which is a risk factor for urinary schistosomiasis."", ""The patient presented with dark urine, hematuria, and elevated creatinine levels, which are consistent with melioidosis and renal tuberculosis."", ""The patient's history of previously hospitalized with a diagnosis of infection and received oral antimicrobial therapy, which could have been ineffective against melioidosis."", ""The patient developed acute respiratory distress syndrome (ARDS) and hematuria, which are known complications of melioidosis."", ""The patient's laboratory findings, including elevated creatinine levels and hemoglobin, are consistent with melioidosis and renal involvement."", ""The patient's history of travel to a melioidosis endemic area and the presence of melioidosis in the urinary tract are strong indicators of melioidosis.""]}"
PMC4317211_01,Tuberculosis,Tuberculosis,Melioidosis | Leishmaniasis,high,1,1,45,120,0,"{""primary_diagnosis"": ""Tuberculosis"", ""confidence"": ""high"", ""differential_diagnoses"": [""Melioidosis"", ""Leishmaniasis""], ""key_evidence"": [""The patient had a history of pulmonary tuberculosis thirty years ago and was on antitubercular therapy."", ""The patient had a large heterogeneously hypoechoic lesion with internal echoes in the segment six of liver suggestive of abscess, and a contrast-enhanced CT scan of the abdomen revealed abscess in the right lobe of liver."", ""The patient had a history of unintentional weight loss, anorexia, and low-grade fever, which are common symptoms of disseminated tuberculosis."", ""The patient had a history of pulmonary tuberculosis and was on antitubercular therapy, which is consistent with the clinical presentation and imaging findings."", ""The patient had a history of pulmonary tuberculosis and was on antitubercular therapy, which is consistent with the clinical presentation and imaging findings.""]}"
PMC4374194_01,Scrub Typhus,Leptospirosis,Melioidosis | Tuberculosis,high,0,0,47,62,0,"{""primary_diagnosis"": ""Leptospirosis"", ""confidence"": ""high"", ""differential_diagnoses"": [""Melioidosis"", ""Tuberculosis""], ""key_evidence"": [""Leptospirosis led to severe intracranial hemorrhage secondary to vasculitis and thrombocytopenia."", ""Intracranial hemorrhage occurred within the brain."", ""Leptospirosis is known to cause vasculitis and thrombocytopenia, which can lead to intracranial hemorrhage.""]}"
PMC4531579_01,Tuberculosis,Melioidosis,Paracoccidioidomycosis | Talaromycosis,high,0,0,43,104,0,"{""primary_diagnosis"": ""Melioidosis"", ""confidence"": ""high"", ""differential_diagnoses"": [""Paracoccidioidomycosis"", ""Talaromycosis""], ""key_evidence"": [""Multiple yellowish plaque lesions from the rectum to the sigmoid colon on sigmoidoscopy, compatible with PMC (Pulmonary Chronic Mycobacterium Contagiosum)."", ""Mucosal biopsy from the sigmoid colon showed chronic inflammation with mucous exudates, compatible with PMC."", ""The patient had a history of antibiotic use, which is a risk factor for melioidosis."", ""The patient's symptoms, including bloody, mucoid, jelly-like diarrhea and lower abdominal pain, are consistent with melioidosis.""]}"
PMC4532025_01,Tuberculosis,Tuberculosis,Leishmaniasis | Melioidosis,high,1,1,42,143,0,"{""primary_diagnosis"": ""Tuberculosis"", ""confidence"": ""high"", ""differential_diagnoses"": [""Leishmaniasis"", ""Melioidosis""], ""key_evidence"": [""Multiple, 0.5 x 0.5cm sized, nontender cervical lymph nodes were detected. The conjunctivae were pale. Coarse breathing sounds were heard over the both lung with rale. His bowel sounds were normal and there was no evidence of hepatosplenomegaly."", ""The chest roentgenogram taken on admission revealed diffuse scattered, ill defined nodules in entire both lung fields and patchy and confluent lesions in both upper lungs."", ""The patient had concurrent tuberculous lymphadenitis alongside secondary pulmonary tuberculosis."", ""The patient had a history of productive cough with whitish mucoid sputum and exertional dyspnea, which is a common presentation of pulmonary tuberculosis."", ""The patient had a history of generalized purpura and pretibial edema, which can be seen in disseminated tuberculosis."", ""The patient had a history of fever and weakness, which are common symptoms of tuberculosis."", ""The patient had a history of high fever and weakness, which are common symptoms of tuberculosis."", ""The patient had a history of generalized lymphadenopathy, which is a common finding in extrapulmonary tuberculosis."", ""The patient had a history of hematuria and proteinuria, which can be seen in tuberculous nephritis."", ""The patient had a history of persistent high fever, which is a key symptom of tuberculosis."", ""The patient had a history of persistent high fever, which is a key symptom of tuberculosis."", ""The patient had a history of persistent high fever, which is a key symptom of tuberculosis."", ""The patient had a history of persistent high fever, which is a key symptom of tuberculosis.""]}"
PMC4712429_01,Echinococcosis,Amebiasis,Cholera | Leishmaniasis,medium,0,0,50,165,0,"{""primary_diagnosis"": ""Amebiasis"", ""confidence"": ""medium"", ""differential_diagnoses"": [""Cholera"", ""Leishmaniasis""], ""key_evidence"": [""The patient presented with a cystic mass of the liver that was incidentally detected on abdominal ultrasound. Blood liver battery showed no abnormal findings and stool helminth was negative."", ""The patient is a 58-year-old male from North-East China who was an immigrant worker for 4 years, which could be a risk factor for amebiasis."", ""The patient had no history of travel to endemic areas for cholera or leishmaniasis, and no other symptoms or signs that would suggest these conditions.""]}"
PMC5176231_01,Zika Virus,Zika Virus,Malaria | Schistosomiasis,high,1,1,30,20,0,"{""primary_diagnosis"": ""Zika Virus"", ""confidence"": ""high"", ""differential_diagnoses"": [""Malaria"", ""Schistosomiasis""], ""key_evidence"": [""The patient had a pruritic maculopapular rash, which is a known symptom of Zika virus infection."", ""The patient had a history of Bacaba palm fruit wine consumption, which is an epidemiological risk factor for Chagas disease, but no other Chagas disease symptoms were present."", ""The patient had a history of sexual transmission of Zika virus from an asymptomatic partner, which is a known route of transmission."", ""The patient had a history of a 1-week holiday in Rio de Janeiro, Brazil, where Zika virus is endemic."", ""PCR for Zika virus RNA was performed on serial semen samples and no Zika virus RNA was detected."", ""The patient and his partner were planning to conceive and were reluctant to wait the 6 months recommended by Public Health England."", ""No microhematospermia was detected, and Zika virus could not be cultured at any point.""]}"
PMC5259930_01,Talaromycosis,Tuberculosis,Pulmonary Talaromycosis | Pulmonary Schistosomiasis,high,0,1,43,76,0,"{""primary_diagnosis"": ""Tuberculosis"", ""confidence"": ""high"", ""differential_diagnoses"": [""Pulmonary Talaromycosis"", ""Pulmonary Schistosomiasis""], ""key_evidence"": [""Bronchoscopic biopsy revealed nonbudding round-to-oval spherules within the histiocytes in the submucosa of bronchi, which are characteristic of Mycobacterium tuberculosis."", ""Chest computed tomography (CT) scans revealed bilateral septal thickening and micronodules of both the lungs, severe hepatosplenomegaly, and multiple enlarged lymph nodes, which are consistent with disseminated tuberculosis."", ""The patient's history of HIV seropositivity and frequent travel to endemic areas for tuberculosis, combined with the presence of caseating granulomas and the response to antitubercular therapy, supports the diagnosis of tuberculosis."", ""The presence of multiple enlarged lymph nodes and the histopathological findings of caseating granulomas in the lymph nodes are consistent with disseminated tuberculosis."", ""The patient's clinical improvement after amphotericin B administration, followed by itraconazole, is consistent with the treatment of tuberculosis.""]}"
PMC5303735_01,Amebiasis,pulmonary aspergillosis,invasive pulmonary aspergillosis | pulmonary echinococcosis,high,0,0,29,63,0,"{""primary_diagnosis"": ""pulmonary aspergillosis"", ""confidence"": ""high"", ""differential_diagnoses"": [""invasive pulmonary aspergillosis"", ""pulmonary echinococcosis""], ""key_evidence"": [""The patient presented with a concurrent pulmonary hydatid cyst and a subsequent development of a fungal ball (aspergilloma) within the cyst wall, which is a hallmark of pulmonary aspergillosis."", ""The patient's history of echinococcosis complicated by a concurrent aspergilloma, suggesting the presence of both conditions.""]}"
PMC5401731_01,Tuberculosis,Tuberculous peritonitis,Melioidosis | Leishmaniasis,high,0,0,46,69,0,"{""primary_diagnosis"": ""Tuberculous peritonitis"", ""confidence"": ""high"", ""differential_diagnoses"": [""Melioidosis"", ""Leishmaniasis""], ""key_evidence"": [""Pelvic MRI demonstrated a large multi-septated cystic pseudotumor caused by pelviperitoneal tuberculosis."", ""Pelvic tuberculosis presented as an 8 x 8 x 7 cm pelvic mass simulating ovarian cancer."", ""Pelvic tuberculosis caused bilateral salpingitis with dilated fallopian tubes."", ""Pelvic tuberculosis manifested as intractable tuberculous peritonitis with marked ascites."", ""Pelvic tuberculosis was anatomically located in the uterus."", ""Pelvic tuberculosis caused bilateral fallopian tube occlusion."", ""Pelvic tuberculosis manifested as genital tuberculosis involving the uterine cavity."", ""Pelvic tuberculosis presented as an 8 x 8 x 7 cm pelvic mass simulating ovarian cancer.""]}"
PMC5697124_01,Melioidosis,Melioidosis,Cholera | Tuberculosis,high,1,1,46,138,0,"{""primary_diagnosis"": ""Melioidosis"", ""confidence"": ""high"", ""differential_diagnoses"": [""Cholera"", ""Tuberculosis""], ""key_evidence"": [""The patient presented with fever, anorexia, drenching sweats, and epigastric pain radiating to the back, which are common symptoms of melioidosis."", ""The patient's history of hypertension, hyperlipidemia, and osteoarthritis, along with the presence of aortic calcifications and aortic aneurysm, could suggest underlying conditions such as tuberculosis or melioidosis."", ""The patient's presentation of multiple aortic calcifications and aortic aneurysm, especially in the context of a history of hypertension and hyperlipidemia, could be indicative of a systemic infection such as tuberculosis or melioidosis.""]}"
PMC5842735_01,Echinococcosis,Echinococcosis,Melioidosis | Tuberculosis,high,1,1,42,108,0,"{""primary_diagnosis"": ""Echinococcosis"", ""confidence"": ""high"", ""differential_diagnoses"": [""Melioidosis"", ""Tuberculosis""], ""key_evidence"": [""The patient had a history of a right adrenal gland cyst that was surgically removed and resected, with the cystic lesion originating from the right adrenal gland and externally compressing the inferior vena cava."", ""The contrast-enhanced computed tomography showed a lesion with lobulated contours and a size of 70 x 70 mm that was compatible with a hydatid cyst."", ""The patient had a history of recurrent pain in the right flank and left hypochondrium, which is consistent with the presentation of echinococcosis."", ""The patient had a history of a right adrenal gland cyst that was surgically removed, which is a clinical manifestation of echinococcosis.""]}"
PMC5887698_01,Echinococcosis,Echinococcosis,Leishmaniasis | Mycetoma,high,1,1,53,63,0,"{""primary_diagnosis"": ""Echinococcosis"", ""confidence"": ""high"", ""differential_diagnoses"": [""Leishmaniasis"", ""Mycetoma""], ""key_evidence"": [""MRI revealed an oval-shaped multiloculated well-defined cystic lesion in the medial compartment of the sartorius muscle, containing smaller round-shaped cysts, hypointense in T2-weighted, and mostly favorable of daughter cysts."", ""The primary subcutaneous hydatid cyst was a localized manifestation of echinococcosis."", ""Echinococcosis manifested as a multivesicular hydatid cyst situated in the left pulmonary apex."", ""Intraoperative ultrasonography localized the hypoechoic cystic lesion within the left lateral ventricle."", ""The hydatid lesion extended posteriorly to involve the gluteus medius muscle.""]}"
PMC5905859_01,Tuberculosis,Disseminated peritoneal tuberculosis,Paracoccidioidomycosis | Melioidosis,high,1,1,41,81,0,"{""primary_diagnosis"": ""Disseminated peritoneal tuberculosis"", ""confidence"": ""high"", ""differential_diagnoses"": [""Paracoccidioidomycosis"", ""Melioidosis""], ""key_evidence"": [""Abdominal CT showed massive ascites and extensive thickened peritoneum, with peritoneal nodules and visceral lesions that mimicked peritoneal carcinomatosis."", ""Peritoneal biopsy confirmed peritoneal tuberculosis by showing caseating granulomas and positive AFB staining."", ""Disseminated peritoneal tuberculosis was caused by pan-sensitive Mycobacterium tuberculosis."", ""Noncaseating granulomas were the histological response to Mycobacterium tuberculosis.""]}"
PMC5964188_02,Zika Virus,Tuberculosis,Schistosomiasis | Neurocysticercosis,high,0,0,49,63,0,"{""primary_diagnosis"": ""Tuberculosis"", ""confidence"": ""high"", ""differential_diagnoses"": [""Schistosomiasis"", ""Neurocysticercosis""], ""key_evidence"": [""Lower limb weakness and tetraparesis progressing over four months, compatible with spinal cord involvement."", ""Progressive neurological deficits, including flaccid quadriplegia, paresthesia, areflexia, and signs of respiratory insufficiency."", ""Spinal tuberculosis with vertebral destruction and epidural granulomas resulted in severe lower limb weakness."", ""Neurological examination showed symmetric flaccid tetraparesis, motor incoordination, global areflexia and sensitive disorders (tactile and thermal distal hypoesthesia)."", ""Electroneuromyography revealed peripheral, acquired, chronic, symmetrical, diffuse, myelin and axonal (predominantly myelin), sensory and motor polyneuropathy.""]}"
PMC6126086_01,Leptospirosis,Dengue,Schistosomiasis | Melioidosis,high,0,0,38,100,0,"{""primary_diagnosis"": ""Dengue"", ""confidence"": ""high"", ""differential_diagnoses"": [""Schistosomiasis"", ""Melioidosis""], ""key_evidence"": [""The patient had a history of working in a major metropolitan city, which is a common setting for dengue transmission."", ""The patient presented with fever, rhabdomyolysis, and acute kidney injury, which are common manifestations of dengue."", ""The patient's laboratory findings, including elevated CK and creatinine, were consistent with dengue."", ""The patient's history of rodent infestation at the restaurant where he worked is consistent with dengue transmission through Aedes mosquitoes.""]}"
PMC6194729_01,Neurocysticercosis,Melioidosis,Paracoccidioidomycosis | Leprosy,high,0,0,46,84,0,"{""primary_diagnosis"": ""Melioidosis"", ""confidence"": ""high"", ""differential_diagnoses"": [""Paracoccidioidomycosis"", ""Leprosy""], ""key_evidence"": [""The patient presented with headaches and diminished vision over the last 4 months, which is consistent with the neurocognitive manifestations of Melioidosis.""]}"
PMC6311234_01,Soil-Transmitted Helminths,Echinococcosis,Schistosomiasis | Melioidosis,high,0,0,46,123,0,"{""primary_diagnosis"": ""Echinococcosis"", ""confidence"": ""high"", ""differential_diagnoses"": [""Schistosomiasis"", ""Melioidosis""], ""key_evidence"": [""The patient presented with symptoms of nausea, vomiting, fever, jaundice, and right hypochondrial pain, which are consistent with obstructive jaundice and gallbladder involvement."", ""The patient had a history of a worm moving in the gallbladder, which was confirmed by echography. The presence of echogenic debris in the gallbladder and the detection of Ascaris worms within the common bile duct are key findings."", ""The patient's laboratory findings showed significant increase in CRP (20mg/l), elevated AST and ALT, and bilirubin levels, which are indicative of liver and gallbladder involvement."", ""The pathology report confirmed acute cholecystitis, and the presence of eosinophils in the bile of the gallbladder, which is a hallmark of echinococcosis.""]}"
PMC6542496_01,Tuberculosis,Tuberculosis,Leishmaniasis | Melioidosis,high,1,1,47,95,0,"{""primary_diagnosis"": ""Tuberculosis"", ""confidence"": ""high"", ""differential_diagnoses"": [""Leishmaniasis"", ""Melioidosis""], ""key_evidence"": [""Breast tuberculosis presented clinically as a tender, movable breast mass."", ""Histopathological examination revealed multifocal caseous necrosis and granulomas characteristic of tuberculosis."", ""Fine needle aspiration cytology demonstrated granulomatous inflammation supporting the diagnosis of breast tuberculosis.""]}"
PMC6607461_01,Tuberculosis,Tuberculosis,Leishmaniasis | Melioidosis,high,1,1,46,127,0,"{""primary_diagnosis"": ""Tuberculosis"", ""confidence"": ""high"", ""differential_diagnoses"": [""Leishmaniasis"", ""Melioidosis""], ""key_evidence"": [""The patient presented with febrile coma, bilateral anterior and medial thalami ischemic lesions, and left hemiparesis. Brain MRI showed bilateral anterior and medial thalami ischemic lesions extended to internal globus pallidus and subthalamic nucleus with hypothalamic enhancement."", ""The patient had a history of febrile illness, which is a common presenting symptom of tuberculosis. The presence of a thalamic tuberculoma is a classic radiological finding in tuberculous meningitis."", ""The patient's cerebrospinal fluid (CSF) analysis showed lymphocytic pleocytosis, protein concentration, and glucose levels consistent with tuberculosis. The presence of a thalamic tuberculoma is a classic radiological finding in tuberculous meningitis."", ""The patient's history of febrile illness and the presence of a thalamic tuberculoma are consistent with tuberculosis.""]}"
PMC6713851_01,Cholera,Melioidosis,Leptospirosis | Schistosomiasis,high,0,0,54,148,0,"{""primary_diagnosis"": ""Melioidosis"", ""confidence"": ""high"", ""differential_diagnoses"": [""Leptospirosis"", ""Schistosomiasis""], ""key_evidence"": [""The patient had a history of travel to Pakistan, which is an endemic region for melioidosis."", ""The patient had multiple gastrointestinal symptoms including severe abdominal pain, vomiting, and watery, non-bloody diarrhoea, which are consistent with melioidosis."", ""The patient's history of travel to Pakistan and his symptoms align with melioidosis, which is acquired through exposure to contaminated soil and water in endemic regions."", ""Laboratory findings such as elevated creatinine and urea levels, which are indicative of acute kidney injury, are consistent with melioidosis."", ""The patient's history of multiple episodes of nausea, vomiting, and loose bowel movements, along with severe dehydration, is consistent with melioidosis.""]}"
PMC6713851_02,Cholera,Melioidosis,Leishmaniasis | Tuberculosis,high,0,0,45,79,0,"{""primary_diagnosis"": ""Melioidosis"", ""confidence"": ""high"", ""differential_diagnoses"": [""Leishmaniasis"", ""Tuberculosis""], ""key_evidence"": [""Stool samples cultured and sent to the Central Public Health Laboratory (CPHL) for identification and susceptibility testing. The isolates were positive for fermentation of sugars such as glucose, maltose, mannitol, and sucrose, and showed a positive string test, which are common in melioidosis."", ""The patient had a history of travel to Nigeria 13 days prior to presentation, which is an epidemiological risk factor for melioidosis."", ""The patient was prescribed trimethoprim/sulfamethoxazole for eradication maintenance therapy for melioidosis, which is consistent with the clinical presentation and laboratory findings.""]}"
PMC6791407_01,Talaromycosis,Tuberculosis,Paracoccidioidomycosis | Mycetoma,high,0,0,42,147,0,"{""primary_diagnosis"": ""Tuberculosis"", ""confidence"": ""high"", ""differential_diagnoses"": [""Paracoccidioidomycosis"", ""Mycetoma""], ""key_evidence"": [""Chest computed tomography (CT) demonstrated patchy infiltration in the left lower lobe, with mediastinal lymph node enlargement, and alveolar consolidation in the anterior segment of the left upper lobe."", ""The patient presented with fever, cough, and chest wall redness and swelling, which are common symptoms of tuberculosis."", ""Routine chest computed tomography first identified multiple bilateral pulmonary nodules including tuberculous lesions."", ""The patient's condition improved after antifungal therapy, but the symptoms recurred, suggesting a possible secondary infection or progression of the initial condition.""]}"
PMC6859027_01,Tuberculosis,Tuberculosis,Leishmaniasis | Malaria,high,1,1,49,135,0,"{""primary_diagnosis"": ""Tuberculosis"", ""confidence"": ""high"", ""differential_diagnoses"": [""Leishmaniasis"", ""Malaria""], ""key_evidence"": [""The patient presented with generalized tonic-clonic seizures, which are a severe manifestation of tuberculous meningitis."", ""The patient had lymphadenopathies, which are a common finding in disseminated tuberculosis."", ""The patient had a history of lymphadenopathies and a biopsy that showed granulomatous lymphadenitis, which is consistent with tuberculosis."", ""The patient had a history of fever, which is a common symptom of tuberculosis."", ""The patient had a history of lymphadenopathies, which are a common finding in disseminated tuberculosis."", ""The patient had a history of lymphadenopathies and a biopsy that showed granulomatous lymphadenitis, which is consistent with tuberculosis.""]}"
PMC6859027_02,Tuberculosis,Melioidosis,Malaria | Leptospirosis,high,0,0,39,148,0,"{""primary_diagnosis"": ""Melioidosis"", ""confidence"": ""high"", ""differential_diagnoses"": [""Malaria"", ""Leptospirosis""], ""key_evidence"": [""The patient presented with occipitocervical headaches, walking disorders, and weight loss, which are consistent with the clinical presentation of melioidosis. The brain MRI findings of an expansive process of the left cerebellar hemisphere with mass effect on vermis and V4 with upstream hydrocephalus are consistent with the imaging findings of melioidosis, which can cause hydrocephalus and cerebellar involvement."", ""The patient's history and clinical presentation are also consistent with malaria, as severe headache can be a presenting symptom of malaria. The imaging findings of hydrocephalus and cerebellar involvement are also seen in malaria."", ""Leptospirosis can cause headache, hydrocephalus, and cerebellar involvement, which are also seen in the patient's presentation.""]}"
PMC6912930_01,Tuberculosis,Echinococcosis,Melioidosis | Schistosomiasis,high,0,0,46,133,0,"{""primary_diagnosis"": ""Echinococcosis"", ""confidence"": ""high"", ""differential_diagnoses"": [""Melioidosis"", ""Schistosomiasis""], ""key_evidence"": [""left ovarian cyst with solid parts and irregular border, along with peritoneal free fluid on abdominal ultrasound"", ""complex left ovarian cyst with ascites, suggesting malignant appearance on CT scan"", ""pelvic ultrasound identified the cystic pelvic mass and associated hydroureteronephrosis"", ""Histopathologic examination confirmed the hydatid nature of the cyst"", ""Hydatid cysts are the characteristic pathological manifestation of echinococcosis"", ""Hydatid cysts are the characteristic pathological manifestation of echinococcosis"", ""Histopathological Examination confirmed Echinococcosis by revealing the cyst cuticula and germinative membrane""]}"
PMC6912930_02,Tuberculosis,Echinococcosis,Schistosomiasis | Melioidosis,high,0,0,47,96,0,"{""primary_diagnosis"": ""Echinococcosis"", ""confidence"": ""high"", ""differential_diagnoses"": [""Schistosomiasis"", ""Melioidosis""], ""key_evidence"": [""The patient presented with a palpable abdominal mass in the right lower quadrant, which is a classic presentation of Echinococcosis."", ""The patient's abdominal mass and cachexia are consistent with Echinococcosis, which can cause significant abdominal distension and weight loss."", ""The presence of a large multiseptated cystic lesion in the abdomen, as described in the clinical presentation, is consistent with Echinococcosis.""]}"
PMC7264046_01,Echinococcosis,Echinococcosis,Schistosomiasis | Melioidosis,high,1,1,46,143,0,"{""primary_diagnosis"": ""Echinococcosis"", ""confidence"": ""high"", ""differential_diagnoses"": [""Schistosomiasis"", ""Melioidosis""], ""key_evidence"": [""The patient had daily contact with sheep, sheepdogs, donkeys, horses and cats, which is a risk factor for Echinococcosis."", ""The computed tomography and ultrasonography findings were consistent with echinococcosis, including the presence of multiple cysts and the specific location of the cysts in segments IV and V of the liver."", ""The patient's history of lymphopenia and the need for ABZ treatment temporarily suggests a parasitic infection, which is consistent with echinococcosis.""]}"
PMC7585787_01,Leishmaniasis,Cutaneous leishmaniasis,Melioidosis | Malaria,high,1,1,45,56,0,"{""primary_diagnosis"": ""Cutaneous leishmaniasis"", ""confidence"": ""high"", ""differential_diagnoses"": [""Melioidosis"", ""Malaria""], ""key_evidence"": [""Multiple ulcerated skin lesions on the face, hands, and nose, progressing from indurated dusky erythematous plaques to ulcerative skin lesions."", ""The patient's history of living in Taounate, Morocco, where cutaneous leishmaniasis is endemic during agricultural labor."", ""Cutaneous leishmaniasis presentation with 25 nodular, ulcerative, and crusted skin lesions.""]}"
PMC7669275_02,Paracoccidioidomycosis,Talaromycosis,Paracoccidioidomycosis | Melioidosis,high,0,1,46,135,0,"{""primary_diagnosis"": ""Talaromycosis"", ""confidence"": ""high"", ""differential_diagnoses"": [""Paracoccidioidomycosis"", ""Melioidosis""], ""key_evidence"": [""HRCT Chest demonstrated tree-in-bud opacities and pulmonary nodules indicating active Pulmonary Tuberculosis."", ""The patient had a history of prolonged exposure to wood dust and worked as a truck and tractor driver."", ""Histological examination of tissues obtained by bronchoscopy revealed lymphoplasmacytic infiltrates associated with bronchial and vascular remodeling, aside from distortion of the tissue architecture."", ""The patient had a history of living in a rural area close to a deforestation area and had contact with sawmills and prolonged exposure to wood dust."", ""The patient had a history of heavy smoking and alcohol consumption."", ""The patient had a history of living in endemic regions for tuberculosis and had a history of tuberculosis treatment."", ""The patient had a history of antifungal treatment for tuberculosis and had a history of disseminated talaromycosis.""]}"
PMC7821813_01,Tuberculosis,Paracoccidioidomycosis,Leprosy | Cutaneous Leishmaniasis,high,0,0,42,141,0,"{""primary_diagnosis"": ""Paracoccidioidomycosis"", ""confidence"": ""high"", ""differential_diagnoses"": [""Leprosy"", ""Cutaneous Leishmaniasis""], ""key_evidence"": [""The patient presented with erythematous plaques, which are characteristic of cutaneous leishmaniasis and paracoccidioidomycosis."", ""The patient's clinical presentation includes cutaneous lesions, which are consistent with both cutaneous leishmaniasis and paracoccidioidomycosis."", ""The patient's history of cutaneous lesions and the presence of skin lesions, papules, and hyperkeratotic plaques are consistent with the clinical features of both diseases.""]}"
PMC7821813_02,Tuberculosis,Amebiasis,Paracoccidioidomycosis | Schistosomiasis,high,0,0,43,65,0,"{""primary_diagnosis"": ""Amebiasis"", ""confidence"": ""high"", ""differential_diagnoses"": [""Paracoccidioidomycosis"", ""Schistosomiasis""], ""key_evidence"": [""The patient presented with raised red-purple rough spots on the right knee and reddish patches on the left foot for almost 20 years, which are characteristic of amebiasis."", ""The patient's history of wild fishing, which is an outdoor recreational activity, could be a risk factor for amebiasis."", ""The patient's history of multiple hospital visits and treatment with oral and ointments did not show improvement, which is consistent with chronic amebiasis."", ""The histopathological examination showed pseudoepitheliomatous hyperplasia of the epidermis and diffuse lymphocytic and neutrophil inflammation, which is consistent with amebiasis."", ""The patient's skin lesions were described as crusted hyperkeratotic plaques, which can be seen in amebiasis."", ""The patient's history of immunization was unknown, which is consistent with chronic amebiasis.""]}"
PMC8415062_01,Malaria,Melioidosis,Echinococcosis | Leishmaniasis,high,0,0,48,64,0,"{""primary_diagnosis"": ""Melioidosis"", ""confidence"": ""high"", ""differential_diagnoses"": [""Echinococcosis"", ""Leishmaniasis""], ""key_evidence"": [""The patient had a history of working as a labourer in the timber industry on Pulau Sebatik Island, which is known to be endemic for Melioidosis."", ""The patient had a history of working in the palm oil industry, which took him to various parts of Sabah, including Kunak, Semporna, and Tawau. These areas are known to be endemic for Melioidosis."", ""The patient's history of working in the timber industry on Pulau Sebatik Island, where he claimed to have had exposure to [MASK], aligns with the endemic nature of Melioidosis in that region."", ""The patient's history of living in the endemic region of Jizan, Saudi Arabia, where Schistosoma infection was documented, supports the differential diagnosis of Leishmaniasis.""]}"
PMC8494489_01,Leprosy,Leptospirosis,Melioidosis | Tuberculosis,high,0,0,43,98,0,"{""primary_diagnosis"": ""Leptospirosis"", ""confidence"": ""high"", ""differential_diagnoses"": [""Melioidosis"", ""Tuberculosis""], ""key_evidence"": [""The patient developed pancreatitis secondary to leptospirosis, as evidenced by the clinical course and management similar to other cases where leptospirosis led to acute pancreatitis as a systemic complication."", ""The patient's history of chronic distal paresthesia and areas of reduced hair density, as well as the presence of minor changes in other organs, could be indicative of leptospirosis, which can cause a variety of systemic symptoms including dermatological manifestations."", ""The patient's laboratory findings, including elevated serum amylase and lipase, and the presence of peripancreatic fluid collections, are consistent with acute pancreatitis, which can occur as a complication of leptospirosis.""]}"
PMC8635719_01,Leishmaniasis,Melioidosis,Leishmaniasis | Tuberculosis,high,0,1,46,83,0,"{""primary_diagnosis"": ""Melioidosis"", ""confidence"": ""high"", ""differential_diagnoses"": [""Leishmaniasis"", ""Tuberculosis""], ""key_evidence"": [""The patient had a history of working in coalmines, which is a risk factor for melioidosis."", ""Bone marrow aspiration confirmed visceral leishmaniasis by identifying intracellular amastigotes."", ""The patient had intermittent fever, which is a symptom of both melioidosis and tuberculosis."", ""Computed tomography of the abdomen confirmed the presence of splenomegaly, which is a common finding in both melioidosis and tuberculosis.""]}"
PMC8635719_02,Leishmaniasis,Melioidosis,Schistosomiasis | Tuberculosis,high,0,0,52,56,0,"{""primary_diagnosis"": ""Melioidosis"", ""confidence"": ""high"", ""differential_diagnoses"": [""Schistosomiasis"", ""Tuberculosis""], ""key_evidence"": [""The patient had a history of picking Zanthoxylum seeds in Hancheng, China 8 years ago, which is an endemic area for melioidosis."", ""Laboratory tests revealed high levels of CRP and abnormal coagulation, which are consistent with melioidosis."", ""The patient had a history of esophageal cancer and received surgical treatment one and a half years ago, which could have predisposed her to melioidosis."", ""The patient had splenomegaly and axillary and inguinal lymphadenopathy, which are common findings in melioidosis."", ""The patient had a history of esophageal cancer and received surgical treatment one and a half years ago, which could have predisposed her to melioidosis.""]}"
PMC8635719_03,Leishmaniasis,Melioidosis,Leptospirosis | Tuberculosis,high,0,0,50,164,0,"{""primary_diagnosis"": ""Melioidosis"", ""confidence"": ""high"", ""differential_diagnoses"": [""Leptospirosis"", ""Tuberculosis""], ""key_evidence"": [""The patient had splenomegaly, multiple skin petechiae, and elevated liver enzyme levels (aspartate aminotransferase, 121 U/L; alanine aminotransferase, 36 U/L)."", ""Computed tomography of the abdomen revealed homogeneous splenomegaly."", ""The patient received continuous renal replacement therapy (CRRT) and showed significant improvement in creatinine levels."", ""The patient had a history of mosquito bites, which is a risk factor for melioidosis."", ""The patient had a history of picking Zanthoxylum seeds, which is a risk factor for melioidosis."", ""The patient had pancytopenia and elevated liver enzyme levels, which are common in melioidosis."", ""The patient had a history of acute kidney injury and elevated serum creatinine levels, which are associated with melioidosis."", ""The patient had a history of tuberculosis, which is a known risk factor for melioidosis.""]}"
PMC8635719_04,Leishmaniasis,Leishmaniasis,Scabies | Melioidosis,high,1,1,43,105,0,"{""primary_diagnosis"": ""Leishmaniasis"", ""confidence"": ""high"", ""differential_diagnoses"": [""Scabies"", ""Melioidosis""], ""key_evidence"": [""The patient had a 3-week history of fever and pancytopenia, which is consistent with pancytopenia and fever seen in visceral leishmaniasis."", ""The patient worked in coalmines for more than 10 years, which is a risk factor for leishmaniasis."", ""The patient's laboratory findings included elevated ferritin and sCD25 levels, which are indicative of hyperferritinemia seen in visceral leishmaniasis."", ""The patient's physical examination revealed sporadic hemorrhagic spots on his skin, palpable right-sided cervical lymphadenopathy, and splenomegaly, which are consistent with splenic sequestration and marrow parasitism seen in visceral leishmaniasis.""]}"
PMC9075046_01,Echinococcosis,Melioidosis,Tuberculosis | Scrub Typhus,high,0,0,51,69,0,"{""primary_diagnosis"": ""Melioidosis"", ""confidence"": ""high"", ""differential_diagnoses"": [""Tuberculosis"", ""Scrub Typhus""], ""key_evidence"": [""The patient presented with abdominal pain, fever, diarrhea, and dyspnea, which are common symptoms of melioidosis."", ""The patient's presentation, including the right upper quadrant abdominal pain, fever, and the presence of a cystic liver lesion with a defect, are consistent with melioidosis."", ""The patient's history of travel to East Africa, a region endemic for melioidosis, supports the diagnosis.""]}"
PMC9512064_01,Soil-Transmitted Helminths,Melioidosis,Tuberculosis | Pulmonary Echinococcosis,high,0,0,46,100,0,"{""primary_diagnosis"": ""Melioidosis"", ""confidence"": ""high"", ""differential_diagnoses"": [""Tuberculosis"", ""Pulmonary Echinococcosis""], ""key_evidence"": [""The patient had a four-month history of taking glucocorticoid and immunosuppressive drugs, which can predispose to melioidosis."", ""The patient had a history of coronary heart disease, hypertension, diabetes, and immune thrombocytopenia, which are risk factors for melioidosis."", ""The patient's presentation included dyspnea, hoarseness, and various systemic symptoms such as anorexia, difficulty in defecation, and limb weakness, which are consistent with melioidosis."", ""The patient's chest CT showed diffuse infectious lesions in both lungs, which is a characteristic finding in melioidosis."", ""The patient's brain MRI showed multiple ischemic foci, which could be related to cerebral melioidosis."", ""The patient's blood IgE and IgG4 levels were significantly increased, which is a finding associated with melioidosis."", ""The patient's blood gas analysis indicated respiratory alkalosis combined with metabolic acidosis, which is a common finding in melioidosis.""]}"
PMC9637879_01,Leishmaniasis,Cutaneous amebiasis,Paracoccidioidomycosis | Mycetoma,high,0,0,49,79,0,"{""primary_diagnosis"": ""Cutaneous amebiasis"", ""confidence"": ""high"", ""differential_diagnoses"": [""Paracoccidioidomycosis"", ""Mycetoma""], ""key_evidence"": [""The patient presented with painless, non-healing skin lesions on the right hand, which developed into firm, painless subcutaneous nodules."", ""Cutaneous amebiasis specifically involves the skin and subcutaneous tissues, and the patient's lesions were located on the dorsal side of the right hand."", ""Direct mycological examination and culture were negative for fungal presence, which is consistent with cutaneous amebiasis.""]}"
PMC9643409_01,Echinococcosis,Amebiasis,Schistosomiasis | Melioidosis,high,0,0,43,119,0,"{""primary_diagnosis"": ""Amebiasis"", ""confidence"": ""high"", ""differential_diagnoses"": [""Schistosomiasis"", ""Melioidosis""], ""key_evidence"": [""The patient presented with a painless abdominal mass measuring five centimetres, which is consistent with an amebic liver abscess (amebiasis)."", ""The patient's history of chronic abdominal pain and the presence of cystic lesions without calcification or infiltration on CT scan are consistent with amebic liver abscess."", ""The patient's presentation of a large cystic lesion without calcification or infiltration on CT scan is also consistent with schistosomiasis, but the amebic liver abscess is more likely given the absence of other schistosomiasis-specific findings.""]}"
PMC9795171_01,Echinococcosis,Leishmaniasis,Malaria | Schistosomiasis,high,0,0,43,86,0,"{""primary_diagnosis"": ""Leishmaniasis"", ""confidence"": ""high"", ""differential_diagnoses"": [""Malaria"", ""Schistosomiasis""], ""key_evidence"": [""The patient had eosinophilia (eosinophilic white blood cell 22.1%) in association with a mild increase in plasma liver enzymes (AST:39U/L, ALT: 56U/L) and the erythrocyte sedimentation rate (1h/2h:30/36). These findings are consistent with Leishmaniasis."", ""The patient had a history of many dogs as pets in her house, which is a common vector for Leishmaniasis."", ""The patient's clinical presentation, including right upper quadrant abdominal pain and chest stinging sensation, are consistent with cutaneous leishmaniasis, a form of Leishmaniasis.""]}"
PMC9930586_01,Tuberculosis,Tuberculosis,Paracoccidioidomycosis | Melioidosis,high,1,1,49,153,0,"{""primary_diagnosis"": ""Tuberculosis"", ""confidence"": ""high"", ""differential_diagnoses"": [""Paracoccidioidomycosis"", ""Melioidosis""], ""key_evidence"": [""The patient presented with severe scarring stenosis (grade III) on the left main bronchus, with swollen and inflammatory bronchi, and underwent balloon dilation and cryotherapy procedures."", ""The chest CT scan showed multiple bilateral pulmonary nodules including tuberculous lesions, and the patient had a history of fever and cough."", ""The patient had a history of HIV infection, which can predispose to opportunistic infections including tuberculosis.""]}"
PMC10298620_01,Leprosy,Tuberculosis,Melioidosis | Leishmaniasis,high,0,0,53,170,0,"{""primary_diagnosis"": ""Tuberculosis"", ""confidence"": ""high"", ""differential_diagnoses"": [""Melioidosis"", ""Leishmaniasis""], ""key_evidence"": [""Multiple firm, crusted, and purulent nodules located on the neck, axilla, arms, and head (subcutaneous masses)."", ""Positive family history in the father (disseminated tuberculosis)."", ""Histopathology revealed epidermis with orthokeratosis, hypergranulosis, flattened rete ridges, and spongiosis (cutaneous tuberculosis)."", ""Negative images were seen within the macrophages and in the extracellular background (atypical mycobacterial infection)."", ""FNAC showed many scattered foamy macrophages, lymphocytes, and neutrophils (atypical mycobacterial infection)."", ""ZN stain was positive for the negative images that were seen on the Giemsa stain (atypical mycobacterial infection)."", ""Skin punch biopsy and [MASK] testing for [MASK] was negative (disseminated tuberculosis)."", ""The patient had come with her father on a second visit along with FNAC and biopsy reports (disseminated tuberculosis)."", ""On re-evaluation, she had had bilateral ulnar and common peroneal nerves (disseminated tuberculosis)."", ""Positive family history in the father (disseminated tuberculosis)."", ""She was on follow-up after 1 month with subsidence of lesions (disseminated tuberculosis).""]}"
PMC10332771_01,Neurocysticercosis,Tuberculosis,Paracoccidioidomycosis | Leprosy,high,0,0,50,137,0,"{""primary_diagnosis"": ""Tuberculosis"", ""confidence"": ""high"", ""differential_diagnoses"": [""Paracoccidioidomycosis"", ""Leprosy""], ""key_evidence"": [""The patient had a history of seizures and a history of emigration from Central America, which is a risk factor for leprosy."", ""The patient had a history of seizures and a history of emigration from Central America, which is a risk factor for paracoccidioidomycosis."", ""The patient had a history of seizures and a history of emigration from Central America, which is a risk factor for leprosy."", ""The patient had a history of seizures and a history of emigration from Central America, which is a risk factor for paracoccidioidomycosis."", ""The patient had a history of seizures and a history of emigration from Central America, which is a risk factor for leprosy."", ""The patient had a history of seizures and a history of emigration from Central America, which is a risk factor for paracoccidioidomycosis."", ""The patient had a history of seizures and a history of emigration from Central America, which is a risk factor for leprosy."", ""The patient had a history of seizures and a history of emigration from Central America, which is a risk factor for paracoccidioidomycosis."", ""The patient had a history of seizures and a history of emigration from Central America, which is a risk factor for leprosy."", ""The patient had a history of seizures and a history of emigration from Central America, which is a risk factor for paracoccidioidomycosis."", ""The patient had a history of seizures and a history of emigration from Central America, which is a risk factor for leprosy."", ""The patient had a history of seizures and a history of emigration from Central America, which is a risk factor for paracoccidioidomycosis."", ""The patient had a history of seizures and a history of emigration from Central America, which is a risk factor for leprosy."", ""The patient had a history of seizures and a history of emigration from Central America, which is a risk factor for paracoccidioidomycosis."", ""The patient had a history of seizures and a history of emigration from Central America, which is a risk factor for leprosy."", ""The patient had a history of seizures and a history of emigration from Central America, which is a risk factor for paracoccidioidomycosis."", ""The patient had a history of seizures and a history of emigration from Central America, which is a risk factor for leprosy."", ""The patient had a history of seizures and a history of emigration from Central America, which is a risk factor for paracoccidioidomycosis."", ""The patient had a history of seizures and a history of emigration from Central America, which is a risk factor for leprosy."", ""The patient had a history of seizures and a history of emigration from Central America, which is a risk factor for paracoccidioidomycosis."", ""The patient had a history of seizures and a history of emigration from Central America, which is a risk factor for leprosy.""]}"
PMC10499287_01,Mycetoma,Melioidosis,Mycetoma | Tuberculosis,high,0,1,54,69,0,"{""primary_diagnosis"": ""Melioidosis"", ""confidence"": ""high"", ""differential_diagnoses"": [""Mycetoma"", ""Tuberculosis""], ""key_evidence"": [""The patient had a history of tooth extraction, which is a known risk factor for mycetoma."", ""The patient presented with a submandibular lymphadenopathy, which is a common finding in tuberculosis."", ""The patient's history of tooth extraction and the presence of a submandibular lymphadenopathy suggest a possible mycetoma infection."", ""The patient's presentation of a hard, lobulated growth on the hard palate with a history of tooth extraction and lymphadenopathy is consistent with tuberculosis.""]}"
PMC10550213_01,Mycetoma,Mycetoma,Schistosomiasis | Leprosy,high,1,1,49,71,0,"{""primary_diagnosis"": ""Mycetoma"", ""confidence"": ""high"", ""differential_diagnoses"": [""Schistosomiasis"", ""Leprosy""], ""key_evidence"": [""Multiple tissue cultures were negative, and the causative agent was presumed to be [MASK] based on clinical and histopathological findings."", ""Mycetoma presented as a chronic lesion involving the left foot with extensive nodular and sinus lesions."", ""Mycetoma manifested initially as a painless nodular swelling on the foot.""]}"
PMC10583546_01,Talaromycosis,mediastinal tuberculous lymphadenitis,secondary hemophagocytic lymphohistiocytosis | pulmonary tuberculosis,high,0,0,41,159,0,"{""primary_diagnosis"": ""mediastinal tuberculous lymphadenitis"", ""confidence"": ""high"", ""differential_diagnoses"": [""secondary hemophagocytic lymphohistiocytosis"", ""pulmonary tuberculosis""], ""key_evidence"": [""The patient presented with persistent fever, cervical lymphadenopathy, and mediastinal lymphadenopathy, which are classic signs of tuberculosis."", ""The patient's chest CT scan showed mediastinal lymphadenopathy, which is consistent with mediastinal tuberculous lymphadenitis."", ""The patient's bronchoalveolar lavage fluid culture of [MASK] was negative, which supports the diagnosis of tuberculosis over other fungal or bacterial infections.""]}"
PMC10823326_01,Leishmaniasis,Leishmaniasis,Paracoccidioidomycosis | Melioidosis,high,1,1,30,20,0,"{""primary_diagnosis"": ""Leishmaniasis"", ""confidence"": ""high"", ""differential_diagnoses"": [""Paracoccidioidomycosis"", ""Melioidosis""], ""key_evidence"": [""The patient had a history of recurrent skin lesions, including nodules and ulcers, which are characteristic of leishmaniasis."", ""The skin biopsy showed a dermis infiltrated with lymphocytes, plasma cells, and histiocytes, with vague aggregates of epithelioid histiocytes, which is consistent with leishmaniasis."", ""The patient had a history of leprosy and was treated with oral fluconazole, which is not consistent with leishmaniasis but supports the history of chronic skin lesions."", ""The patient's skin biopsy was inconclusive, which is common in leishmaniasis due to the histopathological findings."", ""The patient's history of recurrent skin lesions and the presence of a purpuric rash are consistent with leishmaniasis, as seen in erythema nodosum leprosum.""]}"
PMC10927241_01,Echinococcosis,Melioidosis,Paracoccidioidomycosis | Leishmaniasis,high,0,0,42,92,0,"{""primary_diagnosis"": ""Melioidosis"", ""confidence"": ""high"", ""differential_diagnoses"": [""Paracoccidioidomycosis"", ""Leishmaniasis""], ""key_evidence"": [""The patient presented with jaundice for 1.5 months and pain in the right upper quadrant for 1 week, with no history of fever or melena."", ""The abdominal contrast-enhanced computed tomography (CECT) revealed a large solid-cystic intrahepatic lesion involving the hepatic segments IV, VII, and VIII, with peripherally FDG-avid necrotic lesions with central calcification on PET-CT."", ""The liver biopsy highlighted multiple randomly dispersed foci of eosinophilic necrosis surrounded by palisading histiocytes, a pale zone of fibrosis, and a thick collar of lymphocytes, which is characteristic of Melioidosis."", ""The patient is a temporary resident of Kashmir, which is endemic for Melioidosis.""]}"
PMC11087666_01,Malaria,Melioidosis,Paracoccidioidomycosis | Scabies,high,0,0,43,63,0,"{""primary_diagnosis"": ""Melioidosis"", ""confidence"": ""high"", ""differential_diagnoses"": [""Paracoccidioidomycosis"", ""Scabies""], ""key_evidence"": [""The patient had a history of travel to the Brazilian Amazon, which is an endemic region for Melioidosis."", ""The patient had a history of recurrent parasitemias, which is consistent with the chronic nature of Melioidosis, but also could be seen in Paracoccidioidomycosis and Scabies.""]}"
PMC11227676_01,Tuberculosis,Pulmonary hemorrhagic leptospirosis,Leptospirosis | Melioidosis,high,0,0,40,159,0,"{""primary_diagnosis"": ""Pulmonary hemorrhagic leptospirosis"", ""confidence"": ""high"", ""differential_diagnoses"": [""Leptospirosis"", ""Melioidosis""], ""key_evidence"": [""The patient presented with recurrent episodes of mild hemoptysis (volume of ~20-25 ml/episode) and intermittent low-grade fever for last 6 months."", ""CTA revealed multiple contrast-filled outpouchings from branches of left pulmonary artery adjacent to fibrocavitary and fibro-bronchiectatic changes."", ""Pulmonary digital subtraction angiography (DSA) showed three contrast-filled outpouchings from branches of left pulmonary artery."", ""The patient had previous history of pulmonary [MASK] one year back for which he had completed 6 months of [MASK] therapy ([MASK])."", ""The patient had low Hb level (~10.5 gm/dL)."", ""The patient had intermittent fever associated with the acute parasitic presentation."", ""The patient had recurrent fever was a key constitutional symptom of the underlying tuberculosis infection."", ""The patient had recurrent fever was a primary clinical manifestation of the malaria recrudescence."", ""The patient had recurrent fever was a primary clinical manifestation of the malaria recrudescence."", ""The patient had recurrent fever was a primary clinical manifestation of the malaria recrudescence.""]}"
PMC11682806_01,Leprosy,,,unknown,1,0,30,73,0,"{""error"": """", ""primary_diagnosis"": """", ""differential_diagnoses"": []}"
PMC11787950_01,Echinococcosis,Psoas Hydatid Cyst,Echinococcosis | Melioidosis,high,0,1,45,68,0,"{""primary_diagnosis"": ""Psoas Hydatid Cyst"", ""confidence"": ""high"", ""differential_diagnoses"": [""Echinococcosis"", ""Melioidosis""], ""key_evidence"": [""The patient had a previously diagnosed [MASK] cold abscess in the psoas muscle."", ""Histopathology revealed a multiloculated cyst with a soft gelatinous greyish-white tissue wall, measuring 5x3x0.6 cms."", ""CT/MRI imaging showed a multiloculated septate peripherally enhancing collection/abscess along the anterior aspect of the left psoas muscle."", ""The patient's symptoms included swelling and pain in the left lower back, which progressed over time and correlated with the progression observed in imaging.""]}"
PMC12340403_01,Tuberculosis,Pelvic tuberculosis,Ovarian cancer | Mycetoma,high,1,1,54,63,0,"{""primary_diagnosis"": ""Pelvic tuberculosis"", ""confidence"": ""high"", ""differential_diagnoses"": [""Ovarian cancer"", ""Mycetoma""], ""key_evidence"": [""Pelvic tuberculosis presented as persistent pelvic discomfort, bilateral fallopian tube occlusion, and pseudotumoral pelviperitoneal tuberculosis mimicking advanced ovarian cancer."", ""Histopathological examination confirmed Echinococcosis by revealing the cyst cuticula and germinative membrane, but the patient's clinical presentation and imaging findings were more consistent with pelvic tuberculosis.""]}"
PMC1847505_01,Mycetoma,Paracoccidioidomycosis,Melioidosis | Leprosy,high,0,0,43,81,0,"{""primary_diagnosis"": ""Paracoccidioidomycosis"", ""confidence"": ""high"", ""differential_diagnoses"": [""Melioidosis"", ""Leprosy""], ""key_evidence"": [""Histopathological examination revealed macroscopically 4 masses of soft tissue measuring 1, 2, 4.5, and 4 cm, which is consistent with the histopathological features of paracoccidioidomycosis."", ""The patient had a rash that developed while receiving metronidazole, which is a common finding in paracoccidioidomycosis."", ""The patient had a swelling involving the umbilical region and encroaching the hypogastrium, which is a characteristic presentation of paracoccidioidomycosis.""]}"
PMC3396855_01,Malaria,Talaromycosis,Leprosy | Schistosomiasis,high,0,0,43,121,0,"{""primary_diagnosis"": ""Talaromycosis"", ""confidence"": ""high"", ""differential_diagnoses"": [""Leprosy"", ""Schistosomiasis""], ""key_evidence"": [""The patient presented with a large amount of blood-stained fluid in the peritoneum, with a 1.5cm anterior perforation of the duodenal wall and bleeding from the posterior duodenal wall. On peritoneal biopsy, caseating granulomas and positive AFB stain were found, which are characteristic of talaromycosis."", ""The patient had a history of resource constraint, which is a risk factor for talaromycosis. Additionally, the patient's history of abdominal pain and the presence of blood clots in the stool are consistent with talaromycosis.""]}"
PMC3459876_01,Dengue,Dengue,Scabies | Melioidosis,high,1,1,43,68,0,"{""primary_diagnosis"": ""Dengue"", ""confidence"": ""high"", ""differential_diagnoses"": [""Scabies"", ""Melioidosis""], ""key_evidence"": [""The patient's clinical presentation, including fever, rash, and myalgia, are consistent with dengue infection."", ""Mosquito ecology and disinsection procedures suggest the most likely source of infection was an infected mosquito arriving via an aircraft."", ""The patient's travel history and exposure to endemic areas for dengue, combined with the timing and symptoms, support a diagnosis of dengue."", ""The presence of dengue virus in the patient's serum samples via RT-PCR confirms the causative pathogen of the acute infection.""]}"
PMC3568890_01,Tuberculosis,Tuberculosis,Multidrug-resistant Tuberculosis | Pulmonary Tuberculosis,high,1,1,52,112,0,"{""primary_diagnosis"": ""Tuberculosis"", ""confidence"": ""high"", ""differential_diagnoses"": [""Multidrug-resistant Tuberculosis"", ""Pulmonary Tuberculosis""], ""key_evidence"": [""The patient presented with a history of recurrent cough (productive of bloody sputum initially, but later dry), 3 months history of recurrent fever, and generalized weight loss."", ""The chest X-ray was suggestive of pulmonary [MASK]. After five months, the patient's sputum AFB was still positive and was suspected as a case of multidrug-resistant [MASK]."", ""The patient was receiving treatment for tuberculosis and was responding well."", ""The patient's HIV status and the presence of HIV infection as a risk factor for tuberculosis."", ""The patient's travel history to Nigeria, which is an endemic area for tuberculosis."", ""The presence of immunosuppression due to HIV infection, which is a risk factor for tuberculosis."", ""The use of next-generation sequencing to definitively identify Mycobacterium tuberculosis.""]}"
PMC3573453_01,Tuberculosis,Tuberculosis,Paracoccidioidomycosis | Melioidosis,high,1,1,43,55,0,"{""primary_diagnosis"": ""Tuberculosis"", ""confidence"": ""high"", ""differential_diagnoses"": [""Paracoccidioidomycosis"", ""Melioidosis""], ""key_evidence"": [""The patient had a history of disseminated tuberculosis as documented in MRI and urinary PCR reports."", ""The patient presented with fever for two months, which is a prominent clinical manifestation of disseminated extrapulmonary tuberculosis."", ""The MRI of bilateral hip revealed altered signal around the left sacroiliac joint, suggestive of an infective etiology."", ""The patient had a history of ulcerative colitis on prophylactic sulfasalazine, which is a known risk factor for tuberculosis.""]}"
PMC3579065_03,Neurocysticercosis,Neurocysticercosis,Splenic echinococcosis | Hydatid cyst,high,1,1,52,65,0,"{""primary_diagnosis"": ""Neurocysticercosis"", ""confidence"": ""high"", ""differential_diagnoses"": [""Splenic echinococcosis"", ""Hydatid cyst""], ""key_evidence"": [""Brain MRI showed abnormal signal intensity on FLAIR, consistent with neurocysticercosis"", ""Patient had a history of cyst puncture, which is a diagnostic test often used in hydatid cyst cases""]}"
PMC3579065_04,Neurocysticercosis,Echinococcosis,Leishmaniasis | Melioidosis,high,0,0,44,54,0,"{""primary_diagnosis"": ""Echinococcosis"", ""confidence"": ""high"", ""differential_diagnoses"": [""Leishmaniasis"", ""Melioidosis""], ""key_evidence"": [""The endoscopic removal of cyst was done, following which he made significant improvement. There is no evidence of second recurrence in 16 months follow up after the second surgery [Figure 4]."", ""Key Medical Entities: cyst fenestration [other]: Surgical procedure involving evacuation of multiple daughter cysts and removal of the endocyst membrane."", ""Clinical Knowledge Triples: (cyst fenestration) ──[Cyst fenestration was performed to evacuate daughter cysts and remove the endocyst membrane.]──► (endocyst membrane)""]}"
PMC3593509_01,Echinococcosis,Echinococcosis,Schistosomiasis | Melioidosis,high,1,1,29,46,0,"{""primary_diagnosis"": ""Echinococcosis"", ""confidence"": ""high"", ""differential_diagnoses"": [""Schistosomiasis"", ""Melioidosis""], ""key_evidence"": [""The patient's farming occupation in a rural village served as an epidemiological risk factor for Echinococcus infection."", ""Renal echinococcosis manifested with colicky pain in the right lumbar flank."", ""The patient presented with intermittent passage of small, white grape-like structures in the urine [Figure 1] along with intermittent hematuria."", ""The patient had a multiseptate cyst in the left kidney and the left kidney was compressed by cysts with splitting of the pelvicalyceal system."", ""The patient had a cystic lesion in the upper pole of the left kidney [Figure 2] and the upper ureter, which could be indicative of hydatid cyst.""]}"
PMC3919864_01,Tuberculosis,Tuberculosis,Melioidosis | Leishmaniasis,high,1,1,40,161,0,"{""primary_diagnosis"": ""Tuberculosis"", ""confidence"": ""high"", ""differential_diagnoses"": [""Melioidosis"", ""Leishmaniasis""], ""key_evidence"": [""The patient had a history of chemotherapy for AML-M2a, which predisposes to opportunistic infections, including tuberculosis."", ""The patient presented with persistent high-grade fever, splenomegaly, and enlarged lymph nodes, which are classic signs of tuberculosis."", ""The patient's bone marrow aspiration showed 77% myeloblasts, which is consistent with AML-M2a, a condition that can complicate with tuberculosis."", ""The patient's chest CT showed enlarged lymph nodes and a nodular shadow in the lung, which is suggestive of tuberculosis."", ""The patient's bone marrow aspiration revealed 3% myeloblasts, which is consistent with remission of AML-M2a, but also could be a sign of residual or reactivation of tuberculosis."", ""The patient's AFB staining of the biopsy specimen and lavage fluid were negative, but the patient's liver function was poor, which could be a result of tuberculosis."", ""The patient's history of chemotherapy and the presence of multiple enlarged lymph nodes without a clear bacterial or fungal cause, along with the persistent fever, are consistent with a secondary infection such as tuberculosis.""]}"
PMC3992805_01,Leishmaniasis,Tuberculosis,Paracoccidioidomycosis | Mycetoma,high,0,0,39,142,0,"{""primary_diagnosis"": ""Tuberculosis"", ""confidence"": ""high"", ""differential_diagnoses"": [""Paracoccidioidomycosis"", ""Mycetoma""], ""key_evidence"": [""Skin biopsy showed granulomatous inflammation consistent with cutaneous and subcutaneous tuberculosis."", ""Multiple ulcerating and crusted subcutaneous masses presented as disseminated talaromycosis."", ""Skin punch biopsy provided histopathological evidence for the diagnosis of cutaneous tuberculosis.""]}"
PMC3992805_02,Leishmaniasis,Tuberculosis,Paracoccidioidomycosis | Leprosy,high,0,0,40,154,0,"{""primary_diagnosis"": ""Tuberculosis"", ""confidence"": ""high"", ""differential_diagnoses"": [""Paracoccidioidomycosis"", ""Leprosy""], ""key_evidence"": [""Multiple bilateral asymmetrical diffuse, papulonodular, non-itchy skin lesions of size 2-25 mm on the face, trunk and extremities."", ""Severe anemia (Hb-9.1 g/dL)."", ""Necrotizing lymphocytic vasculitis (skin biopsy showed dense lymphoplasmacytic infiltrate and non-necrotizing granulomas)."", ""Severe immunosuppression (CD4 count 50 cells/microL)."", ""Severe HIV infection (HIV viral load 1750 copies/mL)."", ""Severe opportunistic infection (chest infection leading to death)."", ""Histopathological examination of skin biopsy showed epithelioid cell granulomas with peripheral lymphocytes and perineural infiltration (consistent with tuberculosis).""]}"
PMC4005210_01,Scrub Typhus,Melioidosis,Dengue fever | Leptospirosis,high,0,0,52,129,0,"{""primary_diagnosis"": ""Melioidosis"", ""confidence"": ""high"", ""differential_diagnoses"": [""Dengue fever"", ""Leptospirosis""], ""key_evidence"": [""The patient had a history of fever and body ache for last 8 days, which is consistent with the prodromal phase of melioidosis."", ""The patient developed generalized tonic-clonic seizures, which can be a complication of melioidosis."", ""The patient had a raised protein (115 mg/dL) and glucose (87 mg/dL) in the cerebrospinal fluid (CSF) examination, which is consistent with the CSF findings in melioidosis."", ""The patient had a history of severe kidney injury (acute kidney injury) and liver failure (acute liver failure), which are known complications of melioidosis."", ""The patient's laboratory findings, such as elevated transaminases (AST 132, ALT 168), were consistent with liver involvement in melioidosis."", ""The patient's clinical presentation, including the development of respiratory failure, hypotension, and the presence of bilateral diffuse fluffy infiltrates on chest radiograph, are consistent with the clinical features of melioidosis.""]}"
PMC4005210_02,Scrub Typhus,Tuberculosis,Schistosomiasis | Melioidosis,high,0,0,50,86,0,"{""primary_diagnosis"": ""Tuberculosis"", ""confidence"": ""high"", ""differential_diagnoses"": [""Schistosomiasis"", ""Melioidosis""], ""key_evidence"": [""The patient presented with a persistent productive cough, bilateral crackles on chest examination, and bilateral diffuse infiltrates on chest radiograph, which are consistent with pulmonary tuberculosis."", ""The patient's laboratory findings, including elevated liver enzymes (AST, ALT) and bilirubin levels, and the presence of necrosis of overlying epidermis in the eschar biopsy, are suggestive of disseminated tuberculosis."", ""The patient's history of agricultural activities and consumption of local food in Hamadan, where echinococcosis is endemic, supports the possibility of echinococcosis, but the clinical presentation and laboratory findings are more consistent with disseminated tuberculosis.""]}"
PMC4150339_01,Echinococcosis|Tuberculosis,Tuberculosis,Paracoccidioidomycosis | Melioidosis,high,1,1,48,163,0,"{""primary_diagnosis"": ""Tuberculosis"", ""confidence"": ""high"", ""differential_diagnoses"": [""Paracoccidioidomycosis"", ""Melioidosis""], ""key_evidence"": [""Fine needle aspiration cytology of the largest lymph node showed epithelioid granulomas, lymphocytes, plasma cells, and necrosis, consistent with tuberculosis."", ""Histopathology of the excised lymph node confirmed tuberculosis by demonstrating caseous necrosis, epithelioid cells, and acid-fast bacilli."", ""The patient had persistent fever, which is a common symptom of tuberculosis."", ""The patient had multiple axillary lymph nodes with pain, which is a characteristic finding in tuberculosis."", ""The patient had a history of contact with a dog, which is a risk factor for tuberculosis.""]}"
PMC4154285_01,Tuberculosis,Silicotuberculosis,Talaromycosis | Melioidosis,high,1,1,41,151,0,"{""primary_diagnosis"": ""Silicotuberculosis"", ""confidence"": ""high"", ""differential_diagnoses"": [""Talaromycosis"", ""Melioidosis""], ""key_evidence"": [""The patient had a history of silicosis and was hospitalized for silicosis and secondary alveolar proteinosis."", ""The patient had a history of tuberculosis and was placed on anti-tuberculosis medications."", ""The patient had bilateral alveolar ground glass opacities and consolidations on HRCT, characteristic of silicoproteinosis."", ""The patient had a history of pulmonary tuberculosis and was placed on anti-tuberculosis medications."", ""The patient had a history of pulmonary tuberculosis and was placed on anti-tuberculosis medications."", ""The patient had a history of pulmonary tuberculosis and was placed on anti-tuberculosis medications.""]}"
PMC4285239_01,Dengue,Dengue,Melioidosis | Tuberculosis,high,1,1,44,39,0,"{""primary_diagnosis"": ""Dengue"", ""confidence"": ""high"", ""differential_diagnoses"": [""Melioidosis"", ""Tuberculosis""], ""key_evidence"": [""The patient had a history of travel to Japan, which is endemic for dengue virus. The patient developed a high fever, severe headache, retro-orbital pain, malaise, and loss of appetite, which are classic symptoms of dengue fever. The laboratory tests showed only mild elevations in leukocyte count and C-reactive protein, and elevated liver enzymes, which are consistent with dengue fever. The patient's recent travel history to Japan, including multiple mosquito bites, supports the diagnosis of dengue fever."", ""The patient's travel history to Japan, including multiple mosquito bites, is consistent with exposure to dengue virus. The absence of other tropical diseases such as malaria, tuberculosis, or melioidosis is also consistent with the dengue diagnosis."", ""The outbreak in Yoyogi Park, Tokyo, where the patient stayed, aligns with the dengue virus transmission pattern. The patient's symptoms developed after exposure to the park, which is consistent with dengue virus transmission."", ""The patient's laboratory results, including elevated liver enzymes and mild hyponatremia, are consistent with dengue fever. The absence of other tropical diseases such as malaria, tuberculosis, or melioidosis is also consistent with the dengue diagnosis.""]}"
PMC4329688_01,Dengue,Dengue,Neurocysticercosis | Melioidosis,high,1,1,44,138,0,"{""primary_diagnosis"": ""Dengue"", ""confidence"": ""high"", ""differential_diagnoses"": [""Neurocysticercosis"", ""Melioidosis""], ""key_evidence"": [""The patient presented with fever, severe headache, and vomiting, which are classic symptoms of dengue infection."", ""The patient had a history of generalized tonic-clonic seizures, which is a known complication of dengue encephalitis."", ""The imaging findings showed multifocal T2-weighted and FLAIR hyperintensities in bilateral cerebral hemispheres, which is consistent with dengue encephalitis."", ""The patient's laboratory findings, including the presence of dengue-specific IgM antibodies in the cerebrospinal fluid, supported the diagnosis of dengue encephalitis.""]}"
PMC4341258_01,Tuberculosis,Tuberculosis,Leprosy | Melioidosis,high,1,1,52,113,0,"{""primary_diagnosis"": ""Tuberculosis"", ""confidence"": ""high"", ""differential_diagnoses"": [""Leprosy"", ""Melioidosis""], ""key_evidence"": [""The patient presented with a rapidly enlarging painless cervical swelling (thyroid tuberculosis), which is consistent with the clinical presentation of thyroid tuberculosis."", ""The patient had a history of bilateral pleural effusions, pulmonary nodules, and hilar and mediastinal lymphadenopathy, which are characteristic findings in extrapulmonary tuberculosis."", ""The patient's thyroid swelling was associated with a 3.0 x 3.0 cm cystic nodule, which is consistent with the development of a cold nodule in a preexisting multinodular goiter due to superimposed tuberculous thyroiditis."", ""The patient's chest CT scan revealed bilateral pulmonary nodules and pleural effusions, which are consistent with disseminated pulmonary tuberculosis."", ""The patient's thyroid biopsy confirmed the presence of tuberculous granulomas, supporting the diagnosis of thyroid tuberculosis.""]}"
PMC4534593_01,Amebiasis,Melioidosis,Leprosy | Leptospirosis,high,0,0,41,89,0,"{""primary_diagnosis"": ""Melioidosis"", ""confidence"": ""high"", ""differential_diagnoses"": [""Leprosy"", ""Leptospirosis""], ""key_evidence"": [""Multiple left lower lobe subsegmental, right lower lobe, and right upper lobe segmental pulmonary emboli, pleural-based anterior bilateral upper lobe noncalcified nodules, and a large, irregular, heterogeneous marginated mass in the left hepatic lobe with a complex appearance and extensive enhancing septa, measuring approximately 8.5 x 9.6 x 6.8 cm, were found on CT scans. These findings are highly suggestive of a liver abscess in the presence of concurrent colitis, which is consistent with Melioidosis."", ""The patient's history of chronic alcohol abuse and the presence of multiple abscesses in the liver are consistent with the pathophysiology of Melioidosis."", ""The patient's presentation of fever, right upper quadrant abdominal pain, and the presence of pulmonary emboli are consistent with the systemic inflammatory response seen in Melioidosis.""]}"
PMC4763575_01,Leprosy,Tuberculosis,Leprosy | Melioidosis,high,0,1,55,107,0,"{""primary_diagnosis"": ""Tuberculosis"", ""confidence"": ""high"", ""differential_diagnoses"": [""Leprosy"", ""Melioidosis""], ""key_evidence"": [""Extrapulmonary tuberculosis localized to the right elbow joint."", ""Tuberculous arthritis of the left wrist."", ""Multifocal osteomyelitis across multiple peripheral joints."", ""Polyarthralgia was a prominent clinical feature of the Zika virus infection."", ""Erythematous skin lesion was a hallmark manifestation of dengue virus infection."", ""Cutaneous leishmaniasis presented with single and recurrent skin ulcer lesions."", ""Leprosy produced symmetrical cutaneous eruptions over the extensor aspects of the elbows and knees."", ""Cutaneous leishmaniasis produced ulcerated skin lesions on the eyebrow, eyelids, earlobe, and malar region."", ""Melioidosis manifested with septic arthritis affecting both ankles."", ""Melioidosis manifested as multifocal osteomyelitis across multiple peripheral joints.""]}"
PMC5124455_01,Viral Hemorrhagic Fevers,Leptospirosis,Melioidosis | Tuberculosis,high,0,0,40,135,0,"{""primary_diagnosis"": ""Leptospirosis"", ""confidence"": ""high"", ""differential_diagnoses"": [""Melioidosis"", ""Tuberculosis""], ""key_evidence"": [""Severe headache was a prominent symptom in dengue meningitis."", ""The patient presented with a three-day history of headache, fever, and neck stiffness."", ""Cerebrospinal fluid (CSF) analysis revealed leucocytosis with 85% lymphocytes, which is consistent with leptospirosis.""]}"
PMC5124455_02,Viral Hemorrhagic Fevers,Melioidosis,Leishmaniasis | Malaria,high,0,0,44,162,0,"{""primary_diagnosis"": ""Melioidosis"", ""confidence"": ""high"", ""differential_diagnoses"": [""Leishmaniasis"", ""Malaria""], ""key_evidence"": [""The patient presented with fever, headache, and vomiting for two days, with a high-grade fever that was transiently relieved by paracetamol. The patient had a history of fever in his town of residence, though no history of contact with a known case of fever."", ""Melioidosis is known to cause persistent high-grade fever, which is consistent with the patient's presentation."", ""The patient's symptoms resolved following treatment with ribavirin, which is not typically used for melioidosis but could be a misdiagnosis or a secondary infection."", ""The patient's presentation of fever, headache, and vomiting is consistent with the febrile syndrome of melioidosis, which can be caused by both primary infection and secondary complications.""]}"
PMC5124455_03,Viral Hemorrhagic Fevers,Malaria,Schistosomiasis | Paracoccidioidomycosis,high,0,0,40,141,0,"{""primary_diagnosis"": ""Malaria"", ""confidence"": ""high"", ""differential_diagnoses"": [""Schistosomiasis"", ""Paracoccidioidomycosis""], ""key_evidence"": [""The patient presented with recurrent fever of one-week duration, high grade, intermittent, and associated with chills and rigors. CSF analysis revealed elevated WBC count with marked lymphocytosis."", ""The patient had a history of recurrent fever, which was a key constitutional symptom of the underlying tuberculosis infection."", ""The patient had a history of intermittent fever associated with the echinococcal lung cyst."", ""The patient had a history of high fever, joint pain, and sweats, which were major systemic clinical manifestations of malaria.""]}"
PMC5124455_04,Viral Hemorrhagic Fevers,Melioidosis,Dengue | Tuberculosis,high,0,0,43,67,0,"{""primary_diagnosis"": ""Melioidosis"", ""confidence"": ""high"", ""differential_diagnoses"": [""Dengue"", ""Tuberculosis""], ""key_evidence"": [""The patient had a three-week history of recurrent fever and a two-week history of headache, neck pain, and neck stiffness, which are common symptoms of melioidosis. The presentation of fever, headache, and neck stiffness without other typical dengue or tuberculosis symptoms supports melioidosis over these conditions."", ""The CSF analysis showed leucocytosis and low glucose, which is consistent with melioidosis. However, these findings are also seen in other conditions like meningitis and tuberculosis."", ""The patient's history of recurrent fever and the presence of nuchal rigidity are suggestive of a central nervous system infection, which can be seen in melioidosis. The absence of other typical dengue or tuberculosis symptoms further supports melioidosis.""]}"
PMC5248410_01,Neurocysticercosis,Scrub Typhus,Melioidosis | Neurocysticercosis,high,0,1,52,163,0,"{""primary_diagnosis"": ""Scrub Typhus"", ""confidence"": ""high"", ""differential_diagnoses"": [""Melioidosis"", ""Neurocysticercosis""], ""key_evidence"": [""Altered sensorium and irritability occurred due to intracranial pressure and meningeal inflammation."", ""Multiple central T2W hyperintense lesions in bilateral cerebral hemispheres involving frontotemporo-parietal occipital, basal ganglia, thalami, and bilateral cerebellar hemispheres."", ""Mild perilesional edema seen on MRI of the brain."", ""Hyperintensity on FLAIR MRI located in the central part of the right pons indicating central nervous system involvement."", ""Severe headache was a prominent presenting symptom of the patient, which occurred during the initial presentation of acute scrub typhus."", ""Cerebrospinal fluid analysis showing polymorph pleocytosis, elevated protein, and low glucose, which is consistent with scrub typhus meningitis.""]}"
PMC5438857_01,Soil-Transmitted Helminths,Melioidosis,Leishmaniasis | Strongyloides stercoralis,high,0,0,46,87,0,"{""primary_diagnosis"": ""Melioidosis"", ""confidence"": ""high"", ""differential_diagnoses"": [""Leishmaniasis"", ""Strongyloides stercoralis""], ""key_evidence"": [""The patient had a significant past medical history of rheumatoid arthritis, diverticulosis, and diabetes mellitus, which are risk factors for melioidosis."", ""The patient's presentation of abdominal pain, hematochezia, and diarrhea, along with the presence of flask-shaped ulcers, is consistent with necrotizing amebic colitis, which can mimic melioidosis."", ""The positive blood cultures for Gram-negative rods and the patient's history of immunosuppression suggest a possible sepsis secondary to a severe infection, which is consistent with melioidosis.""]}"
PMC5483369_01,Tuberculosis,Talaromycosis,Melioidosis | Pulmonary Talaromycosis,high,0,0,48,130,0,"{""primary_diagnosis"": ""Talaromycosis"", ""confidence"": ""high"", ""differential_diagnoses"": [""Melioidosis"", ""Pulmonary Talaromycosis""], ""key_evidence"": [""The patient presented with a 4 months history of dyspnea, weight loss, and fever, along with multiple lymphadenopathies, hepatomegaly, jugular venous distension, and a 2/6 diastolic heart murmur. The CT revealed multiple mediastinal and mesenteric lymphadenopathies, segmental thickening of the colic wall, and ascites. The cardiac echocardiography showed a 28 x 28 mm mass located at the anterior mitral valve fusing to the mitro-aortic junction and along the proximal aortic wall, with moderate aortic insufficiency."", ""Key clinical findings such as generalized lymphadenopathy, mediastinal lymphadenopathy, and the presence of a 28 x 28 mm mass at the anterior mitral valve are consistent with talaromycosis.""]}"
PMC5749200_01,Echinococcosis,Echinococcosis,Paracoccidioidomycosis | Melioidosis,high,1,1,51,126,0,"{""primary_diagnosis"": ""Echinococcosis"", ""confidence"": ""high"", ""differential_diagnoses"": [""Paracoccidioidomycosis"", ""Melioidosis""], ""key_evidence"": [""The patient presented with a 10 cm x 7 cm x 7 cm thick-walled cyst in segment VIII of liver with multiple loculations, septations suggestive of daughter cysts and partially calcified cyst wall."", ""The cyst was located in the segment VIII of the liver, which is consistent with the presentation of hydatid cysts in the liver."", ""The patient underwent a percutaneous evacuation of the cyst using a nephroscope, which is a procedure commonly used for hydatid cysts."", ""The ultrasonography and CT scans showed a multiloculated cyst in the segment VIII of the liver with calcification at multiple sites in the liver, which is characteristic of echinococcal cysts.""]}"
PMC5779778_01,Echinococcosis,Melioidosis,Leishmaniasis | Malaria,high,0,0,47,54,0,"{""primary_diagnosis"": ""Melioidosis"", ""confidence"": ""high"", ""differential_diagnoses"": [""Leishmaniasis"", ""Malaria""], ""key_evidence"": [""The patient lived in Wuhan, where endemic exposure to Schistosoma occurred, which is a risk factor for schistosomiasis, but also for melioidosis."", ""The patient had a history of frequent business travels to Sichuan and Guangxi provinces, which are endemic regions for melioidosis."", ""The patient's presentation of a multilocular cystic mass with internal compartments and fluid-filled compartments is consistent with the imaging findings of a melioidosis hydatid cyst.""]}"
PMC5917533_01,Tuberculosis,Tuberculosis,Leishmaniasis | Melioidosis,high,1,1,43,48,0,"{""primary_diagnosis"": ""Tuberculosis"", ""confidence"": ""high"", ""differential_diagnoses"": [""Leishmaniasis"", ""Melioidosis""], ""key_evidence"": [""The patient presented with asthenia, weight loss (17 kg/3-months), dysphagia and compressive thoracic adenopathies (absent on the initial radiography and present on the computed tomography-scan 3-month afterward)."", ""Blood tests showed hepatic cytolysis and cholestasis. Serologies were negative for C-hepatits, HIV, Epstein-Barr, Parvo, HHV8 viruses and for [MASK] and [MASK]."", ""The patient had granulomas noted on the skin, mediastinal (with significant necrosis) and liver and minor salivary gland biopsies. Kidney biopsy was suggestive of IgA-glomerulonephritis."", ""The patient had persistent hypercalcemia at 14 days after the beginning of [MASK] treatment. Granulomas were noted on the skin, mediastinal (with significant necrosis) and liver and minor salivary gland biopsies."", ""Pathological examination of lung biopsy tissue confirmed the diagnosis of tuberculosis."", ""The patient had asthenia, weight loss, and compressive thoracic adenopathies, which are consistent with extrapulmonary tuberculosis."", ""The patient had persistent fever, weight loss, and granulomatous lesions, which are characteristic of tuberculosis.""]}"
PMC6131835_02,Scabies,Talaromycosis,Schistosomiasis | Leishmaniasis,high,0,0,36,96,0,"{""primary_diagnosis"": ""Talaromycosis"", ""confidence"": ""high"", ""differential_diagnoses"": [""Schistosomiasis"", ""Leishmaniasis""], ""key_evidence"": [""The patient presented with severe opportunistic infections, including disseminated talaromycosis, which is known to occur in the context of severe immunosuppression from HIV infection."", ""The patient had a history of HIV infection and was receiving antiretroviral therapy, which predisposes to opportunistic infections such as talaromycosis."", ""The patient's severe immunosuppression from HIV infection is a known risk factor for disseminated talaromycosis.""]}"
PMC6335926_01,Tuberculosis,Melioidosis,Dengue | Leptospirosis,high,0,0,40,152,0,"{""primary_diagnosis"": ""Melioidosis"", ""confidence"": ""high"", ""differential_diagnoses"": [""Dengue"", ""Leptospirosis""], ""key_evidence"": [""The patient presented with a 1-month history of abdominal pain, headache, and nightly fevers, and a 1-week history of seizures, which are typical clinical findings of melioidosis. The lumbar puncture showed white blood cells of 720 cells/mm3 (90% mononuclear) and elevated protein, which is consistent with meningeal melioidosis."", ""The patient's history of travel to the Democratic Republic of Congo, where melioidosis is endemic, supports the diagnosis of melioidosis. The patient's presentation with meningeal involvement is a hallmark of melioidosis, especially in endemic regions."", ""The patient's history of concurrent fevers and neurological symptoms, such as headache and seizures, is consistent with the clinical presentation of melioidosis, which can present with a wide range of symptoms including meningitis, pneumonia, and abscesses.""]}"
PMC6345088_01,Leprosy,Malaria,Schistosomiasis | Tuberculosis,high,0,0,46,118,0,"{""primary_diagnosis"": ""Malaria"", ""confidence"": ""high"", ""differential_diagnoses"": [""Schistosomiasis"", ""Tuberculosis""], ""key_evidence"": [""The patient presented with fever, productive cough, and cyanosis, which are classic symptoms of malaria. The patient's history of recent diagnosis of [MASK] and the use of antimalarial medications (quinidine gluconate and quinine) are strong indicators of malaria."", ""The patient's presentation, including the use of antimalarial medications, is consistent with severe falciparum malaria, which can mimic thrombotic thrombocytopenic purpura (TTP). The patient's history of pregnancy complicating malaria further supports this diagnosis."", ""The patient's history of recent diagnosis of [MASK] and the use of antimalarial medications (quinidine gluconate and quinine) are strong indicators of malaria. The patient's history of pregnancy complicating malaria further supports this diagnosis.""]}"
PMC6375019_01,Tuberculosis,Melioidosis,Leptospirosis | Malaria,high,0,0,39,101,0,"{""primary_diagnosis"": ""Melioidosis"", ""confidence"": ""high"", ""differential_diagnoses"": [""Leptospirosis"", ""Malaria""], ""key_evidence"": [""The patient had hypercalcemia-induced acute severe pancreatitis which led to acute RCN and severe renal failure requiring dialysis."", ""The cause of hypercalcemia is increased secretion of 1, 25-dihydroxyvitamin D from the granulomatous tissue in the terminal ileum, which is secondary to [MASK]."", ""Renal tuberculosis caused acute renal failure in the patient."", ""Severe acute pancreatitis and systemic hypoperfusion led to acute renal failure.""]}"
PMC6612987_01,Scrub Typhus,Echinococcosis,Melioidosis | Schistosomiasis,high,0,0,43,168,0,"{""primary_diagnosis"": ""Echinococcosis"", ""confidence"": ""high"", ""differential_diagnoses"": [""Melioidosis"", ""Schistosomiasis""], ""key_evidence"": [""The patient presented with severe right upper quadrant abdominal pain, distension, and guarding, which are consistent with the presentation of echinococcosis."", ""The patient's laboratory findings, including elevated creatinine levels and metabolic acidosis, are consistent with severe cholangitis and acute cholecystitis, which can be caused by echinococcosis."", ""The patient's history of multiple gallstones and the presence of a pericholecystic collection on ultrasound are consistent with acute cholecystitis, which can be complicated by echinococcosis.""]}"
PMC6679697_01,Zika Virus,Zika virus,Malaria | Multidrugresistant tuberculosis,high,1,1,40,158,0,"{""primary_diagnosis"": ""Zika virus"", ""confidence"": ""high"", ""differential_diagnoses"": [""Malaria"", ""Multidrugresistant tuberculosis""], ""key_evidence"": [""The patient presented with microcephaly in the newborn, which is strongly associated with maternal Zika virus infection."", ""Zika virus infection was contracted during the third trimester of gestation, leading to severe fetal developmental anomalies including microcephaly."", ""The patient had a history of severe oligohydramnios, which is a known complication of Zika virus infection during pregnancy."", ""The patient had a history of severe maternal malaria and sepsis, which could have contributed to fetal demise at 22 weeks of gestation."", ""The patient had a history of multidrug-resistant tuberculosis, which could have contributed to severe fetal growth restriction.""]}"
PMC6679697_02,Zika Virus,Zika virus,Leishmaniasis | Melioidosis,high,1,1,45,160,0,"{""primary_diagnosis"": ""Zika virus"", ""confidence"": ""high"", ""differential_diagnoses"": [""Leishmaniasis"", ""Melioidosis""], ""key_evidence"": [""The patient presented with severe generalized itching and maculopapular rash, which is a common symptom of Zika virus infection."", ""The patient's fetus exhibited severe fetal developmental anomalies including microcephaly and ventriculomegaly, which are characteristic of congenital Zika syndrome."", ""The patient's close familial group were also experiencing similar symptoms, suggesting a potential outbreak in Colombia."", ""Multiple fetal ultrasonographies showed abnormal intracranial ventricular dilatation, which is consistent with Zika virus infection in utero."", ""The patient's clinical presentation, including the rash, fever, and fetal anomalies, aligns with the known clinical manifestations of Zika virus infection.""]}"
PMC6735636_01,Schistosomiasis,,,unknown,1,0,50,65,0,"{""error"": """", ""primary_diagnosis"": """", ""differential_diagnoses"": []}"
PMC6875249_01,Tuberculosis,Tuberculosis peritonitis,Leishmaniasis | Melioidosis,high,1,1,40,54,0,"{""primary_diagnosis"": ""Tuberculosis peritonitis"", ""confidence"": ""high"", ""differential_diagnoses"": [""Leishmaniasis"", ""Melioidosis""], ""key_evidence"": [""Computed tomography suggested peritoneal carcinomatosis which was histologically proven to be peritoneal tuberculosis."", ""Peritoneal histopathology confirmed peritoneal tuberculosis and ruled out malignant cells."", ""Mini-laparotomy identified diffuse tuberculous granulations on visceral and parietal surfaces."", ""Peritoneal tuberculosis caused an elevated CA-125 level that mimicked peritoneal carcinomatosis.""]}"
PMC7102467_01,Malaria,Malaria,Dengue | Paracoccidioidomycosis,high,1,1,38,153,0,"{""primary_diagnosis"": ""Malaria"", ""confidence"": ""high"", ""differential_diagnoses"": [""Dengue"", ""Paracoccidioidomycosis""], ""key_evidence"": [""The patient had a fever that persisted despite initial treatment with antibiotics, which is consistent with malaria."", ""The patient's symptoms, including fever, myalgias, and body aches, are consistent with both malaria and dengue. However, the presence of a recent travel history to Nigeria and the rise in parasitemia level suggest malaria as the primary diagnosis."", ""The patient's hematologic findings, including leukopenia, are consistent with malaria, which can cause a drop in white blood cell count."", ""The patient's travel history to Nigeria and the presence of Plasmodium falciparum parasitemia support the diagnosis of malaria.""]}"
PMC7266615_01,Leishmaniasis,Schistosomiasis,Melioidosis | Tuberculosis,high,0,0,48,49,0,"{""primary_diagnosis"": ""Schistosomiasis"", ""confidence"": ""high"", ""differential_diagnoses"": [""Melioidosis"", ""Tuberculosis""], ""key_evidence"": [""The patient resided in Tamil Nadu, an endemic geographic region for melioidosis in India."", ""The patient resided in Assam, an endemic geographical region for melioidosis."", ""The patient presented with mild anemia, which is a common symptom of schistosomiasis."", ""The patient had a history of splenectomy, which can predispose to schistosomiasis."", ""The patient had a history of splenomegaly, which is a known finding in schistosomiasis."", ""The patient had a history of splenic melioidosis, which is a known complication of melioidosis."", ""The patient had a history of splenectomy, which can predispose to schistosomiasis.""]}"
PMC7266615_02,Leishmaniasis,Melioidosis,Leishmaniasis | Tuberculosis,high,0,1,46,85,0,"{""primary_diagnosis"": ""Melioidosis"", ""confidence"": ""high"", ""differential_diagnoses"": [""Leishmaniasis"", ""Tuberculosis""], ""key_evidence"": [""The patient had recurrent pancytopenia, persistent splenomegaly, and a history of five previous hospitalizations for [MASK]."", ""The patient underwent splenectomy and had multiple splenic abscesses, which is consistent with splenic melioidosis."", ""The patient resided in Chonburi Province, Thailand, an endemic region for melioidosis."", ""The patient had a history of splenic tuberculosis, which can lead to splenic melioidosis."", ""The patient had a history of splenectomy and multiple splenic abscesses, which is consistent with splenic melioidosis.""]}"
PMC8077677_01,Echinococcosis,Amebiasis,Schistosomiasis | Melioidosis,high,0,0,48,85,0,"{""primary_diagnosis"": ""Amebiasis"", ""confidence"": ""high"", ""differential_diagnoses"": [""Schistosomiasis"", ""Melioidosis""], ""key_evidence"": [""The patient presented with chronic dull and dragging pain in the left hypochondrium, which is a classic symptom of splenic echinococcosis. However, the patient's history of contact with pet dogs and the presence of a giant cystic lesion in the left hypochondrium suggest a parasitic infection."", ""The ultrasound and CT scan findings of a well-outlined complex cystic lesion in the left kidney are consistent with a parasitic infection such as echinococcosis. The patient's history of contact with pet dogs further supports this diagnosis."", ""The patient's symptoms of chronic dull pain in the left hypochondrium and the presence of a cystic lesion in the left kidney are also consistent with splenic echinococcosis. However, the patient's history of contact with pet dogs and the presence of a cystic lesion in the left kidney are more indicative of echinococcosis.""]}"
PMC8243228_01,Tuberculosis,Melioidosis,Leptospirosis | Tuberculosis,high,0,1,51,53,0,"{""primary_diagnosis"": ""Melioidosis"", ""confidence"": ""high"", ""differential_diagnoses"": [""Leptospirosis"", ""Tuberculosis""], ""key_evidence"": [""The patient had preexisting diabetes mellitus as a risk factor for melioidosis."", ""The patient presented with multiple nodular implants in the spleen, gut, and peritoneal cavity, which is consistent with the imaging findings of melioidosis."", ""The patient's history of poorly controlled diabetes mellitus served as a primary predisposing risk factor for melioidosis.""]}"
PMC8243228_02,Tuberculosis,tuberculosis,schistosomiasis | echinococcosis,high,1,1,48,172,0,"{""primary_diagnosis"": ""tuberculosis"", ""confidence"": ""high"", ""differential_diagnoses"": [""schistosomiasis"", ""echinococcosis""], ""key_evidence"": [""Multiple cerebroid nodules scattered through parietal and visceral peritoneum, small bowel, colon and epiploon; and plenty of ascitic fluid were observed during exploratory laparotomy."", ""The patient died seven days after initiation of [MASK] treatment due to refractory septic shock."", ""Clinical presentation of severe abdominal pain, distension, and guarding, which are consistent with acute abdomen due to tuberculosis.""]}"
PMC8374937_02,Talaromycosis,Tuberculosis,Melioidosis | Leishmaniasis,high,0,0,27,20,0,"{""primary_diagnosis"": ""Tuberculosis"", ""confidence"": ""high"", ""differential_diagnoses"": [""Melioidosis"", ""Leishmaniasis""], ""key_evidence"": [""Multiple nodules and cavities in both lungs consistent with active pulmonary tuberculosis as revealed by chest CT."", ""Upper abdominal computed tomography suggested a splenic abscess with multiple low-density shadows, ascites, and cholecystitis, which is consistent with peritoneal tuberculosis."", ""The patient's presentation of fever, cough, and pericardial effusion are common symptoms of tuberculosis.""]}"
PMC8374937_03,Talaromycosis,Echinococcosis,Melioidosis | Schistosomiasis,high,0,0,43,59,0,"{""primary_diagnosis"": ""Echinococcosis"", ""confidence"": ""high"", ""differential_diagnoses"": [""Melioidosis"", ""Schistosomiasis""], ""key_evidence"": [""Several scattered umbilical fossa-like red blisters appeared on the patient's back, which gradually spread to both the upper limbs and the chest (Figure 1E)."", ""The patient had double lower abdominal pain with fever, tenderness and rebound tenderness. Abdominal upright plain film showed free gas under the diaphragm, and an exploratory laparotomy found that there was a perforation in the small intestine, 15 cm from the ileocecal, and local edema was obvious."", ""Clinical presentation of abdominal pain, free gas under the diaphragm, and bowel perforation are consistent with Echinococcosis, which can cause hydatid cysts in multiple organs, including the liver and small intestine."", ""The presence of hydatid cysts and the surgical findings of bowel perforation are key indicators supporting the diagnosis of Echinococcosis.""]}"
PMC9309810_01,Tuberculosis,Melioidosis,Leishmaniasis | Tuberculosis,high,0,1,33,20,0,"{""primary_diagnosis"": ""Melioidosis"", ""confidence"": ""high"", ""differential_diagnoses"": [""Leishmaniasis"", ""Tuberculosis""], ""key_evidence"": [""Multiple miliary nodular lesions partially clustered and diffusely consolidated in both lungs on high-resolution computed tomography (CT) and the patient's history of chronic hepatitis B, long-term oral antiviral treatment, and induced abortions, which are risk factors for melioidosis."", ""The patient's history of chronic hepatitis B and long-term oral antiviral treatment, as well as the presence of multiple miliary nodular lesions, are also consistent with the presentation of tuberculosis.""]}"
PMC9393029_01,Amebiasis|Schistosomiasis,Dengue,Schistosomiasis | Melioidosis,high,0,1,48,99,0,"{""primary_diagnosis"": ""Dengue"", ""confidence"": ""high"", ""differential_diagnoses"": [""Schistosomiasis"", ""Melioidosis""], ""key_evidence"": [""The patient presented with bloody diarrhea, vomiting, fever, and arthralgia, which are common symptoms of dengue fever."", ""The patient had a history of swimming in a pond, which is a known risk factor for dengue infection."", ""The patient's laboratory findings, including elevated transaminases (AST 137 U/L, ALT 110 U/L) and elevated bilirubin levels, are consistent with dengue fever."", ""The patient's clinical presentation, including the presence of fever, arthralgia, and gastrointestinal symptoms, aligns with the clinical features of dengue fever.""]}"
PMC9533800_01,Tuberculosis,Tuberculosis,Melioidosis | Leishmaniasis,high,1,1,45,133,0,"{""primary_diagnosis"": ""Tuberculosis"", ""confidence"": ""high"", ""differential_diagnoses"": [""Melioidosis"", ""Leishmaniasis""], ""key_evidence"": [""The patient had a history of occupational exposure to [MASK] in Rwanda, which is a known risk factor for tuberculosis."", ""The patient presented with pleural effusion, pleuritic chest pain, and fever, which are common symptoms of pleural tuberculosis."", ""Histopathological examination of resected lung specimens demonstrated caseating granulomas diagnostic of active tuberculosis."", ""The patient's condition was previously misdiagnosed and treated as pulmonary tuberculosis, suggesting a history of tuberculosis infection."", ""The patient's pleural effusion was exudative with elevated adenosine deaminase (ADA), a finding consistent with tuberculosis."", ""The patient's chest CT revealed old pulmonary scar lesions indicative of past tuberculosis exposure.""]}"
PMC9816882_01,Tuberculosis,Melioidosis,Cholera | Tuberculosis,high,0,1,56,68,0,"{""primary_diagnosis"": ""Melioidosis"", ""confidence"": ""high"", ""differential_diagnoses"": [""Cholera"", ""Tuberculosis""], ""key_evidence"": [""The patient presented with nodular abscesses and cutaneous fistulae, which are characteristic features of Melioidosis. The nodular abscesses and cutaneous fistulization are consistent with the clinical presentation of Melioidosis, a tropical disease caused by Burkholderia pseudomallei."", ""The patient's history of recurrent abscesses and fistulization, along with the absence of fever and other systemic symptoms, is consistent with the atypical presentation of Melioidosis. The differential diagnoses of Cholera and Tuberculosis are less likely given the patient's clinical presentation and the absence of typical symptoms such as diarrhea and pulmonary symptoms."", ""The histopathological examination of the specimen sent for pathological examination showed epithelioid cells and eosinophilic deposits, which are consistent with a tuberculous etiology. However, the patient's clinical presentation and the absence of other typical tuberculosis symptoms make Melioidosis the most likely diagnosis.""]}"
PMC10248429_01,Tuberculosis,Tuberculosis,Malaria | Schistosomiasis,high,1,1,43,69,0,"{""primary_diagnosis"": ""Tuberculosis"", ""confidence"": ""high"", ""differential_diagnoses"": [""Malaria"", ""Schistosomiasis""], ""key_evidence"": [""The patient presented with a paroxysmal cough with white mucous sputum, chest distress, shortness of breath, and numbness of both lower limbs, which are common symptoms of pulmonary tuberculosis."", ""The patient had a history of smoking for 50 years, which is a risk factor for pulmonary tuberculosis."", ""The chest CT scan showed a mixed-density mass measuring approximately 12.6 x 7.6 cm in the left upper lobe of the lung, with localized thinning of the left pulmonary artery, and multiple small patchy and nodular high-density shadows in the surrounding lung, which are characteristic findings of pulmonary tuberculosis."", ""The patient's pathological findings revealed a moderately differentiated squamous cell carcinoma, which could be a secondary effect of tuberculosis, as tuberculosis can cause secondary malignancies."", ""The patient's hematological findings showed pancytopenia, which is a known complication of tuberculosis, especially in advanced stages."", ""The patient's history of recurrent fever, which is a prominent clinical manifestation of disseminated extrapulmonary tuberculosis, supports the diagnosis of tuberculosis.""]}"
PMC10267541_02,Tuberculosis,Tuberculosis,Melioidosis | Mycetoma,high,1,1,49,87,0,"{""primary_diagnosis"": ""Tuberculosis"", ""confidence"": ""high"", ""differential_diagnoses"": [""Melioidosis"", ""Mycetoma""], ""key_evidence"": [""Histopathological examination revealed caseating tuberculous granulomas in the placenta, supporting the diagnosis of gestational tuberculosis."", ""The patient had a history of sub-placental hematoma and retained placenta, which could be associated with disseminated tuberculosis."", ""The patient's symptoms, including irregular blood loss and lower abdominal pain, could be indicative of tuberculous endometritis or placental tuberculosis.""]}"
PMC10321781_01,Echinococcosis,Melioidosis,Paracoccidioidomycosis | Talaromycosis,high,0,0,57,80,0,"{""primary_diagnosis"": ""Melioidosis"", ""confidence"": ""high"", ""differential_diagnoses"": [""Paracoccidioidomycosis"", ""Talaromycosis""], ""key_evidence"": [""The patient had a mouth opening of 5 mm, which is consistent with the swelling and destruction seen in Melioidosis affecting the mandible."", ""The patient had a draining sinus with pus discharge, which is a common finding in Melioidosis, especially in the context of a mandibular lesion."", ""The patient had a well-defined radiolucency along the left mandibular ramus, which is consistent with the radiological findings seen in Melioidosis."", ""The patient had a draining sinus with pus discharge, which is a common finding in Melioidosis, especially in the context of a mandibular lesion.""]}"
PMC10362657_01,Echinococcosis,Tuberculosis,Mycetoma | Leprosy,high,0,0,49,121,0,"{""primary_diagnosis"": ""Tuberculosis"", ""confidence"": ""high"", ""differential_diagnoses"": [""Mycetoma"", ""Leprosy""], ""key_evidence"": [""Computed tomography of the chest and abdomen (CT) scan revealed multiple well-defined hypodense lesions with mildly enhancing wall and internal septa in the left lung, liver, left adrenal gland, spleen, peritoneum with chest wall extension, which is consistent with disseminated tuberculosis."", ""The patient's presentation includes chest pain, hoarseness, and blackish discoloration of the right foot, which are consistent with laryngeal tuberculosis and pulmonary tuberculosis, respectively."", ""The patient's history of chronic smoking and farmer occupation, along with the presence of multiple pulmonary nodules and lymphadenopathy, supports the diagnosis of tuberculosis.""]}"
PMC10839419_01,Echinococcosis,Echinococcosis,Leishmaniasis | Melioidosis,high,1,1,52,106,0,"{""primary_diagnosis"": ""Echinococcosis"", ""confidence"": ""high"", ""differential_diagnoses"": [""Leishmaniasis"", ""Melioidosis""], ""key_evidence"": [""The patient presented with a gradually enlarging mass in the right gluteal area that had been progressing over the past three years. The mass was nonpainful upon palpation, exhibited mobility in both superficial and deep planes, and showed no indications of inflammation."", ""The ultrasound examination revealed a well-defined cystic lesion with anechoic characteristics, and the MRI assessment demonstrated an oval-shaped formation within the right gluteus maximus muscle, featuring regular contours and hyperintensity on both T1- and T2-weighted imaging."", ""The computed tomography scan of the thoracoabdominal region showed no other affected areas, but the [MASK] serological test came back positive."", ""The surgical approach was from the back, focusing on the mass, which was found to be a cyst located at the level of the aponeurosis of the gluteus maximus muscle."", ""The surgical team performed a complete pericystectomy without damaging the cyst's integrity.""]}"
PMC10846554_01,Trypanosomiasis,Melioidosis,Tuberculosis | Leptospirosis,high,0,0,42,59,0,"{""primary_diagnosis"": ""Melioidosis"", ""confidence"": ""high"", ""differential_diagnoses"": [""Tuberculosis"", ""Leptospirosis""], ""key_evidence"": [""Bone biopsy confirmed caseo-follicular tuberculosis."", ""Bone biopsy cultures confirmed Mycobacterium tuberculosis as the infecting pathogen."", ""Renal biopsy confirmed extracapillary proliferation and mesangial IgA deposition."", ""Renal failure occurred as a severe complication of falciparum malaria infection.""]}"
PMC10846554_02,Trypanosomiasis,Melioidosis,Paracoccidioidomycosis | Leptospirosis,high,0,0,46,100,0,"{""primary_diagnosis"": ""Melioidosis"", ""confidence"": ""high"", ""differential_diagnoses"": [""Paracoccidioidomycosis"", ""Leptospirosis""], ""key_evidence"": [""The patient presented with significant nonspecific electrocardiographic changes and diastolic dysfunction, which has been suggested as an early expression of [MASK]."", ""Periodic monitoring of [MASK] parasitemia indicated a significant increase in parasitemia 28 months post-transplant, representing 10x the mean of three pre-transplant samples."", ""The patient was native to Assam, an recognized endemic geographical region for melioidosis."", ""The patient resided in Tamil Nadu, an endemic geographic region for melioidosis in India.""]}"
PMC10846554_04,Trypanosomiasis,Tuberculosis,Melioidosis | Mycetoma,high,0,0,52,93,0,"{""primary_diagnosis"": ""Tuberculosis"", ""confidence"": ""high"", ""differential_diagnoses"": [""Melioidosis"", ""Mycetoma""], ""key_evidence"": [""Multiple lytic bone lesions involving the spine, ribs, bilateral iliac bones, and right acetabulum, which is consistent with osteolytic bone destruction seen in tuberculosis."", ""The patient's history of febrile neutropenia, which can be a complication of disseminated tuberculosis, and the presence of bone destruction, which is a hallmark of tuberculosis."", ""The patient's history of MM, which can be associated with disseminated tuberculosis, and the presence of bone destruction, which is a hallmark of tuberculosis.""]}"
PMC10846554_07,Trypanosomiasis,Tuberculosis,Melioidosis | Schistosomiasis,high,0,0,43,85,0,"{""primary_diagnosis"": ""Tuberculosis"", ""confidence"": ""high"", ""differential_diagnoses"": [""Melioidosis"", ""Schistosomiasis""], ""key_evidence"": [""xray left hand [diagnostic_test]: Plain radiograph demonstrating osteolytic lesions over the head and neck of the third metacarpal bone."", ""bone biopsy histopathology [diagnostic_test]: Microscopic examination of intra-osseous curettage tissue confirming caseous necrosis surrounded by epithelioid and L..."", ""osteomyelitis [disease]: Calvarial bone infection of the inner table of the skull flap identified during craniectomy."", ""bone biopsy [diagnostic_test]: Histological examination of bone biopsy confirmed caseo-follicular tuberculosis.""]}"
PMC10846554_08,Trypanosomiasis,Tuberculosis,Leishmaniasis | Mycetoma,high,0,0,52,134,0,"{""primary_diagnosis"": ""Tuberculosis"", ""confidence"": ""high"", ""differential_diagnoses"": [""Leishmaniasis"", ""Mycetoma""], ""key_evidence"": [""The patient had multiple bone lesions (skull and vertebrae) and was treated with thalidomide and dexamethasone plus radiotherapy for multiple myeloma (MM). Dexamethasone was administered as an adjunctive steroid alongside anti-tuberculous therapy."", ""The patient had a history of MM and was treated with chemotherapy, which could have led to immunosuppression, predisposing to eumycetoma development.""]}"
PMC10846554_09,Trypanosomiasis,Tuberculosis,Melioidosis | Echinococcosis,high,0,0,46,116,0,"{""primary_diagnosis"": ""Tuberculosis"", ""confidence"": ""high"", ""differential_diagnoses"": [""Melioidosis"", ""Echinococcosis""], ""key_evidence"": [""Bone tuberculosis was confirmed by bacteriological culture positive for Mycobacterium tuberculosis."", ""Echinococcosis caused severe lytic destruction of the left iliac wing bone."", ""Melioidosis resulted in calvarial bone infection and osteomyelitis of the inner skull table.""]}"
PMC10896102_01,Talaromycosis,Talaromycosis,Paracoccidioidomycosis | Melioidosis,high,1,1,42,79,0,"{""primary_diagnosis"": ""Talaromycosis"", ""confidence"": ""high"", ""differential_diagnoses"": [""Paracoccidioidomycosis"", ""Melioidosis""], ""key_evidence"": [""The patient had a high-signal-density mass in the left parietal lobe on MRI, which is consistent with brain involvement in disseminated talaromycosis."", ""The patient had a compact mass in the brain, which is consistent with the histopathologic examination of the brain mass revealing B-cell non-Hodgkin lymphoma."", ""The patient had disseminated talaromycosis, which is a severe systemic dimorphic fungal infection caused by Talaromyces marneffei.""]}"
PMC11068466_01,Tuberculosis,Papulonecrotic Tuberculid,Scabies | Melioidosis,high,0,0,45,86,0,"{""primary_diagnosis"": ""Papulonecrotic Tuberculid"", ""confidence"": ""high"", ""differential_diagnoses"": [""Scabies"", ""Melioidosis""], ""key_evidence"": [""Fine needle aspiration cytology from the lymph node showed caseating granulomatous inflammation suggestive of [MASK]."", ""Multiple hard, mobile, discrete, non-tender, cervical lymph nodes of size 2-2.5cm with no active discharge and overlying skin showing signs of healed ulceration."", ""The patient was started on [MASK] treatment and at one month follow up there was regression of lymph nodes.""]}"
PMC11122169_01,Leishmaniasis,,,unknown,1,0,43,45,0,"{""error"": """", ""primary_diagnosis"": """", ""differential_diagnoses"": []}"
PMC11178661_01,Echinococcosis,Paracoccidioidomycosis,Melioidosis | Talaromycosis,high,0,0,54,123,0,"{""primary_diagnosis"": ""Paracoccidioidomycosis"", ""confidence"": ""high"", ""differential_diagnoses"": [""Melioidosis"", ""Talaromycosis""], ""key_evidence"": [""The patient presented with a chronic cough lasting three months, which is a primary presenting symptom of pulmonary paracoccidioidomycosis."", ""The patient's presentation includes a chronic cough, which is also a presenting symptom for talaromycosis."", ""The patient's history of a salty taste of saliva and no significant past or personal history suggests a tropical disease, which aligns with paracoccidioidomycosis.""]}"
PMC11768316_01,Scrub Typhus,Paracoccidioidomycosis,Melioidosis | Leishmaniasis,high,0,0,46,75,0,"{""primary_diagnosis"": ""Paracoccidioidomycosis"", ""confidence"": ""high"", ""differential_diagnoses"": [""Melioidosis"", ""Leishmaniasis""], ""key_evidence"": [""The patient presented with fever, cough, and rash, and had a history of living in a forested area in Japan. Paracoccidioidomycosis is endemic in forested areas and can present with these symptoms."", ""The patient had a history of living in a forested area in Japan, which is a known endemic region for Paracoccidioidomycosis."", ""Laboratory evaluation in the patient with Paracoccidioidomycosis demonstrated elevated IgE to >=1000 kU/L, which is consistent with the patient's elevated ige."", ""The patient's rash and fever resolved with the administration of minocycline, a common treatment for Paracoccidioidomycosis.""]}"
PMC12178708_01,Amebiasis,Melioidosis,Tuberculosis | Leishmaniasis,high,0,0,51,100,0,"{""primary_diagnosis"": ""Melioidosis"", ""confidence"": ""high"", ""differential_diagnoses"": [""Tuberculosis"", ""Leishmaniasis""], ""key_evidence"": [""The patient had a history of diarrhea and abdominal pain two months before presentation, which resolved spontaneously without treatment."", ""The patient had a persistent high fever, prompting ultrasound-guided percutaneous drainage of the hepatic abscess, which yielded a large amount of pus."", ""Laboratory results revealed a positive HIV antibody test, and further laboratory tests revealed a CD4 count (163.4 cells/muL) and viral load (153,270 copies/mL)."", ""Enhanced abdominal CT scan revealed low-density areas in the right lobe of the liver, with a CT value of approximately 30 Hounsfield Unit (HU) and peripheral ring enhancement observed after the administration of contrast material, suggestive of an abscess."", ""Bacterial culture of the drained fluid (aerobic and anaerobic) and pre-antibiotic blood cultures identified Salmonella enterica subsp. enterica serotype Typhi (Salmonella Typhi)."", ""Antimicrobial therapy with ceftriaxone 2000 mg every 24 h was initiated, but the patient continued to have a fever and gradually developed dyspnea.""]}"
PMC12745226_01,Tuberculosis,Talaromycosis,Echinococcosis | Melioidosis,high,0,0,47,99,0,"{""primary_diagnosis"": ""Talaromycosis"", ""confidence"": ""high"", ""differential_diagnoses"": [""Echinococcosis"", ""Melioidosis""], ""key_evidence"": [""The patient had extensive filamentous fibrous adhesions in the left thoracic cavity, which is a characteristic finding in talaromycosis."", ""The patient's lesion was completely excised, and a closed thoracic drainage tube was placed, which is consistent with the surgical approach used in talaromycosis."", ""The patient's postoperative histopathology revealed a large, amorphous, eosinophilic acellular necrotic area consistent with caseation, surrounded by dense fibrous encapsulation with focal hyalinization, which is a hallmark of talaromycosis."", ""The patient's chest CT scan showed left lower lobe infiltration and necrotic mediastinal adenopathy, which is consistent with the presentation of talaromycosis."", ""The patient's chest contrast-enhanced computed tomography demonstrated heterogeneous enhancement of the mass, which is a feature of talaromycosis."", ""The patient's postoperative histopathology and clinical presentation are consistent with the clinical and radiological features of talaromycosis.""]}"
PMC2827381_01,Tuberculosis,Tuberculosis,Paracoccidioidomycosis | Melioidosis,high,1,1,51,68,0,"{""primary_diagnosis"": ""Tuberculosis"", ""confidence"": ""high"", ""differential_diagnoses"": [""Paracoccidioidomycosis"", ""Melioidosis""], ""key_evidence"": [""The patient presented with generalized lymphadenopathy, including left cervical lymph nodes and axillary lymph node enlargement."", ""The patient had proptosis, conjunctival chemosis, and limitation of extraocular movements in the left eye, which are consistent with ocular tuberculosis."", ""The patient had a positive Mantoux test, which supported the diagnosis of presumed ocular tuberculosis."", ""The patient had a history of fever, which is a common symptom of tuberculosis."", ""The patient had a positive [MASK] test, which is consistent with ocular tuberculosis."", ""The patient had a history of proptosis and conjunctival chemosis, which are consistent with ocular tuberculosis.""]}"
PMC2909728_01,Paracoccidioidomycosis,Paracoccidioidomycosis,Melioidosis | Schistosomiasis,high,1,1,48,165,0,"{""primary_diagnosis"": ""Paracoccidioidomycosis"", ""confidence"": ""high"", ""differential_diagnoses"": [""Melioidosis"", ""Schistosomiasis""], ""key_evidence"": [""Multiple patchy exudative ulcers from rectum to cecum on colonoscopy, consistent with pancolitis."", ""Chronic diarrhea and abdominal pain, which are prominent clinical manifestations of paracoccidioidomycosis."", ""The patient's history of recurrent infections and the presence of chronic inflammatory changes in the colon on colonoscopy.""]}"
PMC3201596_03,Echinococcosis,Melioidosis,Paracoccidioidomycosis | Scabies,high,0,0,43,86,0,"{""primary_diagnosis"": ""Melioidosis"", ""confidence"": ""high"", ""differential_diagnoses"": [""Paracoccidioidomycosis"", ""Scabies""], ""key_evidence"": [""The patient presented with an acute abdomen following an abdominal contusion, abdominal pain, and a painful hepatic mass with matity of the sides. The ultrasound and CT-scan revealed two hepatic cysts, including one that had already ruptured. The patient developed a cutaneous rush with hypotension, indicating a possible secondary infection."", ""The patient had a history of hepatic cysts and a history of tuberculosis, which could predispose to melioidosis. The presence of multiple hepatic cysts and the development of a cutaneous rush with hypotension are consistent with melioidosis.""]}"
PMC3201596_04,Echinococcosis,Renal hydatid cyst,Schistosomiasis | Tuberculosis,high,0,0,45,93,0,"{""primary_diagnosis"": ""Renal hydatid cyst"", ""confidence"": ""high"", ""differential_diagnoses"": [""Schistosomiasis"", ""Tuberculosis""], ""key_evidence"": [""The patient presented with left lumbar pain and hematuria, and an ultrasound and CT-scan of the abdomen confirmed a type 3 renal cyst. The examination found a left lumbar mass. The ultrasound and CT-scan also confirmed a left renal cystic lesion with hydronephrosis and parenchymal atrophy."", ""The patient had a history of a congenital incomplete duplex kidney, which is a common anatomical predisposition for echinococcosis, including renal hydatid cyst."", ""The patient's ultrasound and CT-scan findings were consistent with a renal hydatid cyst, including the presence of a cystic lesion in the left kidney with hydronephrosis and parenchymal atrophy.""]}"
PMC3310273_04,Tuberculosis,Tonsillar tuberculosis,Laryngeal tuberculosis | Mucocutaneous leishmaniasis,high,1,1,39,53,0,"{""primary_diagnosis"": ""Tonsillar tuberculosis"", ""confidence"": ""high"", ""differential_diagnoses"": [""Laryngeal tuberculosis"", ""Mucocutaneous leishmaniasis""], ""key_evidence"": [""Histopathological examination demonstrated caseating granulomas, establishing the diagnosis of tonsillar tuberculosis."", ""Tonsillar tuberculosis is an uncommon extrapulmonary form of tuberculosis causing bilateral tonsillar enlargement and pharyngeal inflammation."", ""The patient underwent tonsillectomy for bilateral tonsillar enlargement and pharyngeal inflammation."", ""Tonsillar tuberculosis presented with persistent odynophagia and dysphagia.""]}"
PMC3323263_01,Dengue,Melioidosis,Dengue | Schistosomiasis,high,0,1,46,50,0,"{""primary_diagnosis"": ""Melioidosis"", ""confidence"": ""high"", ""differential_diagnoses"": [""Dengue"", ""Schistosomiasis""], ""key_evidence"": [""The patient resided in Chonburi Province, Thailand, an endemic region for melioidosis."", ""The patient had a history of travel to Thailand prior to the onset of symptoms."", ""The patient developed a maculopapular rash, which is a characteristic cutaneous manifestation of melioidosis.""]}"
PMC3326964_01,Tuberculosis,tuberculous meningitis,neurocysticercosis | melioidosis,high,0,0,45,136,0,"{""primary_diagnosis"": ""tuberculous meningitis"", ""confidence"": ""high"", ""differential_diagnoses"": [""neurocysticercosis"", ""melioidosis""], ""key_evidence"": [""The patient had a history of systemic lupus erythematosus and was on prednisolone, which predisposes to tuberculosis."", ""The presence of a calcified mass in the suprasellar region with perilesional edema and obstructive hydrocephalus is consistent with tuberculous meningitis."", ""The patient's history of contact with a sputum positive case of tuberculosis 3 months prior is a risk factor."", ""The presence of raised intracranial pressure and the calcified mass in the suprasellar region are consistent with tuberculous meningitis."", ""The patient's presentation with severe headache, papilledema, and hydrocephalus is typical of tuberculous meningitis.""]}"
PMC3361784_01,Dengue,Tuberculosis,Leishmaniasis | Scrub Typhus,high,0,0,48,151,0,"{""primary_diagnosis"": ""Tuberculosis"", ""confidence"": ""high"", ""differential_diagnoses"": [""Leishmaniasis"", ""Scrub Typhus""], ""key_evidence"": [""The patient had a history of high-grade fever for 5 days which responded to antipyretic with generalised body ache, suggesting a febrile illness."", ""The patient presented with lower limb weakness, which can be seen in spinal cord tuberculoma, a complication of pulmonary tuberculosis."", ""The patient had thrombocytopenia, which can be seen in disseminated intravascular coagulation (DIC) triggered by severe tuberculosis infection."", ""The patient had a normal creatine kinase value, which is inconsistent with rhabdomyolysis seen in dengue and scrub typhus."", ""The patient had a normal ECG showing prominent U waves, which is consistent with disseminated intravascular coagulation (DIC) seen in severe tuberculosis."", ""The patient had a normal liver function test, which is inconsistent with liver damage seen in visceral leishmaniasis and scrub typhus.""]}"
PMC3593512_01,Soil-Transmitted Helminths,Melioidosis,Amebiasis | Leishmaniasis,high,0,0,41,89,0,"{""primary_diagnosis"": ""Melioidosis"", ""confidence"": ""high"", ""differential_diagnoses"": [""Amebiasis"", ""Leishmaniasis""], ""key_evidence"": [""The patient presented with severe anemia, leucocytosis, and multiple worms in the vomitus, which are consistent with melioidosis."", ""The patient had a history of abdominal distension, bilious vomiting, and worms in the vomitus, which are symptoms commonly associated with melioidosis."", ""The patient had a history of abdominal volvulus and ileal perforation, which can be a complication of melioidosis.""]}"
PMC3937491_01,Leprosy,Paracoccidioidomycosis,Leprosy | Cutaneous tuberculosis,high,0,1,47,73,0,"{""primary_diagnosis"": ""Paracoccidioidomycosis"", ""confidence"": ""high"", ""differential_diagnoses"": [""Leprosy"", ""Cutaneous tuberculosis""], ""key_evidence"": [""Multiple well-defined, irregular erythematous mildly scaly plaques over the forehead, cheeks, ears, V area of neck [Figure 1]."", ""Erythema, warmth, and mild tenderness over the bilateral finger tips [Figure 2]."", ""History of oral ulcers 10 days ago."", ""Slit smear examination for [MASK] and direct immunofluorescence test of skin lesions were negative."", ""Clinical diagnosis of acute cutaneous lupus erythematosus with erythromelalgia was considered and patient investigated."", ""ANA was negative."", ""USG abdomen showed grade 2 fatty infiltration of liver."", ""Treatment was commenced with 32 mg of oral methylprednisolone per day along with subcutaneous insulin.""]}"
PMC4430140_01,Echinococcosis,Echinococcosis,Leishmaniasis | Melioidosis,high,1,1,37,108,0,"{""primary_diagnosis"": ""Echinococcosis"", ""confidence"": ""high"", ""differential_diagnoses"": [""Leishmaniasis"", ""Melioidosis""], ""key_evidence"": [""The patient had a large hypoechoic cystic mass in the left ventricle with liquid content, which is consistent with type I unilocular echinococcosis."", ""The chest X-ray showed cardiomegaly and perihilar opacities indicative of cardiogenic pulmonary edema from heart failure, which is a known complication of echinococcosis."", ""The echinococcosis clinical knowledge triples provided strong evidence for echinococcosis, including the presence of a large intramyocardial hydatid cyst.""]}"
PMC4468588_01,Echinococcosis,Echinococcosis,Leishmaniasis | Melioidosis,high,1,1,40,121,0,"{""primary_diagnosis"": ""Echinococcosis"", ""confidence"": ""high"", ""differential_diagnoses"": [""Leishmaniasis"", ""Melioidosis""], ""key_evidence"": [""Computed tomography of the chest revealed bilateral pulmonary hydatid disease and the cardiac interventricular septal cyst."", ""Multiple hydatid cysts were found in the right lung and left lung lower lobe."", ""A 7 cm x 5 cm calcified parasitic cyst developed entirely submucosally within the gallbladder."", ""Cystic lesion was observed in the lower lobes of both lungs on CT.""]}"
PMC4489418_01,Tuberculosis,Paracoccidioidomycosis,Mycetoma | Talaromycosis,high,0,0,46,107,0,"{""primary_diagnosis"": ""Paracoccidioidomycosis"", ""confidence"": ""high"", ""differential_diagnoses"": [""Mycetoma"", ""Talaromycosis""], ""key_evidence"": [""Multiple draining sinuses and abscesses over both thighs and buttocks associated with stiffness in both hips and knees over the past 10 years."", ""Histopathology suggestive of acellular myofibrosis with necrotizing fasciitis and micro abscesses."", ""Patient history of chronic alcoholism and multiple abscesses over the injection sites, which is consistent with the presentation of paracoccidioidomycosis in immunocompromised hosts."", ""The patient's history of chronic pancreatitis and the development of abscesses over the injection sites, which is a known complication of paracoccidioidomycosis."", ""The presence of severe wasting of the gluteal muscles and quadriceps, which is a characteristic finding in paracoccidioidomycosis."", ""The presence of leathery skin and adherence to underlying tissues, which is consistent with the skin changes seen in paracoccidioidomycosis."", ""The presence of fibrous and necrotic tissue in the wound, which is consistent with the histopathological findings of acellular myofibrosis."", ""The patient's history of chronic pancreatitis and the development of abscesses over the injection sites, which is a known complication of paracoccidioidomycosis.""]}"
PMC4677577_01,Tuberculosis,Tuberculosis,Melioidosis | Scabies,high,1,1,40,130,0,"{""primary_diagnosis"": ""Tuberculosis"", ""confidence"": ""high"", ""differential_diagnoses"": [""Melioidosis"", ""Scabies""], ""key_evidence"": [""The patient had a history of emigration from China, which is an endemic region for tuberculosis."", ""The patient's lesions were described as dusky, reddish, ill-defined, edematous subcutaneous nodules, which are consistent with cutaneous tuberculosis."", ""Histopathological examination of the excisional biopsy revealed granulomas in the subcutaneous fat, surrounded by fibrosis and reactive changes, which is consistent with cutaneous tuberculosis."", ""The patient had a history of pulmonary tuberculosis, which was previously misdiagnosed and treated as tuberculosis."", ""The patient had received a Bacille Calmette-Guerin vaccine during childhood, which is a risk factor for tuberculosis."", ""The patient had a history of emigration from China, which is an endemic region for tuberculosis."", ""The patient had a history of pulmonary tuberculosis, which was previously misdiagnosed and treated as tuberculosis.""]}"
PMC4759996_01,Soil-Transmitted Helminths,,,unknown,1,0,46,64,0,"{""error"": """", ""primary_diagnosis"": """", ""differential_diagnoses"": []}"
PMC4857688_01,Scabies,Scabies,Melioidosis | Tuberculosis,high,1,1,47,156,0,"{""primary_diagnosis"": ""Scabies"", ""confidence"": ""high"", ""differential_diagnoses"": [""Melioidosis"", ""Tuberculosis""], ""key_evidence"": [""The patient had severe generalized pruritus with night aggravation, which is a hallmark symptom of scabies."", ""The patient's history of HIV seropositivity and the presence of lymphadenopathy and skin lesions are consistent with both scabies and tuberculosis, but the severity and progression of symptoms point towards scabies.""]}"
PMC5215530_01,Tuberculosis,Melioidosis,Paracoccidioidomycosis | Talaromycosis,high,0,0,40,62,0,"{""primary_diagnosis"": ""Melioidosis"", ""confidence"": ""high"", ""differential_diagnoses"": [""Paracoccidioidomycosis"", ""Talaromycosis""], ""key_evidence"": [""The patient had a history of night sweats and loss of appetite, which are common symptoms of Melioidosis."", ""The patient's thyroid swelling was associated with a sinus tract, which is a characteristic feature of Melioidosis."", ""The patient's positive HbsAg test and elevated liver enzymes suggest a chronic infection, which is consistent with Melioidosis.""]}"
PMC5574469_01,Scrub Typhus,Typhoid fever,Paracoccidioidomycosis | Melioidosis,high,0,0,46,159,0,"{""primary_diagnosis"": ""Typhoid fever"", ""confidence"": ""high"", ""differential_diagnoses"": [""Paracoccidioidomycosis"", ""Melioidosis""], ""key_evidence"": [""The patient had a prolonged fever of 1 month duration, with maximum temperatures above 40 C, and was diagnosed with typhoid fever by blood culture and Widal test."", ""The patient's symptoms, including fever, abdominal pain, and diarrhea, are consistent with typhoid fever."", ""The patient's travel history to India, where typhoid fever is endemic, supports the diagnosis of typhoid fever.""]}"
PMC5629881_01,Leptospirosis,Scrub Typhus,Melioidosis | Leishmaniasis,high,0,0,54,149,0,"{""primary_diagnosis"": ""Scrub Typhus"", ""confidence"": ""high"", ""differential_diagnoses"": [""Melioidosis"", ""Leishmaniasis""], ""key_evidence"": [""The patient's history of handling soil and living in a rural area with high numbers of rodents, combined with the clinical presentation of fever, fatigue, and abdominal pain, which are consistent with scrub typhus."", ""The patient's laboratory findings, including elevated liver enzymes and bilirubin levels, which are characteristic of Scrub Typhus."", ""The patient's history of a rat bite, which is a known risk factor for Scrub Typhus, and the absence of other known causes for the patient's symptoms.""]}"
PMC5987074_01,Tuberculosis,Malaria,Pulmonary Paragonimiasis | Tuberculosis,high,0,1,47,86,0,"{""primary_diagnosis"": ""Malaria"", ""confidence"": ""high"", ""differential_diagnoses"": [""Pulmonary Paragonimiasis"", ""Tuberculosis""], ""key_evidence"": [""The patient had severe pleuritic chest pain that we thought was due to small distal pulmonary embolism which is a common finding in venous thromboembolism."", ""Laboratory tests showed an elevated ESR (80 mm/h) and CRP (139 mg/l). There was hemoglobin decline (hgb = 10.5 gr/dl). Biochemical findings were within normal limits."", ""Chest multidetector computed tomography demonstrated right lower lobe cavitary consolidation and tree-in-bud opacities."", ""Disseminated intravascular coagulation (DIC) was a complication of severe falciparum malaria, characterized by profound thrombocytopenia and elevated D-dimer.""]}"
PMC6417330_01,Dengue,Melioidosis,Dengue | Leptospirosis,high,0,1,52,96,0,"{""primary_diagnosis"": ""Melioidosis"", ""confidence"": ""high"", ""differential_diagnoses"": [""Dengue"", ""Leptospirosis""], ""key_evidence"": [""The patient had a history of transcranial surgery for pituitary macroadenoma, which is a rare setting for disseminated tuberculosis (CNS tuberculosis). The development of severe thrombocytopenia and multiple petechial hemorrhages, along with the presence of subgaleal and extradural hematoma, are consistent with disseminated tuberculosis (disseminated pulmonary tuberculosis)."", ""The patient's altered mental status and the development of subgaleal and extradural hematoma are also consistent with severe leptospirosis, which can cause disseminated intravascular coagulation (DIC) leading to thrombocytopenia and hemorrhage."", ""The patient's history of severe thrombocytopenia and the need for multiple platelet transfusions is a key finding that supports the differential diagnoses of disseminated tuberculosis and leptospirosis.""]}"
PMC6417330_02,Dengue,Melioidosis,Leptospirosis | Tuberculosis,high,0,0,48,91,0,"{""primary_diagnosis"": ""Melioidosis"", ""confidence"": ""high"", ""differential_diagnoses"": [""Leptospirosis"", ""Tuberculosis""], ""key_evidence"": [""The patient presented with fever, altered sensorium, and cerebellar infarcts, which are common in melioidosis. The presence of hydrocephalus and the development of a large intracerebral hematoma suggest a severe and aggressive form of the disease."", ""The patient's thrombocytopenia (platelet count of 30,000/mm3) and the need for platelet transfusions are consistent with severe thrombocytopenia, which is a known complication of melioidosis."", ""The CT scan findings of cerebellar infarcts and hydrocephalus are consistent with the neurological manifestations of melioidosis, including cerebral abscesses and meningitis."", ""The patient's history and clinical presentation are consistent with a severe form of melioidosis, which can present with a fulminant course, including neurological complications and disseminated disease.""]}"
PMC6417330_04,Dengue,Dengue,Leptospirosis | Melioidosis,high,1,1,40,155,0,"{""primary_diagnosis"": ""Dengue"", ""confidence"": ""high"", ""differential_diagnoses"": [""Leptospirosis"", ""Melioidosis""], ""key_evidence"": [""The patient presented with fever, headache, and vomiting, which are classic symptoms of dengue fever."", ""The patient developed spontaneous subdural hematoma, which is a rare complication of dengue hemorrhagic fever."", ""The patient's thrombocytopenia and need for platelet transfusions are consistent with dengue infection.""]}"
PMC6526580_01,Leprosy,Scrub Typhus,Melioidosis | Dengue,high,0,0,44,117,0,"{""primary_diagnosis"": ""Scrub Typhus"", ""confidence"": ""high"", ""differential_diagnoses"": [""Melioidosis"", ""Dengue""], ""key_evidence"": [""The patient presented with fever, swelling of the face and neck, dysphagia, and difficulty in breathing, which are classic symptoms of scrub typhus."", ""The patient had thrombocytopenia, which is a common systemic hematological feature of scrub typhus infection."", ""The patient's history and clinical presentation, including the presence of a left subangulomandibular mass, hypopigmented skin lesions, and the presence of cellulitis and abscesses, are consistent with scrub typhus.""]}"
PMC6556212_01,Talaromycosis,Talaromycosis,Melioidosis | Paracoccidioidomycosis,high,1,1,49,86,0,"{""primary_diagnosis"": ""Talaromycosis"", ""confidence"": ""high"", ""differential_diagnoses"": [""Melioidosis"", ""Paracoccidioidomycosis""], ""key_evidence"": [""The patient presented with abdominal pain, fever, and a small hypodense lesion with a thin enhancing rim at the spleen on contrast-enhanced computed tomography of the abdomen, which are characteristic findings of talaromycosis."", ""The patient's history of residence in rural areas of Thailand and Pakistan, as well as his travel history to endemic regions, supports the risk of acquiring talaromycosis."", ""The patient's response to empirical and subsequent treatment with liposomal amphotericin B and itraconazole, along with the resolution of the hypodense lesion, supports the diagnosis of talaromycosis.""]}"
PMC6694717_02,Tuberculosis,,,unknown,1,0,52,86,0,"{""error"": """", ""primary_diagnosis"": """", ""differential_diagnoses"": []}"
PMC6754851_04,Tuberculosis,Tuberculosis,Paracoccidioidomycosis | Melioidosis,high,1,1,43,115,0,"{""primary_diagnosis"": ""Tuberculosis"", ""confidence"": ""high"", ""differential_diagnoses"": [""Paracoccidioidomycosis"", ""Melioidosis""], ""key_evidence"": [""Nasopharyngeal tuberculosis is an extrapulmonary manifestation of tuberculosis infection, initially suspected of malignancy."", ""Cervical lymphadenopathy was enlarged and mobile, with the largest measuring 4 cm, and was initially suspected of malignancy."", ""Cervical lymphadenopathy occurred as a recurrent manifestation of mycobacterial disease, suggesting a possible disseminated tuberculosis.""]}"
PMC6837831_01,Amebiasis,Melioidosis,Tuberculosis | Paracoccidioidomycosis,high,0,0,48,150,0,"{""primary_diagnosis"": ""Melioidosis"", ""confidence"": ""high"", ""differential_diagnoses"": [""Tuberculosis"", ""Paracoccidioidomycosis""], ""key_evidence"": [""The patient's condition was previously misdiagnosed and treated as pulmonary tuberculosis."", ""Computed tomography revealed disseminated abscesses in the lungs, spleen, prostate, and shoulder musculature."", ""Melioidosis affected the lungs, causing bilateral upper zone opacities and respiratory symptoms."", ""Melioidosis produced right upper quadrant abdominal pain due to hepatic abscesses."", ""Melioidosis manifested with jaundice, hyperbilirubinemia, and elevated liver enzymes."", ""Melioidosis affected the peritoneum with contrast-enhancing nodules and intraperitoneal soft-tissue masses.""]}"
PMC7687509_01,Tuberculosis,Tuberculosis,Paracoccidioidomycosis | Schistosomiasis,high,1,1,35,104,0,"{""primary_diagnosis"": ""Tuberculosis"", ""confidence"": ""high"", ""differential_diagnoses"": [""Paracoccidioidomycosis"", ""Schistosomiasis""], ""key_evidence"": [""Human immunodeficiency virus infection (HIV) with profound immunosuppression (CD4 count 32 elements/microliter) and anemia, thrombocytopenia, and leucopenia, which are common in HIV-related opportunistic infections."", ""The patient's presentation of multiple micronodules on thoracic computed tomography (CT) that are very likely related to miliary tuberculosis, which is a characteristic finding in miliary tuberculosis."", ""The patient's history of HIV infection and the presence of HIV-related opportunistic infections such as tuberculosis, leishmaniasis, and leprosy, which are common in patients with advanced HIV disease."", ""The patient's history of HIV infection and the presence of HIV-related opportunistic infections such as tuberculosis, leishmaniasis, and leprosy, which are common in patients with advanced HIV disease.""]}"
PMC8202357_01,Neurocysticercosis,Leishmaniasis,Melioidosis | Tuberculosis,high,0,0,48,71,0,"{""primary_diagnosis"": ""Leishmaniasis"", ""confidence"": ""high"", ""differential_diagnoses"": [""Melioidosis"", ""Tuberculosis""], ""key_evidence"": [""The patient presented with acute visual deterioration, including left-eye blindness and right-eye temporal hemianopia, which is consistent with ocular inflammation in disseminated leishmaniasis."", ""The provisional diagnosis of craniopharyngioma was made, but the postoperative findings of multiple cystic structures and calcifications were more consistent with a fungal granuloma, such as craniocerebral eumycetoma, which is not in the provided list of tropical diseases. However, the patient's history and imaging findings are more indicative of leishmaniasis."", ""The patient's immunoglobulin G being negative after surgery and the presence of calcifications in the cystic lesion are consistent with a fungal infection, such as craniocerebral eumycetoma, which is not in the provided list of tropical diseases. However, the patient's history and imaging findings are more indicative of leishmaniasis.""]}"
PMC8683165_01,Tuberculosis,Malaria,Schistosomiasis | Leishmaniasis,high,0,0,47,123,0,"{""primary_diagnosis"": ""Malaria"", ""confidence"": ""high"", ""differential_diagnoses"": [""Schistosomiasis"", ""Leishmaniasis""], ""key_evidence"": [""The patient had a hemoglobin level of 6.1 g/dL after two days of admission, which is indicative of severe anemia, a common hematologic manifestation of malaria."", ""The patient had thrombocytopenia with a platelet count of 291000/mm3, which is consistent with severe thrombocytopenia seen in malaria."", ""The patient had multiple transverse ulcers with overlying exudates in terminal ileum and ascending and transverse colon, which is consistent with gastrointestinal bleeding seen in malaria."", ""The patient had a history of alcohol consumption, which is a risk factor for malaria, especially in endemic areas.""]}"
PMC9198831_01,Tuberculosis,Tuberculosis,Scabies | Leprosy,high,1,1,49,60,0,"{""primary_diagnosis"": ""Tuberculosis"", ""confidence"": ""high"", ""differential_diagnoses"": [""Scabies"", ""Leprosy""], ""key_evidence"": [""The patient presented with low back pain, which is an initial presenting symptom of spinal tuberculosis."", ""The patient had a history of low back pain for the past year, which worsened over the past 2 weeks, and the patient complained of radiating pain in the left lower limb."", ""CT of thoracic and lumbar spine revealed bone destruction of T11-L1, which was obvious in T12, mild reduction in the height of the vertebral body and narrowing of T11-12 intervertebral space, with a cold paravertebral abscess on both sides."", ""The patient underwent ultrasound-guided percutaneous catheter drainage on 15th October 2021 and 600 ml of pus was drained. After 16 days of drainage, the patient complained of severe chest and back pain."", ""Re-examination of the thoracic and lumbar spine using enhanced MRI revealed bone destruction in T11-L1 and a massive mixed density shadow was observed in the front, wherein blood flow showed low signal on T1WI and T2WI, primarily owing to flow void effect."", ""Further, the patient developed pain and numbness in the left thigh after 10 days of the procedure. The laboratory examination revealed WBC 4.80 x 109 /L, ESR 26 mm/h, CRP 14.4 mg/L, IL-6 9.49 pg/ml, and D-dimer 10.42 mg/L FEU."", ""The patient underwent endovascular aneurysm repair. Digital subtraction angiography revealed an approximate 10 mm breach on the lower portion of the descending aorta, and the orifice of the pseudoaneurysm to be 20 mm away from the lower part of the celiac trunk."", ""The stent graft (Medtronic Inc., 25 mm in diameter and 70 mm in length) was positioned well and correctly and repeated angiography confirmed a complete closure of the mass, a smooth blood flow in the aorta, and a firmly fixed stent on the aortic wall without distortion and displacement; no peripheral leakage of the contrast agent was observed.""]}"
PMC9201408_01,Tuberculosis,Tuberculosis,Dengue | Melioidosis,high,1,1,43,92,0,"{""primary_diagnosis"": ""Tuberculosis"", ""confidence"": ""high"", ""differential_diagnoses"": [""Dengue"", ""Melioidosis""], ""key_evidence"": [""The patient had a history of undergoing reflexology massages on between the fingers of his left hand to alleviate his toothache, which is a known risk factor for dengue infection."", ""The patient presented with left elbow swelling, joint effusion, and destruction of the distal cortex, which are consistent with osteoarticular tuberculosis."", ""The patient's laboratory findings showed leukocytosis and eosinophilia, which are commonly seen in tuberculosis."", ""The patient's clinical presentation, including the history of left arm pain and swelling, the presence of skin perforation with yellowish discharge, and the radiological findings of erosion of the distal cortex of the humerus and radial bone, are consistent with osteoarticular tuberculosis."", ""The patient's history of seeking traditional massage therapy, which is known to be uncertified and can lead to worsening of symptoms, is consistent with the progression of a chronic infection such as tuberculosis.""]}"
PMC9447446_01,Tuberculosis,Talaromycosis,Paracoccidioidomycosis | Melioidosis,high,0,0,46,125,0,"{""primary_diagnosis"": ""Talaromycosis"", ""confidence"": ""high"", ""differential_diagnoses"": [""Paracoccidioidomycosis"", ""Melioidosis""], ""key_evidence"": [""The patient's history of kidney transplantation provided immunosuppression that increased vulnerability to invasive fungal infections including talaromycosis."", ""Metagenomic next-generation sequencing confirmed the diagnosis of talaromycosis by detecting Talaromyces marneffei in BALF and blood."", ""Extracapillary IgA nephropathy developed as an immune-mediated complication during pulmonary tuberculosis, which is a known risk factor for talaromycosis.""]}"
PMC9759007_07,Malaria,Melioidosis,Leptospirosis | Tuberculosis,high,0,0,54,68,0,"{""primary_diagnosis"": ""Melioidosis"", ""confidence"": ""high"", ""differential_diagnoses"": [""Leptospirosis"", ""Tuberculosis""], ""key_evidence"": [""The child presented with severe hypoxemia with an oxygen saturation of 86% on room air, which is consistent with severe hypoxemia seen in melioidosis."", ""The child had a 3-day history of weakness and reduced activity, which can be seen in melioidosis, especially in the context of disseminated disease."", ""The child had a low hemoglobin level (HB 2.2 g/dL) and a low white blood cell count (WCC 50.9x109/L), which are consistent with severe iron deficiency anemia, a common complication of melioidosis.""]}"
PMC9922052_01,Leishmaniasis,Amebiasis,Schistosomiasis | Malaria,high,0,0,47,109,0,"{""primary_diagnosis"": ""Amebiasis"", ""confidence"": ""high"", ""differential_diagnoses"": [""Schistosomiasis"", ""Malaria""], ""key_evidence"": [""Multiple hypo and hyperpigmented macular and maculopapular non-scaly skin lesions all over the body, mainly on the back of the chest and abdomen, consistent with amebiasis skin lesions."", ""Left-sided upper abdominal lump, firm, non-tender, and causing a mild dragging sensation, consistent with amebic liver abscess."", ""Known case of chronic hepatitis-B patient on antiviral (Entecavir 1 mg once daily), which is not typical for amebiasis but could be a coexisting condition."", ""The patient's history of [MASK] 15 years back and treatment with injectable medication, which could be related to amebiasis."", ""The patient's skin lesions and spleen size unchanged after [MASK] therapy, which is consistent with amebiasis treatment response."", ""The patient's skin lesions and spleen size decreased after Liposomal Amphotericin-B therapy, which is consistent with amebiasis treatment response.""]}"
PMC10122573_01,Leishmaniasis,Paracoccidioidomycosis,Leprosy | Melioidosis,high,0,0,39,83,0,"{""primary_diagnosis"": ""Paracoccidioidomycosis"", ""confidence"": ""high"", ""differential_diagnoses"": [""Leprosy"", ""Melioidosis""], ""key_evidence"": [""The patient had a perianal 4 cm by 2 cm mass with central ulceration, which had decreased in size but still showed an active ulceration lesion."", ""The patient had HIV infection, which provided the background of severe immunosuppression from which immune reconstitution developed."", ""The patient had a perianal abscess that had recurred, contributing to the chronic perianal ulceration."", ""The patient had HIV infection, which provided the background of severe immunosuppression from which immune reconstitution developed."", ""The patient had HIV infection, which provided the background of severe immunosuppression from which immune reconstitution developed."", ""The patient had HIV infection, which provided the background of severe immunosuppression from which immune reconstitution developed.""]}"
PMC10122573_02,Leishmaniasis,Tuberculosis,Melioidosis | Leprosy,high,0,0,55,82,0,"{""primary_diagnosis"": ""Tuberculosis"", ""confidence"": ""high"", ""differential_diagnoses"": [""Melioidosis"", ""Leprosy""], ""key_evidence"": [""Initial scabietic papules and nodules were distributed over the abdomen."", ""Leprosy manifested as a solitary hypopigmented, anaesthetic plaque on the left thigh."", ""Visceral leishmaniasis was an acute clinical sign present on hospital presentation."", ""Computed tomography suggested peritoneal carcinomatosis which was histologically proven to be peritoneal tuberculosis."", ""Anal tuberculosis and anal mucinous adenocarcinoma occurred synchronously within the identical perianal lesion."", ""Subcutaneous abscess was a disease initially presented with scabies.""]}"
PMC10243522_01,Leishmaniasis,Melioidosis,Tuberculosis | Paracoccidioidomycosis,high,0,0,48,166,0,"{""primary_diagnosis"": ""Melioidosis"", ""confidence"": ""high"", ""differential_diagnoses"": [""Tuberculosis"", ""Paracoccidioidomycosis""], ""key_evidence"": [""The patient lived in the metropolitan area of Sao Paulo, which is considered endemic for Melioidosis in Southeastern Brazil."", ""The patient had a history of touring to many places, including the north and coastal areas of Sao Paulo State and the south region of Minas Gerais State, all considered endemic areas for Melioidosis in Southeastern Brazil."", ""The patient presented with significant worsening of symptoms, cachexia, persistent fever, abdominal distension, and pancytopenia after starting prednisone and methotrexate."", ""The patient's laboratory work-up showed no helminthic diseases in stool samples, and serologies for systemic mycoses were non-reactive."", ""The patient's clinical presentation, including fever, abdominal distension, and pancytopenia, along with the presence of pulmonary edema and foci of suppurative pneumonia, is consistent with Melioidosis."", ""The patient's history of prednisone and methotrexate use, which can lead to immunosuppression, is a risk factor for Melioidosis.""]}"
PMC10367195_01,Tuberculosis,Melioidosis,Leptospirosis | Malaria,high,0,0,40,140,0,"{""primary_diagnosis"": ""Melioidosis"", ""confidence"": ""high"", ""differential_diagnoses"": [""Leptospirosis"", ""Malaria""], ""key_evidence"": [""The patient presented with fever and night sweats for 30 days, which is a common symptom of melioidosis."", ""The patient had a history of recent surgery (videolaparoscopic cholecystectomy) and a subsequent decline in platelet count to 4,000/microL, which is consistent with disseminated intravascular coagulation (DIC) seen in melioidosis."", ""The chest tomography showed mediastinal adenomegaly and lymph nodes, which can be seen in melioidosis, especially in the context of disseminated disease."", ""The presence of caseous necrosis and lymphocytic inflammatory infiltrates in the lymph node biopsy is consistent with granulomatous disease seen in melioidosis.""]}"
PMC10440106_01,Dengue,Dengue,Leptospirosis | Melioidosis,high,1,1,46,164,0,"{""primary_diagnosis"": ""Dengue"", ""confidence"": ""high"", ""differential_diagnoses"": [""Leptospirosis"", ""Melioidosis""], ""key_evidence"": [""The patient had a history of fever, severe body aches, and an episode of epistaxis 6 days prior to presentation, which is consistent with dengue fever."", ""The patient's presentation included thrombocytopenia, elevated transaminases, and myocarditis, which are common complications of dengue fever."", ""The patient's history of concurrent dengue and chikungunya infection, as well as the development of myocarditis, supports the diagnosis of dengue fever."", ""The patient's history of thrombocytopenia and elevated transaminases is consistent with dengue fever."", ""The patient's presentation of dizziness, syncope, weakness, and fatigue, along with a history of fever and epistaxis, is consistent with dengue fever."", ""The patient's history of thrombocytopenia and myocarditis is consistent with dengue fever.""]}"
PMC10753637_01,Tuberculosis,Tuberculosis,Leprosy | Melioidosis,high,1,1,45,76,0,"{""primary_diagnosis"": ""Tuberculosis"", ""confidence"": ""high"", ""differential_diagnoses"": [""Leprosy"", ""Melioidosis""], ""key_evidence"": [""The patient presented with tuberculous spondylodiscitis involving cervical vertebrae C4-C7, T10-T12 and L1 vertebrae, with features of bone destruction, calcified paraspinal mass, and compression."", ""The patient had a history of weight loss (20 kg) in the past 6 months, which is a common symptom of disseminated tuberculosis."", ""The patient's MRI demonstrated bone marrow edema, anterior wedge deformities, and paravertebral phlegmon characteristic of tuberculous spondylitis.""]}"
PMC10768651_01,Tuberculosis,Talaromycosis,Melioidosis | Neurocysticercosis,high,0,0,50,113,0,"{""primary_diagnosis"": ""Talaromycosis"", ""confidence"": ""high"", ""differential_diagnoses"": [""Melioidosis"", ""Neurocysticercosis""], ""key_evidence"": [""The patient developed severe gastrointestinal disorders, hemodynamic decompensation, and signs of pre-shock, requiring hospitalization."", ""The patient had intense nausea, severe epigastric pain, uncontrollable vomiting, hematemesis, disorientation, and progressive worsening of renal function."", ""The patient underwent orotracheal intubation and hemodialysis."", ""The patient developed high fever, severe dyspnea, and neurological disorders, requiring orotracheal intubation."", ""The patient died from septic shock resulting from a bacterial infection (probable vascular catheter focus)."", ""The patient had ulcerated lesions in the oral cavity, as observed on the day of hospitalization."", ""The patient had severe ulcerative esophagitis, which was diagnosed with an upper digestive endoscopy."", ""The patient had whitish plaques in the esophagus that were compatible with esophageal candidiasis, diagnosed with upper digestive endoscopy."", ""The patient had signs of disseminated infection, including disseminated tuberculosis and septic shock."", ""The patient had a history of travel, which is a risk factor for talaromycosis."", ""The patient had a negative culture test for pathogens, but the patient's condition did not improve with standard antituberculous therapy."", ""The patient had a history of diabetes and hypertension, which are risk factors for disseminated tuberculosis and talaromycosis.""]}"
PMC10784276_01,Leptospirosis,Melioidosis,Leptospirosis | Paracoccidioidomycosis,high,0,1,43,127,0,"{""primary_diagnosis"": ""Melioidosis"", ""confidence"": ""high"", ""differential_diagnoses"": [""Leptospirosis"", ""Paracoccidioidomycosis""], ""key_evidence"": [""The patient presented with bicytopenia (anaemia and thrombocytopenia), acute kidney injury, conjugated hyperbilirubinaemia and a mild transaminitis, which are consistent with the findings of severe melioidosis."", ""The patient had lower limb weakness progressing to inability to walk, which can be seen in disseminated melioidosis affecting the peripheral nerves."", ""The patient's presentation of jaundice, bicytopenia, and acute kidney injury is consistent with the clinical picture of severe melioidosis.""]}"
PMC10838024_01,Malaria,Tuberculosis,Leishmaniasis | Melioidosis,high,0,0,46,161,0,"{""primary_diagnosis"": ""Tuberculosis"", ""confidence"": ""high"", ""differential_diagnoses"": [""Leishmaniasis"", ""Melioidosis""], ""key_evidence"": [""The patient had a history of fever, which is a key symptom of tuberculosis."", ""The patient's mother had fever at delivery and on post-operative day one, then defervesced without antibiotics."", ""The infant had a history of lethargy, tachycardia, retractions, and desaturations with feeding, which are signs of sepsis, a common complication of tuberculosis in neonates."", ""The patient's history of travel to Nigeria and the mother's history of fever during pregnancy and postpartum suggest a potential exposure to tuberculosis."", ""The infant's low hemoglobin and hematocrit levels, along with the need for blood transfusion, are consistent with sepsis and could be secondary to disseminated tuberculosis."", ""The patient's history of fever, lethargy, and tachycardia, along with the need for blood transfusion, are consistent with sepsis and could be secondary to disseminated tuberculosis.""]}"
PMC10846756_01,Tuberculosis,Melioidosis,Tuberculosis | Scrub Typhus,high,0,1,43,78,0,"{""primary_diagnosis"": ""Melioidosis"", ""confidence"": ""high"", ""differential_diagnoses"": [""Tuberculosis"", ""Scrub Typhus""], ""key_evidence"": [""A large fixed swelling about 4 cm from the right clavicle in the right hemithorax, with the size of 7x5 cm firm on consistency, irregular with a well-defined border, fluctuant, tender to touch, and without discharging sinus."", ""A high-resolution ultrasonography of the right infraclavicular region was suggestive of an intramuscular heterogeneous collection of size 52x39x16 mm with a volume of approximately 16 cc with thick irregular walls in the right pectoralis muscle."", ""A multidetector computed tomography with the contrast of the chest showed a 45x27 mm well-defined collection with moderately thick enhancing walls in the right pectoralis muscle deep in the right breast."", ""A few other similar morphology soft tissue density nodular lesions were scattered along the right and left, lateral, posterior, and medial chest walls. Some of these lesions showed small pockets of fluid."", ""Atelactatic changes were seen in the underlying lung parenchyma, suggesting an infective etiology likely [MASK] (Figures 4-6)."", ""Laboratory workup was remarkable for a raised erythrocyte sedimentation rate, i.e., 59 mm/hour, with a normal blood count."", ""An extensive laboratory workup, including antinuclear antibodies, antineutrophil cytoplasmic antibodies, C-reactive protein, thyroid function tests, tumor marker levels, and inflammatory markers, returned results within normal limits."", ""The outcomes of several infection tests for syphilis, hepatitis (A, B, and C), and HIV (I and II) were negative."", ""A fine needle aspiration cytology was suggestive of degenerated acute on chronic inflammatory cells in the background of necrosis.""]}"
PMC10854397_01,Echinococcosis,Leishmaniasis,Melioidosis | Tuberculosis,high,0,0,49,68,0,"{""primary_diagnosis"": ""Leishmaniasis"", ""confidence"": ""high"", ""differential_diagnoses"": [""Melioidosis"", ""Tuberculosis""], ""key_evidence"": [""The patient's history of living in Eritrea, a region where Leishmaniasis is endemic, supports the diagnosis."", ""The patient's presentation of proptosis, papilledema, and a cystic mass in the orbit are consistent with Leishmaniasis, particularly when considering the patient's occupation as a sheep herder."", ""The CT scan of the brain and orbit showing a well-defined thin-walled non-enhancing fluid density cystic mass in the left orbital cavity is suggestive of a cystic lesion, which can be seen in Leishmaniasis.""]}"
PMC11021106_01,Echinococcosis,Leishmaniasis,Melioidosis | Tuberculosis,high,0,0,52,133,0,"{""primary_diagnosis"": ""Leishmaniasis"", ""confidence"": ""high"", ""differential_diagnoses"": [""Melioidosis"", ""Tuberculosis""], ""key_evidence"": [""The patient presented with headache, dizziness, and blurred vision, which are common symptoms of leishmaniasis, particularly in the context of cutaneous leishmaniasis."", ""The presence of numerous pulmonary nodules/cysts on CT scan, which can be seen in leishmaniasis, particularly in the case of visceral leishmaniasis."", ""The patient's history of smoking, which is a risk factor for leishmaniasis, particularly in the context of cutaneous leishmaniasis."", ""The presence of a solitary cystic lesion in the right temporal region extending into the temporal horn of the right lateral ventricle, which can be seen in leishmaniasis, particularly in the context of cutaneous leishmaniasis.""]}"
PMC11041532_01,Tuberculosis,Tuberculosis,Paracoccidioidomycosis | Melioidosis,high,1,1,37,164,0,"{""primary_diagnosis"": ""Tuberculosis"", ""confidence"": ""high"", ""differential_diagnoses"": [""Paracoccidioidomycosis"", ""Melioidosis""], ""key_evidence"": [""The patient had multiple lytic lesions of the axial and peripheral skeleton with cortical destruction, which is characteristic of spinal tuberculosis."", ""The patient's weight loss was observed as a constitutional consequence of spinal tuberculosis, which is a known feature."", ""The presence of spinal tuberculosis was confirmed by the combination of clinical presentation, imaging findings, and histopathological examination of the vertebral lesion."", ""The patient's history of BCG vaccination and the presence of tuberculin sensitivity test positivity support the diagnosis of tuberculosis."", ""The patient's symptoms, including back and lumbar pain, fever, night sweats, and weight loss, are consistent with extrapulmonary tuberculosis, such as spinal tuberculosis.""]}"
PMC11290868_01,Paracoccidioidomycosis,Talaromycosis,Paracoccidioidomycosis | Melioidosis,high,0,1,46,69,0,"{""primary_diagnosis"": ""Talaromycosis"", ""confidence"": ""high"", ""differential_diagnoses"": [""Paracoccidioidomycosis"", ""Melioidosis""], ""key_evidence"": [""The patient's thoracic vertebrae were invaded by the multivesicular apical hydatid cyst along with adjacent ribs, which is consistent with talaromycosis."", ""The patient's thoracic vertebrae showed osteolytic destruction and subsequent healing fusion, which is characteristic of talaromycosis."", ""The patient's thoracic vertebrae were invaded by the multivesicular apical hydatid cyst along with adjacent ribs, which is consistent with talaromycosis."", ""The patient's thoracic vertebrae showed osteolytic destruction and subsequent healing fusion, which is characteristic of talaromycosis.""]}"
PMC11334117_01,Tuberculosis,Melioidosis,Tuberculosis | Mycetoma,high,0,1,49,57,0,"{""primary_diagnosis"": ""Melioidosis"", ""confidence"": ""high"", ""differential_diagnoses"": [""Tuberculosis"", ""Mycetoma""], ""key_evidence"": [""Magnetic resonance imaging of the ankle showed narrowing of the tibiotalar joint space, with thin fluid collection and destruction of the cartilage tibial subchondral bone (at the tibial talar dome), talus bone and the fibular lateral malleolus."", ""The patient had a history of working as an electric welder for over thirty years, which is a known risk factor for melioidosis."", ""The patient developed severe headaches, altered mental status, back pain, and mouth deviation, which are consistent with central nervous system involvement in melioidosis.""]}"
PMC11445011_01,Tuberculosis,Melioidosis,Tuberculosis | Leptospirosis,high,0,1,47,83,0,"{""primary_diagnosis"": ""Melioidosis"", ""confidence"": ""high"", ""differential_diagnoses"": [""Tuberculosis"", ""Leptospirosis""], ""key_evidence"": [""The patient presented with fever, headache, neck stiffness, and generalized myalgia, which are common symptoms of melioidosis."", ""The patient's presentation of acute respiratory distress syndrome (ARDS) and hypoxemia, along with the presence of a brain mass, is consistent with disseminated melioidosis."", ""The patient's history of coronary heart disease and the development of acute respiratory failure and hypoxemia are consistent with the progression of melioidosis to disseminated pulmonary involvement."", ""The absence of typical symptoms of other tropical diseases such as dengue, scrub typhus, or leishmaniasis, and the presence of a brain mass, supports melioidosis as the primary diagnosis.""]}"
PMC11743283_01,Talaromycosis,Malignant Malignancy (Non-Hodgkin Lymphoma),Schistosomiasis | Melioidosis,high,0,0,46,165,0,"{""primary_diagnosis"": ""Malignant Malignancy (Non-Hodgkin Lymphoma)"", ""confidence"": ""high"", ""differential_diagnoses"": [""Schistosomiasis"", ""Melioidosis""], ""key_evidence"": [""Multiple enlarged lymph nodes in the mesenteric and retroperitoneal regions, along with masses in the bilateral adrenal glands and kidneys, as illustrated in Figures 2A, B."", ""Histopathology of the excised lymph node confirmed tuberculosis by demonstrating caseous necrosis, epithelioid cells, and acid-fast bacilli."", ""The patient was diagnosed with non-Hodgkin high grade B-cell lymphoma, specifically NMZL (Nodular Marginal Zone Lymphoma), which was found to be co-infected with the disseminated pathogen [MASK].""]}"
PMC11786606_01,Leprosy,Mycetoma,Echinococcosis | Paracoccidioidomycosis,high,0,0,48,105,0,"{""primary_diagnosis"": ""Mycetoma"", ""confidence"": ""high"", ""differential_diagnoses"": [""Echinococcosis"", ""Paracoccidioidomycosis""], ""key_evidence"": [""Histopathological examination of the excised lesion confirmed the unexpected diagnosis of mycetoma."", ""Mycetoma presented as a chronic lesion involving the left foot."", ""Biopsy of the excised lesion confirmed mycetoma with brown-black fungal colonies."", ""Mycetoma lesions extended across the anterior and posterior chest wall."", ""Madurella mycetomatis caused the eumycetoma infection in the patient's foot.""]}"
PMC11821501_01,Tuberculosis,HIV infection,Tuberculosis | Paracoccidioidomycosis,high,0,1,50,136,0,"{""primary_diagnosis"": ""HIV infection"", ""confidence"": ""high"", ""differential_diagnoses"": [""Tuberculosis"", ""Paracoccidioidomycosis""], ""key_evidence"": [""Human immunodeficiency virus (HIV) seronegative, profound immunosuppression, and advanced HIV-related opportunistic infections such as disseminated tuberculosis and paracoccidioidomycosis."", ""The patient's history of HIV seronegativity and the presence of HIV-related opportunistic infections like disseminated tuberculosis and paracoccidioidomycosis.""]}"
PMC12224322_01,Tuberculosis,Tuberculosis,Melioidosis | Amebiasis,high,1,1,46,97,0,"{""primary_diagnosis"": ""Tuberculosis"", ""confidence"": ""high"", ""differential_diagnoses"": [""Melioidosis"", ""Amebiasis""], ""key_evidence"": [""Axillary lymphadenopathy, peritoneal nodularity, and pleural effusions are consistent with disseminated tuberculosis."", ""Histopathological examination of omentum biopsy showed non-necrotizing granulomatous inflammation without malignancy or AFB positivity, supporting tuberculosis."", ""The patient's immunosuppressive therapy and history of tuberculosis in the Philippines increase the risk of developing disseminated tuberculosis."", ""The presence of necrotic granulomas and caseous necrosis on biopsy and histopathology are characteristic of tuberculosis."", ""The patient's history of immunosuppression and the presence of multiple organ involvement (pleural effusions, lymphadenopathy, and nodular lesions) are consistent with disseminated tuberculosis.""]}"
PMC13006511_01,Neurocysticercosis,Tuberculosis,Leishmaniasis | Melioidosis,high,0,0,45,65,0,"{""primary_diagnosis"": ""Tuberculosis"", ""confidence"": ""high"", ""differential_diagnoses"": [""Leishmaniasis"", ""Melioidosis""], ""key_evidence"": [""The patient's history of febrile illness followed by a seizure and subsequent psychiatric symptoms, which are consistent with the prodromal phase of tuberculosis meningitis."", ""The patient's recent travel to a labor camp with poor living conditions, which is a risk factor for tuberculosis, especially in the context of his recent seizure and psychiatric symptoms."", ""The patient's presentation of acute mental confusion, agitation, and psychiatric symptoms, which are hallmark features of tuberculosis meningitis."", ""The patient's history of seizures, which can be a manifestation of tuberculous meningitis."", ""The patient's recent travel to a labor camp, which is a risk factor for tuberculosis, especially in the context of his recent seizure and psychiatric symptoms.""]}"
PMC2816346_01,Foodborne Trematodes,Amebiasis,Schistosomiasis | Malaria,high,0,0,48,112,0,"{""primary_diagnosis"": ""Amebiasis"", ""confidence"": ""high"", ""differential_diagnoses"": [""Schistosomiasis"", ""Malaria""], ""key_evidence"": [""The patient's history of ingesting undercooked freshwater crabs, which is a known risk factor for Paragonimus westermani infection, which can cause alveolar echinococcosis."", ""The presence of pulmonary nodules and hepatic lesions, which are consistent with alveolar echinococcosis, but the patient's history of undercooked freshwater crabs suggests a parasitic infection."", ""The patient's history of ingesting undercooked freshwater crabs, which is a known risk factor for Paragonimus westermani infection, which can cause alveolar echinococcosis, but the clinical presentation is more consistent with amebiasis.""]}"
PMC3206365_01,Neurocysticercosis,Melioidosis,Paracoccidioidomycosis | Tuberculosis,high,0,0,45,57,0,"{""primary_diagnosis"": ""Melioidosis"", ""confidence"": ""high"", ""differential_diagnoses"": [""Paracoccidioidomycosis"", ""Tuberculosis""], ""key_evidence"": [""The patient presented with an abrupt onset of bilateral frontotemporal headache with vomiting, followed by generalized crisis. The subarachnoid haemorrhage and the aneurysm found in the right middle cerebral artery bifurcation are consistent with a vascular complication of a systemic infection, such as melioidosis."", ""The patient had a history of a cerebrovascular accident, which could be a rare severe vascular complication in the setting of melioidosis."", ""The patient's presentation of subarachnoid haemorrhage and aneurysm formation could be secondary to a systemic infection, such as melioidosis, which is known to cause vasculitis and aneurysm formation.""]}"
PMC3227237_01,Leishmaniasis,Paracoccidioidomycosis,Talaromycosis | Scabies,high,0,0,45,91,0,"{""primary_diagnosis"": ""Paracoccidioidomycosis"", ""confidence"": ""high"", ""differential_diagnoses"": [""Talaromycosis"", ""Scabies""], ""key_evidence"": [""The patient had a history of an ulcer at the age of 10, which was suspicious of [MASK]."", ""The patient presented with a depressed papular lesion in her right leg and a well-defined atrophic scar in her left thigh."", ""The patient's skin biopsy showed chronic perivascular inflammation with granuloma formation and the presence of neutrophils, lymphocyte, monocyte, and plasma cells."", ""The patient's skin ulcer was histopathologically characterized by epithelioid cell granulomas with peripheral lymphocytes and perineural infiltration."", ""The patient's skin lesions were consistent with Paracoccidioidomycosis, as it is known to cause cutaneous lesions including plaques and pustules."", ""The patient's skin biopsy and histopathological examination provided evidence of granulomatous inflammation and fibrosis characteristic of Paracoccidioidomycosis.""]}"
PMC3253394_02,Tuberculosis,Melioidosis,Paracoccidioidomycosis | Talaromycosis,high,0,0,50,113,0,"{""primary_diagnosis"": ""Melioidosis"", ""confidence"": ""high"", ""differential_diagnoses"": [""Paracoccidioidomycosis"", ""Talaromycosis""], ""key_evidence"": [""The patient had a history of pneumonia six and two years prior, and underwent embolization treatment for hemoptysis five days prior."", ""Computed tomography (CT) showed no enlarged bronchial arteries, and angiography of the descending thoracic aorta and left subclavian artery showed no systemic hypervascularization in either lung."", ""The patient had a history of diabetes and pneumonia six and two years prior, and underwent embolization treatment for hemoptysis five days prior."", ""The patient had a history of diabetes and pneumonia six and two years prior, and underwent embolization treatment for hemoptysis five days prior."", ""The patient had a history of diabetes and pneumonia six and two years prior, and underwent embolization treatment for hemoptysis five days prior.""]}"
PMC3284420_01,Dengue,Melioidosis,Dengue | Leptospirosis,high,0,1,41,133,0,"{""primary_diagnosis"": ""Melioidosis"", ""confidence"": ""high"", ""differential_diagnoses"": [""Dengue"", ""Leptospirosis""], ""key_evidence"": [""The patient presented with high fever, severe myalgia, arthralgia, and headache, which are common symptoms of melioidosis."", ""The patient's history of travel to Sri Lanka, an endemic region for melioidosis, supports the diagnosis."", ""The patient's presentation of diffuse body aches and myalgia is consistent with melioidosis, which can present with generalized musculoskeletal pain.""]}"
PMC3323271_01,Viral Hemorrhagic Fevers,Melioidosis,Malaria | Dengue,high,0,0,52,55,0,"{""primary_diagnosis"": ""Melioidosis"", ""confidence"": ""high"", ""differential_diagnoses"": [""Malaria"", ""Dengue""], ""key_evidence"": [""The patient lived in close proximity to goats and cattle, which is a known risk factor for melioidosis."", ""The patient had fever, arthralgia, myalgia, and dark urine, symptoms that can be associated with both melioidosis and dengue."", ""The patient's history of close contact with animals and the presence of ticks in the area, though negative for melioidosis, supports the possibility of melioidosis.""]}"
PMC3336218_01,Soil-Transmitted Helminths,Gastric perforation,Echinococcosis | Leishmaniasis,high,0,0,41,60,0,"{""primary_diagnosis"": ""Gastric perforation"", ""confidence"": ""high"", ""differential_diagnoses"": [""Echinococcosis"", ""Leishmaniasis""], ""key_evidence"": [""The patient presented with epigastric pain and nausea, which is a classic presentation of gastric perforation."", ""The patient's history of peptic ulcer disease and the presence of epigastric pain are consistent with gastric perforation."", ""The ultrasonography revealed free fluid in the abdomen, which is a common finding in gastric perforation."", ""The patient's deteriorating condition with elevated white blood cell count and creatinine levels, along with the presence of free fluid on USG, supports the diagnosis of gastric perforation.""]}"
PMC3343675_01,Tuberculosis,Tuberculosis,Melioidosis | Schistosomiasis,high,1,1,37,50,0,"{""primary_diagnosis"": ""Tuberculosis"", ""confidence"": ""high"", ""differential_diagnoses"": [""Melioidosis"", ""Schistosomiasis""], ""key_evidence"": [""The patient presented with secondary amenorrhea, which is a known complication of tuberculous endometritis."", ""The patient's history of travel to Nigeria and exposure to endemic schistosomiasis in Khuzestan province and Hail, Saudi Arabia, supports the possibility of schistosomiasis."", ""The patient's history of genital tuberculosis, which can lead to granulomatous endometritis and secondary amenorrhea, is consistent with the presentation.""]}"
PMC3375743_01,Foodborne Trematodes,Schistosomiasis,Paracoccidioidomycosis | Talaromycosis,high,0,0,52,136,0,"{""primary_diagnosis"": ""Schistosomiasis"", ""confidence"": ""high"", ""differential_diagnoses"": [""Paracoccidioidomycosis"", ""Talaromycosis""], ""key_evidence"": [""The patient had eaten raw watercress on riverside 3 months before his hospital admission."", ""The patient's history of eating raw watercress on riverside is consistent with a soil-transmitted helminthic infection, such as schistosomiasis."", ""The patient's presentation of abdominal pain, diarrhea, fatigue, and weight loss, along with the presence of hypereosinophilia, is consistent with schistosomiasis."", ""The presence of hypodense hepatic nodules in the periportal areas of the liver on the abdominal CT scan is a characteristic finding in schistosomiasis."", ""The patient's history of occupational exposure to raw watercress, which is a common source of schistosomiasis, is consistent with the diagnosis.""]}"
PMC3415050_01,Tuberculosis,,,unknown,1,0,49,58,0,"{""error"": """", ""primary_diagnosis"": """", ""differential_diagnoses"": []}"
PMC3716239_01,Tuberculosis,Echinococcosis,Melioidosis | Scabies,high,0,0,49,81,0,"{""primary_diagnosis"": ""Echinococcosis"", ""confidence"": ""high"", ""differential_diagnoses"": [""Melioidosis"", ""Scabies""], ""key_evidence"": [""The patient presented with a painless, gradually increasing swelling over the anterior abdominal wall for the last three years, which was described as a cystic, soft, and mobile lump in the right periumbilical area."", ""The ultrasonography and CT scan revealed two cystic masses, one in the right hypochondrium and another in the left hypochondrium, extending to the umbilical region with peripheral enhancement."", ""The differential diagnosis of multiple cysts of the anterior abdominal wall was excluded once the indirect hemagglutination test was reported to be negative."", ""The patient had a history of chronic, worsening abdominal pain localized to the right upper quadrant over several years, which is consistent with the presentation of echinococcosis.""]}"
PMC3730476_01,Tuberculosis,Tuberculosis,Leishmaniasis | Melioidosis,high,1,1,47,159,0,"{""primary_diagnosis"": ""Tuberculosis"", ""confidence"": ""high"", ""differential_diagnoses"": [""Leishmaniasis"", ""Melioidosis""], ""key_evidence"": [""Pulmonary tuberculosis manifested as bilateral granulomatous lesions in the lungs, and the patient had a history of pulmonary [MASK] which was treated 2 years ago."", ""The patient had multiple purplish and black colored skin lesions, which can be seen in leprosy, but the history of pulmonary [MASK] and the treatment history suggest tuberculosis."", ""The patient had thrombotic thrombocytopenic purpura, which can be seen in disseminated paracoccidioidomycosis, but the history of pulmonary tuberculosis and the skin lesions suggest tuberculosis.""]}"
PMC3738493_02,Dengue,Leptospirosis,Dengue | Malaria,high,0,1,43,88,0,"{""primary_diagnosis"": ""Leptospirosis"", ""confidence"": ""high"", ""differential_diagnoses"": [""Dengue"", ""Malaria""], ""key_evidence"": [""The patient presented with fever, headache, retro-orbital pain, and muscle ache for two days, followed by hematemesis and epistaxis. The medical history revealed sickle cell anemia (SCA)."", ""The patient had severe abdominal pain, right upper quadrant abdominal tenderness, and hematemesis and epistaxis. The initial lab results showed moderate increase of CRP, anemia, thrombocytopenia, and increased liver enzymes."", ""The patient developed severe thrombocytopenia, extensive capillary leakage, anuria, and MODS. The clinical findings of the two cases are difficult to interpret because of the apparent complementary vascular endothelial damage in SCD, SCA, and severe leptospirosis."", ""The patient had a history of sickle cell anemia (SCA) and was homozygous for abnormal HbS (HbSS). SCD is considered a risk factor for development of severe leptospirosis."", ""The clinical findings of the two cases are striking: shock, plasma leakage, hemorrhage, and MODS. The onset of vaso-occlusion with SCD and SCA is often triggered by inflammation, as is the case in a leptospirosis infection.""]}"
PMC4759997_01,Dengue,Melioidosis,Tuberculosis | Dengue,high,0,1,43,120,0,"{""primary_diagnosis"": ""Melioidosis"", ""confidence"": ""high"", ""differential_diagnoses"": [""Tuberculosis"", ""Dengue""], ""key_evidence"": [""The patient had a history of high-grade fever, arthralgia, back pain, and myalgia, which are common symptoms of melioidosis."", ""The patient's hematological findings, including pancytopenia, neutrophilia, and eosinophilia, are consistent with melioidosis."", ""The patient's laboratory findings, such as elevated serum ferritin (>2000 ng/ml) and high plasma D-dimer, are indicative of disseminated melioidosis."", ""The patient's bone marrow aspiration showed mild hypocellular marrow with increase in macrophages and monocytes activity, which is consistent with the bone marrow involvement seen in melioidosis.""]}"
PMC4761126_01,Tuberculosis,Tuberculosis,Schistosomiasis | Melioidosis,high,1,1,50,104,0,"{""primary_diagnosis"": ""Tuberculosis"", ""confidence"": ""high"", ""differential_diagnoses"": [""Schistosomiasis"", ""Melioidosis""], ""key_evidence"": [""Multiple small nodules scattered across the peritoneum, omentum, bowel loops, and fallopian tubes (peritoneal nodules)."", ""Peritoneal carcinomatosis (peritoneal tuberculosis)."", ""Culture of the peritoneal biopsy specimen grew Mycobacterium tuberculosis complex (peritoneal tuberculosis)."", ""Diffuse nodularity and caking of the omentum (peritoneal tuberculosis)."", ""Peritoneal biopsy confirmed peritoneal tuberculosis by showing caseating granulomas and positive AFB staining (peritoneal tuberculosis).""]}"
PMC5012831_01,Tuberculosis,Spinal tuberculosis,Melioidosis | Echinococcosis,high,1,1,51,90,0,"{""primary_diagnosis"": ""Spinal tuberculosis"", ""confidence"": ""high"", ""differential_diagnoses"": [""Melioidosis"", ""Echinococcosis""], ""key_evidence"": [""CT scan of chest shows the right chest wall mass with abscess formation and calcified shadow (Figure 1). CT scan of rib, not done to rule out bone destruction, was maybe abnormal and CT scan of sacroiliac joint shows obvious bone destruction and the huge abscess (Figure 2)."", ""MRI of spine shows areas of bone destruction in T1, T4, T5, T10 and T12 vertebral bodies and it looks like a round of bone destruction (Figure 5)."", ""CT features of spinal tuberculosis is changing after [MASK] treatment for more than 1 years later."", ""CT features of spinal tuberculosis is changing after [MASK] treatment for more than 1 years later."", ""CT features of spinal tuberculosis is changing after [MASK] treatment for more than 1 years later.""]}"
PMC5288886_01,Mycetoma,Melioidosis,Amebiasis | Leishmaniasis,high,0,0,43,81,0,"{""primary_diagnosis"": ""Melioidosis"", ""confidence"": ""high"", ""differential_diagnoses"": [""Amebiasis"", ""Leishmaniasis""], ""key_evidence"": [""The patient had a right foot chronic lesion for 25 years, with several repeated histological biopsies revealing keloid scar, non-specific inflammation, or Kaposi's Sarcoma. The culture of the abscess showed Staphylococcus aureus species."", ""The patient had extensive destruction of the tarse, metatarse and phalanges on the right foot, and the X-ray showed extensive destruction of the tarse, metatarse and phalanges (Fig. 1)."", ""The patient had a right trans-tibial amputation performed due to severe fungal osteomyelitis, indicated by the presence of fungal bone damage."", ""The patient had a history of barefoot contact with soil, which is a risk factor for melioidosis."", ""The patient had a history of HIV infection, which is a risk factor for Kaposi's Sarcoma, but the presence of melioidosis suggests a different primary diagnosis.""]}"
PMC5340087_01,Tuberculosis,Tuberculosis,Paracoccidioidomycosis | Leishmaniasis,high,1,1,48,75,0,"{""primary_diagnosis"": ""Tuberculosis"", ""confidence"": ""high"", ""differential_diagnoses"": [""Paracoccidioidomycosis"", ""Leishmaniasis""], ""key_evidence"": [""The patient had a history of hysterectomy a year and a half ago, which strongly considered choroidal metastases but was ruled out."", ""The patient had proptosis in the left eye, which is a clinical manifestation of orbital tuberculosis."", ""The patient had generalized lymphadenopathy, which is a characteristic symptom of disseminated leishmaniasis."", ""The patient had a history of pelvic tuberculosis, which can lead to visceral leishmaniasis."", ""The patient had a history of dengue fever, which can cause dengue retinopathy and dengue maculopathy."", ""The patient had a history of [MASK] test positivity, which is suggestive of tuberculosis."", ""The patient had a history of [MASK] test positivity, which is suggestive of tuberculosis."", ""The patient had a history of [MASK] test positivity, which is suggestive of tuberculosis."", ""The patient had a history of [MASK] test positivity, which is suggestive of tuberculosis.""]}"
PMC5445650_01,Paracoccidioidomycosis,Tuberculosis,Paracoccidioidomycosis | Mycetoma,high,0,1,41,159,0,"{""primary_diagnosis"": ""Tuberculosis"", ""confidence"": ""high"", ""differential_diagnoses"": [""Paracoccidioidomycosis"", ""Mycetoma""], ""key_evidence"": [""The patient had bilateral cervical lymphadenopathy with increased dimensions, which is a common presentation of tuberculosis."", ""The patient's history of mild occipitotemporal injury 3 months ago could be a risk factor for tuberculosis, especially in a rural worker."", ""The MRI and CT scans showed nodular hypodense lesions with ring enhancement and associated perilesional edema in the left cerebellar hemisphere, which is consistent with a cerebellar tuberculoma."", ""The patient's history of active smoking and alcohol use, along with the presence of pulmonary nodules, could suggest a systemic infection, such as tuberculosis.""]}"
PMC5820895_01,Dengue,Malaria,Leishmaniasis | Tuberculosis,high,0,0,36,107,0,"{""primary_diagnosis"": ""Malaria"", ""confidence"": ""high"", ""differential_diagnoses"": [""Leishmaniasis"", ""Tuberculosis""], ""key_evidence"": [""The patient had severe thrombocytopenia with a platelet count of 31 x 10^9/L, which is a common hematologic manifestation of malaria."", ""The patient presented with fever, headache, myalgia, vomiting, and hematemesis, which are classic symptoms of malaria, especially severe falciparum malaria."", ""The patient's Glasgow Coma Scale (GCS) was E1V1M3, indicating severe neurological compromise, which is consistent with the severe intracranial hemorrhage seen in severe malaria cases.""]}"
PMC6016156_01,Tuberculosis,Tuberculosis,Schistosomiasis | Strongyloidiasis,high,1,1,52,74,0,"{""primary_diagnosis"": ""Tuberculosis"", ""confidence"": ""high"", ""differential_diagnoses"": [""Schistosomiasis"", ""Strongyloidiasis""], ""key_evidence"": [""Colonoscopy identified ulcerated mucosal lesions and obtained biopsies that enabled the microbiological confirmation of tuberculosis."", ""Multiple mucosal ulcers in the terminal ileum, ileocecal valve, and colon were observed during colonoscopy."", ""Intestinal tuberculosis produced extensive ulceronodular lesions in the transverse colon."", ""The patient had a history of travel to Nigeria, which is an epidemiological risk factor for tuberculosis."", ""The patient had a history of HIV infection, which can predispose to tuberculosis development.""]}"
PMC6263537_01,Schistosomiasis,Tuberculosis,Echinococcosis | Schistosomiasis,high,0,1,51,124,0,"{""primary_diagnosis"": ""Tuberculosis"", ""confidence"": ""high"", ""differential_diagnoses"": [""Echinococcosis"", ""Schistosomiasis""], ""key_evidence"": [""Histological examination of the biopsies revealed a granulomatous inflammatory reaction made of epithelioid and gigantocellular granulomas punctuated by eosinophilic polynuclear cells."", ""The patient resided in Mauritania, an endemic zone for tuberculosis."", ""The patient's history of prolonged employment and residence in Mauritania, combined with the presence of granulomatous inflammation, supports the diagnosis of tuberculosis.""]}"
PMC6304869_01,Tuberculosis,Tuberculosis,Leishmaniasis | Melioidosis,high,1,1,51,117,0,"{""primary_diagnosis"": ""Tuberculosis"", ""confidence"": ""high"", ""differential_diagnoses"": [""Leishmaniasis"", ""Melioidosis""], ""key_evidence"": [""Adalimumab therapy for plaque psoriasis predisposed the patient to tuberculosis reactivation."", ""Ceftriaxone was administered intravenously as empirical antibiotic therapy during acute hospitalization."", ""The levels of neutrophil CD64 continued to increase reaching >10,000 molecules/cell/cell in June 2010, and whole-body computed tomography (CT) revealed diffuse small granular shadows on both lungs and fluid accumulations (abscess) around the lumbar vertebrae.""]}"
PMC6304869_02,Tuberculosis,Tuberculosis,Leprosy | Melioidosis,high,1,1,27,20,0,"{""primary_diagnosis"": ""Tuberculosis"", ""confidence"": ""high"", ""differential_diagnoses"": [""Leprosy"", ""Melioidosis""], ""key_evidence"": [""Histopathological examination of bronchial and alveolar specimens obtained through bronchoscopy demonstrated epithelioid cell granulomas, lymphocytes, plasma cells, and necrosis, which is consistent with granulomatous inflammation and can be seen in tuberculosis."", ""The patient's history of RA and the development of lung shadows and noncaseating granulomas suggest a chronic inflammatory process, which is characteristic of tuberculosis.""]}"
PMC6304869_03,Tuberculosis,Tuberculosis,Neurocysticercosis | Meningitis,high,1,1,49,50,0,"{""primary_diagnosis"": ""Tuberculosis"", ""confidence"": ""high"", ""differential_diagnoses"": [""Neurocysticercosis"", ""Meningitis""], ""key_evidence"": [""The patient had fever, headache, and general malaise, which are common symptoms of tuberculosis. The lumbar puncture revealed pleocytosis (344 white blood cells/mul) and low glucose levels, which are indicative of meningitis. The MRI showed hyperintense demyelinating lesions in the periventricular white matter, which is consistent with periventricular white matter involvement in tuberculous meningitis."", ""The patient had a positive meningeal sign on neurological assessment, which is a hallmark of tuberculous meningitis. The MRI also showed hyperintense demyelinating lesions in the periventricular white matter."", ""The patient had a positive meningeal enhancement on cranial MRI, which is consistent with tuberculous meningitis. The MRI also showed pachymeningeal enhancement and tracked lesion regression in response to therapy, which is characteristic of tuberculous meningitis.""]}"
PMC6452622_01,Echinococcosis,Echinococcosis,Leishmaniasis | Melioidosis,high,1,1,58,50,0,"{""primary_diagnosis"": ""Echinococcosis"", ""confidence"": ""high"", ""differential_diagnoses"": [""Leishmaniasis"", ""Melioidosis""], ""key_evidence"": [""The patient presented with a painful, hard, and fluctuant mass in the right forearm, which is characteristic of echinococcosis."", ""The patient's history of exposure to sheep and dogs, as well as his former job as a butcher, is consistent with the epidemiology of echinococcosis."", ""The MRI scan of the right arm showed a cyst without any invasion, which is suggestive of echinococcosis."", ""The patient's history of exposure to endemic areas (western Iran, Hamadan, and southern region of Saudi Arabia) is consistent with the epidemiology of echinococcosis.""]}"
PMC6589246_01,Tuberculosis,Leptospirosis,Paracoccidioidomycosis | Melioidosis,high,0,0,41,140,0,"{""primary_diagnosis"": ""Leptospirosis"", ""confidence"": ""high"", ""differential_diagnoses"": [""Paracoccidioidomycosis"", ""Melioidosis""], ""key_evidence"": [""Multiple tiny nodules over bilateral lung fields, hepatosplenomegaly, and lymphadenopathy over omentum plus mediastinum, which indicated disseminated [MASK] (Figures 2(a) and 2(b))."", ""Severe septic shock with acute respiratory distress syndrome was diagnosed. HLH was suspected due to splenomegaly, decreased fibrinogen, elevated ferritin, and sIL-2 receptor."", ""The patient presented with intermittent fever for more than one month, weight loss, and dry cough in recent half year. She was admitted to local hospital and was transferred to our hospital for survey."", ""Initial acid-fast stain of sputum, stool, and urine was negative."", ""Chest X-ray showed multiple tiny nodules over bilateral lung field with alveolar infiltration over bilateral upper lobes, suspected as pulmonary [MASK] with miliary [MASK]."", ""Initial laboratory examination revealed leukocytosis with left shifting, INR > 10 ratio, aPTT > 100 seconds, fibrinogen 137.2 mg/dL, ferritin 980 ng/mL, triglyceride 110 mg/dL, sIL-2 receptor > 5000 pg/mL, and PaO2/FiO2 of arterial blood gas 55.1.""]}"
PMC6679641_01,Tuberculosis,Silicotuberculosis,Talaromycosis | Schistosomiasis,high,1,1,43,86,0,"{""primary_diagnosis"": ""Silicotuberculosis"", ""confidence"": ""high"", ""differential_diagnoses"": [""Talaromycosis"", ""Schistosomiasis""], ""key_evidence"": [""The patient had a history of silicosis and developed symptoms consistent with pulmonary tuberculosis, including cough, sputum, and fever."", ""The patient had a history of silicosis and developed symptoms consistent with silicotuberculosis, including cough, sputum, and fever."", ""Computed tomography of the chest and abdomen demonstrated pulmonary nodules, pleural effusion, bowel thickening, and mesenteric lymphadenopathy, which are consistent with disseminated tuberculosis."", ""The patient had a history of silicosis and developed symptoms consistent with silicotuberculosis, including cough, sputum, and fever."", ""The patient had a history of silicosis and developed symptoms consistent with silicotuberculosis, including cough, sputum, and fever.""]}"
PMC7370326_01,Talaromycosis,Melioidosis,Paracoccidioidomycosis | Histoplasmosis,high,0,0,54,167,0,"{""primary_diagnosis"": ""Melioidosis"", ""confidence"": ""high"", ""differential_diagnoses"": [""Paracoccidioidomycosis"", ""Histoplasmosis""], ""key_evidence"": [""Multiple segmental colon ulcers with chronic inflammatory cells infiltration in lamina propria, submucosa, and muscle layer, and multiple granulomatous lesions without obvious caseous necrosis."", ""Histopathological Examination confirmed Echinococcosis by revealing the cyst cuticula and germinative membrane."", ""High fever with chills and rigor was the primary presenting symptom of severe falciparum malaria."", ""The patient had a history of taking methamphetamine, which is a risk factor for melioidosis.""]}"
PMC7553599_01,Tuberculosis,Tuberculosis,Melioidosis | Scrub Typhus,high,1,1,44,91,0,"{""primary_diagnosis"": ""Tuberculosis"", ""confidence"": ""high"", ""differential_diagnoses"": [""Melioidosis"", ""Scrub Typhus""], ""key_evidence"": [""The patient had a 5-year history of hypertension and a 5-year history of cerebral infarction, which are risk factors for tuberculosis."", ""The patient presented with bilateral pleural effusions, right middle lobe consolidation with massive cavitation and micronodules, and right lung collapse, which are characteristic findings of pulmonary tuberculosis."", ""The patient's pleural effusion was initially diagnosed as pyothorax secondary to extrapulmonary tuberculosis, and further investigations confirmed the presence of tuberculosis in the pleural cavity."", ""The patient's chest CT scan showed bilateral pleural effusions, pulmonary nodules, and hilar and mediastinal lymphadenopathy, which are common findings in disseminated tuberculosis."", ""The patient's clinical presentation of progressive dyspnea, chest pain, and fever, along with the presence of right middle lobe consolidation and cavitation, is consistent with disseminated tuberculosis.""]}"
PMC7670735_01,Leprosy|Trypanosomiasis,Tuberculosis,Malaria | Schistosomiasis,high,0,0,43,108,0,"{""primary_diagnosis"": ""Tuberculosis"", ""confidence"": ""high"", ""differential_diagnoses"": [""Malaria"", ""Schistosomiasis""], ""key_evidence"": [""The patient presented with fatigue, odynophagia, anosmia, ageusia, and headache, which are common symptoms of tuberculosis."", ""The patient had a history of cardiac involvement and arrhythmia, which is a known complication of tuberculosis."", ""The patient's condition progressed to include diarrhea, rectal bleeding, cheilitis, and painful, ulcerated lesions, which are consistent with tuberculosis."", ""The patient's underlying autoimmune haemolytic anaemia and its treatment likely predisposed to severe tuberculosis."", ""The patient's immunoprecipitation test for C-CHFV antigen was positive, which is consistent with Crimean-Congo Hemorrhagic Fever, but the patient did not develop the typical symptoms of this disease."", ""The patient's anemia, which developed as a hematologic complication of visceral leishmaniasis, is a known complication of tuberculosis."", ""The patient's recent COVID-19 infection preceded the clinical emergence and migration of pulmonary schistosomiasis, suggesting a co-infection scenario."", ""The patient's husband and daughter were classified as close household contacts but did not present with symptoms or test positive for SARS-CoV-2, suggesting a possible co-infection scenario.""]}"
PMC7906555_01,Scabies,Scabies,Leprosy | Neurocysticercosis,high,1,1,52,75,0,"{""primary_diagnosis"": ""Scabies"", ""confidence"": ""high"", ""differential_diagnoses"": [""Leprosy"", ""Neurocysticercosis""], ""key_evidence"": [""The patient developed the scabies rash within one week of transfer to a skilled nursing facility."", ""The patient had a history of sharing her bed with her grandchildren who had similar rashes for which they had never received treatment."", ""The patient had generalized pruritic vesiculopapular rashes that spread to the arms, trunk, groins and lower extremities."", ""The patient had obvious generalized vesicular rashes interspersed with crusted papular rashes and excoriations."", ""The patient had a history of sharing her bed with her grandchildren who had similar rashes for which they had never received treatment.""]}"
PMC8022158_01,Foodborne Trematodes,Paracoccidioidomycosis,Melioidosis | Tuberculosis,high,0,0,41,102,0,"{""primary_diagnosis"": ""Paracoccidioidomycosis"", ""confidence"": ""high"", ""differential_diagnoses"": [""Melioidosis"", ""Tuberculosis""], ""key_evidence"": [""The patient's history of eating freshwater crabs in his home country, which is an epidemiological risk for Paracoccidioidomycosis."", ""The presence of bilateral lower limb swelling and pericardial effusion, which are consistent with Paracoccidioidomycosis."", ""The presence of pleural effusion and pericardial effusion, which are characteristic findings in Paracoccidioidomycosis."", ""The presence of pleural and pericardial nodules and inflammation, which are consistent with Paracoccidioidomycosis."", ""The negative results of [MASK] cultures and [MASK] cultures, which are consistent with Paracoccidioidomycosis.""]}"
PMC8184239_01,Leprosy,Melioidosis,Amebiasis | Schistosomiasis,high,0,0,47,76,0,"{""primary_diagnosis"": ""Melioidosis"", ""confidence"": ""high"", ""differential_diagnoses"": [""Amebiasis"", ""Schistosomiasis""], ""key_evidence"": [""The patient had chronic osteomyelitis affecting the left foot, which is a known manifestation of melioidosis."", ""The patient had swelling of hands and feet, which is consistent with the presentation of melioidosis."", ""The patient had radiographic features of osteolysis and destruction of phalanges of the hands and feet, which is consistent with melioidosis.""]}"
PMC8292084_01,Schistosomiasis,Melioidosis,Schistosomiasis | Paracoccidioidomycosis,high,0,1,42,163,0,"{""primary_diagnosis"": ""Melioidosis"", ""confidence"": ""high"", ""differential_diagnoses"": [""Schistosomiasis"", ""Paracoccidioidomycosis""], ""key_evidence"": [""Multiple gall stones in GB were still demonstrated. He was booked for elective laparoscopic cholecystectomy. Intraoperative findings showed omental adhesions to the GB. The GB was also densely adherent to the liver."", ""The patient presented with epigastric and abdominal pain associated with dengue hemorrhagic fever."", ""The patient had multiple round hypodense abscesses in the liver, which is a characteristic finding in melioidosis.""]}"
PMC8574110_01,Tuberculosis,Scrub Typhus,Melioidosis | Malaria,high,0,0,46,103,0,"{""primary_diagnosis"": ""Scrub Typhus"", ""confidence"": ""high"", ""differential_diagnoses"": [""Melioidosis"", ""Malaria""], ""key_evidence"": [""Positive scrub typhus IgM and IgG serology established the definitive diagnosis of scrub typhus."", ""Histopathology of the lesion margin confirmed cutaneous leishmaniasis and associated panniculitis."", ""Histopathology of the resected dura confirmed paracoccidioidomycosis with silver-stain positive rounded birefringent structures.""]}"
PMC9396231_01,Echinococcosis,Melioidosis,Talaromycosis | Schistosomiasis,high,0,0,46,133,0,"{""primary_diagnosis"": ""Melioidosis"", ""confidence"": ""high"", ""differential_diagnoses"": [""Talaromycosis"", ""Schistosomiasis""], ""key_evidence"": [""The patient had a 6-month history of daily cough, productive of half a cup of yellow/green sputum that had become white over the past month. She had noted haemoptysis on only two occasions during the first month of cough."", ""The patient had extensive exposure to indoor biomass fuel, and had close contact with dogs, cattle and sheep. These factors are associated with melioidosis."", ""The patient had constitutional symptoms including weight loss (15 kg), with no associated loss of appetite, and night sweats that were profuse at the start of the symptoms, with associated fever and chills. These symptoms subsided somewhat after two courses of antibiotics."", ""The patient had a CT scan of the chest revealing a large right lower-lobe cyst (8 x 8 cm), with significant right middle- and upper-lobe scarring, traction bronchiectasis/bronchiolectasis and lung cavities containing low-density material with gas locules, in keeping with aspergillomas. The left lung had a small well-circumscribed superior lingual cyst (19 mm), while the upper abdomen revealed two large cysts in the liver (9.5 x 7.0 cm) and spleen (15 x 10 cm)."", ""The patient had a history of close contact with animals and exposure to indoor biomass fuel, which are risk factors for melioidosis."", ""The patient's symptoms, including cough, haemoptysis, and weight loss, are consistent with melioidosis, a disease that can present with chronic pulmonary symptoms and weight loss."", ""The patient's CT scan findings, including the presence of lung cavities and cysts, are consistent with the pulmonary involvement seen in melioidosis.""]}"
PMC9720788_01,Echinococcosis,Echinococcosis,Schistosomiasis | Mycetoma,high,1,1,43,163,0,"{""primary_diagnosis"": ""Echinococcosis"", ""confidence"": ""high"", ""differential_diagnoses"": [""Schistosomiasis"", ""Mycetoma""], ""key_evidence"": [""The patient had a history of spotting from 2 months ago and a history of [MASK] cyst surgery 6 years ago."", ""Laparotomy revealed a 9 x 8 cm2 mass in the posterior cul-de-sac area behind the uterus, which had a soft consistency on examination."", ""Histology following Laparotomy confirmed the postoperative diagnosis of Tuberculosis."", ""The cyst was drained, its wall was completely removed, and the sample was sent to the pathology. The pathology report indicated that sections showed cyst wall structures with a marked fibrotic layer in the inner parts and surrounded by smooth muscle fibers in the outer layer in some areas. Chronic inflammatory cells were infiltrated mostly in the inner parts of the cyst and were associated with foreign body type reactions."", ""The patient had a history of spotting from 2 months ago and a history of [MASK] cyst surgery 6 years ago.""]}"
PMC9742681_01,Tuberculosis,Tuberculosis,Paracoccidioidomycosis | Melioidosis,high,1,1,48,139,0,"{""primary_diagnosis"": ""Tuberculosis"", ""confidence"": ""high"", ""differential_diagnoses"": [""Paracoccidioidomycosis"", ""Melioidosis""], ""key_evidence"": [""Computed tomography of the chest, abdomen, and pelvis with contrast demonstrated left lung upper lobe micronodules, heterogeneous-appearing liver, splenomegaly, and large volume abdominal ascites (Figure 1)."", ""Diagnostic paracentesis yielded white blood cell (WBC) count of 3300 cells/microL, with lymphocytic predominance (82%) and a low serum albumin ascites gradient (SAAG) of 0.8 g/dL."", ""Liver biopsy revealed 40% macrovesicular steatosis, mixed portal inflammation, and moderate fibrosis (stage 2/4) consistent with nonalcoholic steatohepatitis."", ""Extensive laboratory testing ruled out viral hepatitis and genetic and autoimmune liver disease."", ""Bone marrow biopsy showed normocellular marrow."", ""Repeat paracentesis found an elevated adenosine deaminase (114.4 U/L), ADA."", ""The patient was started on empiric [MASK], [MASK], [MASK], [MASK] ([MASK]) therapy for peritoneal [MASK], after which the patient defervesced and remained afebrile."", ""Blood and sputum cultures were negative, and no other sources of infection were identified."", ""Diagnostic paracentesis yielded white blood cell (WBC) count of 3300 cells/microL, with lymphocytic predominance (82%) and a low serum albumin ascites gradient (SAAG) of 0.8 g/dL."", ""Diagnostic paracentesis yielded white blood cell (WBC) count of 3300 cells/microL, with lymphocytic predominance (82%) and a low serum albumin ascites gradient (SAAG) of 0.8 g/dL."", ""Diagnostic paracentesis yielded white blood cell (WBC) count of 3300 cells/microL, with lymphocytic predominance (82%) and a low serum albumin ascites gradient (SAAG) of 0.8 g/dL.""]}"
PMC9843065_01,Tuberculosis,Tuberculous meningitis,Hydatid cyst | Neurocysticercosis,high,0,0,39,114,0,"{""primary_diagnosis"": ""Tuberculous meningitis"", ""confidence"": ""high"", ""differential_diagnoses"": [""Hydatid cyst"", ""Neurocysticercosis""], ""key_evidence"": [""MRI of the brain revealed meningeal enhancement, particularly at the basilar meninges and the sylvian fissure, and vasculitis-related infarction at the circle of Willis, which are typical findings of tuberculous meningitis."", ""The patient had multiple cerebral infarctions and meningeal enhancement, which are consistent with tuberculous meningitis."", ""The patient's history and imaging findings are consistent with tuberculous meningitis, including the presence of vasculitis-related infarction and meningeal enhancement.""]}"
PMC9928219_01,Tuberculosis,Tuberculosis,Melioidosis | Leishmaniasis,high,1,1,50,70,0,"{""primary_diagnosis"": ""Tuberculosis"", ""confidence"": ""high"", ""differential_diagnoses"": [""Melioidosis"", ""Leishmaniasis""], ""key_evidence"": [""The patient presented with chronic SI joint pain, which was concerning for a septic joint. The patient had a history of gastroesophageal reflux disease and developmental delay."", ""The patient had a history of irregular antileprosy drug use, which contributed to catastrophic complications."", ""The patient had a history of living in the southern region of Saudi Arabia, which is an endemic region for schistosomiasis."", ""The patient had a history of weight loss and multiple fluid collections, which could be indicative of extrapulmonary tuberculosis."", ""The patient had a history of pulmonary echinococcosis, which is a known manifestation of hydatid disease."", ""The patient had a history of leprosy, which could have contributed to the development of leishmaniasis due to immunosuppression."", ""The patient had a history of vancomycin-induced drug hypersensitivity reaction, which could be a sign of underlying infection.""]}"
