case_id,ground_truth,predicted_primary,predicted_diffs,confidence,top1_acc,top3_acc,num_entities,num_relations,num_chunks,raw_response
PMC10071914_01,Scrub Typhus,Tuberculosis,Leptospirosis | Melioidosis,high,0,0,55,104,20,"{""primary_diagnosis"": ""Tuberculosis"", ""confidence"": ""high"", ""differential_diagnoses"": [""Leptospirosis"", ""Melioidosis""], ""key_evidence"": [""The patient had a history of recurrent cough and sputum for over a year and intermittent fever for the past two months, with a chest CT revealing destruction of the left lung, lesions in the right lung with bilateral pleural effusion, and detection of M. tuberculosis by sputum smear."", ""Empirical treatment with doxycycline failed to control the scrub typhus infection, and the patient was treated with a multidrug regimen including levofloxacin, which is commonly used in the treatment of tuberculosis."", ""The patient's symptoms, including high-grade fever, headache, body aches, and generalized weakness, along with the development of breathlessness and dyspnea, are consistent with the presentation of pulmonary tuberculosis.""]}"
PMC10348382_01,Echinococcosis,Echinococcosis,Schistosomiasis | Malaria,high,1,1,39,117,20,"{""primary_diagnosis"": ""Echinococcosis"", ""confidence"": ""high"", ""differential_diagnoses"": [""Schistosomiasis"", ""Malaria""], ""key_evidence"": [""The patient presented with a complete AVB and a junctional escape rhythm, with an HR of 30 bpm, which is consistent with severe bradyarrhythmias developed four days after discharge from dengue fever hospitalization."", ""Computed Tomography revealed a hypodense image of the regular and smooth contours, measuring 2.5 x 2.2 cm, near the basal region of the interventricular septum and the interatrial septum, in the right atrial cavity. The density was compatible with the liquid content, which was most likely not related to the blood, even after the injection of contrast."", ""The echinococcosis clinical presentation includes the formation of cysts in multiple organs, which is consistent with the patient's echocardiogram findings of a cyst-like structure in the right atrium."", ""The patient's history of dengue fever and the presence of a cardiac hydatid cyst are consistent with echinococcosis, a rare cardiac manifestation of echinococcosis.""]}"
PMC10362915_01,Tuberculosis,systemic lupus erythematosus,posterior reversible encephalopathy syndrome | systemic inflammatory response syndrome,high,0,0,41,107,20,"{""primary_diagnosis"": ""systemic lupus erythematosus"", ""confidence"": ""high"", ""differential_diagnoses"": [""posterior reversible encephalopathy syndrome"", ""systemic inflammatory response syndrome""], ""key_evidence"": [""The patient presented with symptoms of facial edema, anorexia, nausea, abdominal distention, cough, and white phlegm, which are consistent with lupus nephritis and polyserositis associated with systemic lupus erythematosus (SLE)."", ""The patient's Glasgow score of 13, stiff neck, and fever of 102.2 F, along with severe diarrheas and 33-pound weight loss, suggest a severe infection or inflammatory condition, which can be associated with systemic lupus erythematosus.""]}"
PMC10703499_01,Tuberculosis,Tuberculosis,Paracoccidioidomycosis | Schistosomiasis,high,1,1,50,53,20,"{""primary_diagnosis"": ""Tuberculosis"", ""confidence"": ""high"", ""differential_diagnoses"": [""Paracoccidioidomycosis"", ""Schistosomiasis""], ""key_evidence"": [""Histopathological examination revealed necrotizing granulomatous lymphadenitis, consistent with tuberculosis."", ""The patient had a history of severe hepatotoxicity and liver failure, which is a known complication of tuberculosis."", ""The patient had a history of pleural effusion 20 years ago, which could be related to tuberculosis, given the pleural effusion's remission after RHZE treatment."", ""The patient had a history of pleural effusion 20 years ago, which could be related to tuberculosis, given the pleural effusion's remission after RHZE treatment."", ""The patient had a history of pleural effusion 20 years ago, which could be related to tuberculosis, given the pleural effusion's remission after RHZE treatment.""]}"
PMC10712253_01,Tuberculosis,Tuberculosis,Melioidosis | Leprosy,high,1,1,42,134,20,"{""primary_diagnosis"": ""Tuberculosis"", ""confidence"": ""high"", ""differential_diagnoses"": [""Melioidosis"", ""Leprosy""], ""key_evidence"": [""The patient had a history of contact with an adult who had confirmed pulmonary tuberculosis on [MASK] treatment."", ""The patient presented with a 4cm x 3 cm anterior chest swelling which was fluctuant and non-tender on palpation, and a 2-month history of cough and weight loss."", ""The patient had multiple matted, non-tender lymphadenopathies on the submandibular, anterior cervical, axillary, and inguinal areas, and a 2-month history of progressive weight loss and drenching night sweats."", ""The patient's laboratory investigations revealed a total white cell count of 24,600/mm3 with lymphocyte predominance, and a high level of ionized calcium (iCa level of 1.46mmol/L)."", ""The patient's chest radiography, postcontrast chest and abdominal computed tomography (CT) scan showed multiorgan involvement of tuberculosis evidenced by right paratracheal, right axillary and multiple mediastinal calcified lymphadenopathies with opacity at right lower lung."", ""The patient's bone involvement was evidenced by small perivertebral collection with faint rim enhancement associated with T1 vertebral endplate erosion."", ""The patient's condition was previously misdiagnosed and treated as pulmonary tuberculosis."", ""The patient had a history of contact with an adult who had confirmed pulmonary tuberculosis on [MASK] treatment, suggesting a possible dissemination of the disease.""]}"
PMC10932498_01,Dengue,Tuberculosis,Leptospirosis | Melioidosis,high,0,0,47,129,20,"{""primary_diagnosis"": ""Tuberculosis"", ""confidence"": ""high"", ""differential_diagnoses"": [""Leptospirosis"", ""Melioidosis""], ""key_evidence"": [""The patient presented with a 13-day history of high-grade fever and productive cough, which is a common presentation of tuberculosis."", ""The patient had a weakly positive ANA and elevated serum creatinine, which could be indicative of pre-renal acute kidney injury, a condition often seen in severe tuberculosis."", ""The echocardiogram showed reduced left ventricular systolic function, which could be a complication of tuberculosis, particularly in the context of a patient with a history of fever and productive cough."", ""The patient's presentation of sinus bradycardia, heart rate of 37 beats per minute, and hypotension, along with the presence of a wide-complex ventricular tachycardia, could be related to the underlying tuberculosis, especially if it was causing myocarditis or pericarditis."", ""The patient's laboratory findings, including the elevated troponin I and CKMB, could be indicative of myocardial injury, which is a known complication of tuberculosis.""]}"
PMC10941984_01,Malaria,Schistosomiasis,Malaria | Leishmaniasis,high,0,1,47,44,20,"{""primary_diagnosis"": ""Schistosomiasis"", ""confidence"": ""high"", ""differential_diagnoses"": [""Malaria"", ""Leishmaniasis""], ""key_evidence"": [""The patient resided in Khuzestan Province, Iran, where schistosomiasis is endemic."", ""The patient presented with severe anemia, which can be a complication of schistosomiasis."", ""The patient's history of residence in Khuzestan Province, Iran, represents a known endemic area for schistosomiasis.""]}"
PMC10949269_01,Malaria,Tuberculosis,Leishmaniasis | Melioidosis,high,0,0,52,169,20,"{""primary_diagnosis"": ""Tuberculosis"", ""confidence"": ""high"", ""differential_diagnoses"": [""Leishmaniasis"", ""Melioidosis""], ""key_evidence"": [""The patient presented with fever, confusion, and incoherent speech, which are consistent with encephalopathy, a common neurological manifestation of tuberculosis. The patient's history of persistent fever, confusion, and neurological symptoms without a clear source of infection or inflammation is highly suggestive of tuberculosis."", ""The patient's presentation of fever, confusion, and neurological symptoms without a clear source of infection or inflammation is consistent with encephalopathy, a common neurological manifestation of tuberculosis. Additionally, the patient's fever could be attributed to the systemic inflammatory response to the infection, known as IRIS (Infectious Response to Immunization Syndrome)."", ""The patient's fever, confusion, and neurological symptoms are also consistent with leishmaniasis, a parasitic disease that can cause similar symptoms. However, the absence of a history of travel to endemic areas and the presence of a fever without a clear parasitic source makes tuberculosis a more likely diagnosis."", ""The patient's fever and confusion could also be attributed to melioidosis, a tropical disease caused by Burkholderia pseudomallei. However, the patient's history of no travel to endemic areas and the absence of a history of exposure to soil or water makes tuberculosis a more likely diagnosis.""]}"
PMC11682786_01,Viral Hemorrhagic Fevers,Scrub Typhus,Malaria | Dengue,high,0,0,50,158,16,"{""primary_diagnosis"": ""Scrub Typhus"", ""confidence"": ""high"", ""differential_diagnoses"": [""Malaria"", ""Dengue""], ""key_evidence"": [""The patient had a history of tick bite exposure in a rural environment, which is a known epidemiological risk factor for scrub typhus."", ""The patient's clinical presentation, including fever, myalgia, and eschar formation, are consistent with scrub typhus."", ""The patient's laboratory findings, such as thrombocytopenia, hypofibrinogenemia, and elevated transaminases, are consistent with the pathophysiology of scrub typhus.""]}"
PMC11682824_01,Malaria,Scrub Typhus,Paracoccidioidomycosis | Melioidosis,high,0,0,51,64,20,"{""primary_diagnosis"": ""Scrub Typhus"", ""confidence"": ""high"", ""differential_diagnoses"": [""Paracoccidioidomycosis"", ""Melioidosis""], ""key_evidence"": [""The patient had a history of travel to Grande Comore Island, where scrub typhus is endemic."", ""PCR testing on Grande Comore Island showed nearly all samples were positive for Orientia tsutsugamushi, the causative agent of scrub typhus."", ""Laboratory findings included severe thrombocytopenia, hepatopathy, renal impairment, metabolic acidosis, and hyperlactatemia, which are consistent with scrub typhus."", ""The patient presented with fever, chills, myalgias, arthralgias, headache, epigastric pain, loose stools, and dark urine, which are classic symptoms of scrub typhus."", ""The patient's recent travel history to Grande Comore Island, where scrub typhus is endemic, is a significant epidemiological risk factor.""]}"
PMC11770496_01,Tuberculosis,Tuberculosis,Leprosy | Melioidosis,high,1,1,41,167,20,"{""primary_diagnosis"": ""Tuberculosis"", ""confidence"": ""high"", ""differential_diagnoses"": [""Leprosy"", ""Melioidosis""], ""key_evidence"": [""The patient presented with a large, non-tender, mobile, non-inflammatory mass in the right flank (Fig. 1), which is consistent with a psoas abscess seen in spinal tuberculosis."", ""The patient had a history of sickle cell disease, which can predispose to disseminated tuberculosis, including spondylodiscitis."", ""The patient had a history of HIV infection, which can lead to immune compromise and increased risk of tuberculosis, including spondylodiscitis."", ""The patient's laboratory tests showed an inflammatory syndrome with a C-reactive protein (CRP) level of 70 mg/L, a white blood cell count of 12,000/muL, and hemoglobin at 10 g/dL, which is consistent with a severe inflammatory response seen in tuberculosis."", ""The patient's imaging studies (CT and MRI) revealed spondylodiscitis involving the L1-L2 vertebrae, bilateral psoas abscesses, and multiple retroperitoneal collections, which are classic findings in spinal tuberculosis.""]}"
PMC11806386_01,Melioidosis,Tuberculosis,Melioidosis | Leishmaniasis,high,0,1,47,57,20,"{""primary_diagnosis"": ""Tuberculosis"", ""confidence"": ""high"", ""differential_diagnoses"": [""Melioidosis"", ""Leishmaniasis""], ""key_evidence"": [""The patient presented with a four-week history of fever, lower back pain, and reduced appetite, which are common symptoms of tuberculosis, including back pain and fever associated with spinal tuberculosis (tuberculous spondylodiscitis)."", ""The patient had a history of poorly controlled diabetes mellitus, which is a risk factor for tuberculosis, especially in the context of immunosuppression."", ""The patient's abdominal pain, which worsened and required an emergency laparotomy, was accompanied by intraoperative findings of a tear on the right lateral surface of the aneurysm, which is consistent with a ruptured tuberculous aortic aneurysm."", ""The patient's history of aortic pseudoaneurysm and subsequent repair, along with the presence of a saccular mycotic aneurysm, suggests a history of disseminated tuberculosis involving the thoracic and abdominal aorta."", ""The patient's laboratory findings, including leukocytosis and elevated CRP, are consistent with an inflammatory process, which is a hallmark of tuberculosis.""]}"
PMC11831978_01,Schistosomiasis,Tuberculosis,Melioidosis | Schistosomiasis,high,0,1,38,67,20,"{""primary_diagnosis"": ""Tuberculosis"", ""confidence"": ""high"", ""differential_diagnoses"": [""Melioidosis"", ""Schistosomiasis""], ""key_evidence"": [""Histopathological examination of the resected appendix specimen confirmed extensive necrosis and viable ova, consistent with appendiceal schistosomiasis and appendiceal tuberculosis."", ""Multiple enlarged lymph nodes in cervical, axillary, and abdominal regions manifested in talaromycosis, suggesting a systemic infection."", ""Right lower quadrant abdominal pain, nodules overlying the appendix, and lymphadenopathy are consistent with appendiceal tuberculosis and schistosomiasis.""]}"
PMC12911139_01,Tuberculosis,paracoccidioidomycosis,schistosomiasis | melioidosis,high,0,0,47,46,20,"{""primary_diagnosis"": ""paracoccidioidomycosis"", ""confidence"": ""high"", ""differential_diagnoses"": [""schistosomiasis"", ""melioidosis""], ""key_evidence"": [""The patient presented with chronic monoarthritis of the left knee, which is a prominent clinical feature of paracoccidioidomycosis."", ""The patient had a history of residing in Trinidad and Tobago, which is an endemic region for paracoccidioidomycosis."", ""The patient had a history of residing in Peru, which is also an endemic region for paracoccidioidomycosis."", ""The patient had a history of residing in Venezuela, which is also an endemic region for paracoccidioidomycosis.""]}"
PMC12927153_01,Echinococcosis,hepatosplenomegaly,melioidosis | schistosomiasis,high,0,0,38,155,17,"{""primary_diagnosis"": ""hepatosplenomegaly"", ""confidence"": ""high"", ""differential_diagnoses"": [""melioidosis"", ""schistosomiasis""], ""key_evidence"": [""The patient presented with abdominal pain, abdominal distention, and fever for 1 month, and had jaundice, pain at epigastric and right upper quadrant areas.""]}"
PMC2801018_01,Tuberculosis,Tuberculosis,Melioidosis | Paracoccidioidomycosis,high,1,1,45,132,20,"{""primary_diagnosis"": ""Tuberculosis"", ""confidence"": ""high"", ""differential_diagnoses"": [""Melioidosis"", ""Paracoccidioidomycosis""], ""key_evidence"": [""The patient had a positive family history of tuberculosis (pulmonary tuberculosis in her father and a cousin with genital tuberculosis)."", ""The patient had a history of abdominal pain, distension, and vomiting, which are consistent with gastrointestinal tuberculosis."", ""The patient had a history of abdominal mass and ascites, which are consistent with peritoneal tuberculosis."", ""The patient had a history of abdominal pain and vomiting, which are consistent with gastrointestinal tuberculosis."", ""The patient had a history of abdominal pain and vomiting, which are consistent with gastrointestinal tuberculosis.""]}"
PMC2801018_02,Tuberculosis,Tuberculosis,Schistosomiasis | Melioidosis,high,1,1,54,153,20,"{""primary_diagnosis"": ""Tuberculosis"", ""confidence"": ""high"", ""differential_diagnoses"": [""Schistosomiasis"", ""Melioidosis""], ""key_evidence"": [""Histopathology of the resected mass showed granulation tissue, caseating necrosis, and giant cells, which are consistent with tuberculosis."", ""The patient's family history of pulmonary tuberculosis and her daughter's history of tuberculous pleurisy suggest a genetic predisposition to tuberculosis."", ""The presence of a necrotic mass and the presence of granulomatous lesions are consistent with tuberculosis.""]}"
PMC2878410_01,Tuberculosis,Tuberculosis,Melioidosis | Scabies,high,1,1,42,142,19,"{""primary_diagnosis"": ""Tuberculosis"", ""confidence"": ""high"", ""differential_diagnoses"": [""Melioidosis"", ""Scabies""], ""key_evidence"": [""The patient had a history of kidney transplantation and received immunosuppressive therapy, which increased vulnerability to disseminated tuberculosis."", ""The patient had multiple hypodense lesions in the liver, spleen, renal allograft, and prostate, which are consistent with tuberculosis manifestations."", ""The patient's immunosuppressive therapy (cyclosporine and azathioprine) predisposed to opportunistic infections, including tuberculosis."", ""The patient's fever and the presence of multiple organ involvement (liver, spleen, renal allograft, and prostate) are consistent with tuberculosis.""]}"
PMC3039764_01,Scabies,Paracoccidioidomycosis,Melioidosis | Talaromycosis,high,0,0,50,114,20,"{""primary_diagnosis"": ""Paracoccidioidomycosis"", ""confidence"": ""high"", ""differential_diagnoses"": [""Melioidosis"", ""Talaromycosis""], ""key_evidence"": [""The patient presented with a history of recurrent fevers, chills, rigors, anorexia, malaise, joint pains, and severe lethargy, which are common symptoms of paracoccidioidomycosis."", ""The patient developed crops of round, raised lesions that started on her left upper limb, progressing to the right upper limb and eventually involving the whole face, upper back, and the chest and upper abdominal region, closely associated with the febrile episodes. These lesions are characteristic of paracoccidioidomycosis."", ""The patient's skin lesions were initially considered as skin involvement of ATL, but the atypical presentation of crusted scabies in the absence of classical 'burrows' supports the differential diagnosis of paracoccidioidomycosis.""]}"
PMC3322787_01,Leptospirosis,Scrub Typhus,Malaria | Dengue,high,0,0,45,67,20,"{""primary_diagnosis"": ""Scrub Typhus"", ""confidence"": ""high"", ""differential_diagnoses"": [""Malaria"", ""Dengue""], ""key_evidence"": [""The patient presented with fever, headache, myalgias, fatigue, and insomnia, which are common symptoms of scrub typhus."", ""The patient had a history of exposure to muddied waters after an overnight thundershower, which is a known risk factor for scrub typhus."", ""The patient's presentation, including the development of renal failure, is consistent with severe scrub typhus infection."", ""The patient's history of rural living and exposure to muddied waters aligns with the epidemiological risk factors for scrub typhus.""]}"
PMC3322787_02,Leptospirosis,Tuberculosis,Leishmaniasis | Melioidosis,high,0,0,45,123,20,"{""primary_diagnosis"": ""Tuberculosis"", ""confidence"": ""high"", ""differential_diagnoses"": [""Leishmaniasis"", ""Melioidosis""], ""key_evidence"": [""The patient had fever, myalgias, and renal insufficiency, which are common symptoms of tuberculosis. The patient's laboratory values, including creatinine and liver enzymes, showed abnormalities consistent with multi-organ failure, which is a hallmark of severe tuberculosis."", ""The patient's history of travel and the presence of renal insufficiency could suggest a miliary tuberculosis presentation, which is a severe form of tuberculosis that can cause multi-organ involvement, including the kidneys."", ""The patient's history of travel and the presence of renal insufficiency could suggest a miliary tuberculosis presentation, which is a severe form of tuberculosis that can cause multi-organ involvement, including the kidneys.""]}"
PMC3322787_03,Leptospirosis,Melioidosis,Paracoccidioidomycosis | Leptospirosis,high,0,1,55,55,20,"{""primary_diagnosis"": ""Melioidosis"", ""confidence"": ""high"", ""differential_diagnoses"": [""Paracoccidioidomycosis"", ""Leptospirosis""], ""key_evidence"": [""The patient had a history of house-boating in a reservoir, which is a known risk factor for melioidosis."", ""The patient's presentation with fever, myalgia, and proteinuria is consistent with melioidosis, especially given the history of freshwater lake exposure 15 days prior to illness onset."", ""The patient's laboratory findings, including thrombocytopenia and mild elevations in liver enzymes, are consistent with melioidosis.""]}"
PMC3322787_04,Leptospirosis,Dengue,Leptospirosis | Melioidosis,high,0,1,35,111,20,"{""primary_diagnosis"": ""Dengue"", ""confidence"": ""high"", ""differential_diagnoses"": [""Leptospirosis"", ""Melioidosis""], ""key_evidence"": [""The patient presented with fever, headache, myalgias, chills, anorexia, nausea, abdominal pain, tea-colored urine, and oliguria, which are classic symptoms of dengue."", ""The renal biopsy showed acute tubulointerstitial nephritis, which is the most characteristic renal lesion observed in dengue."", ""The patient's presentation, including fever, myalgias, chills, and tea-colored urine, aligns with the clinical presentation of dengue, which often includes hemorrhagic manifestations and renal involvement.""]}"
PMC3322787_05,Leptospirosis,Echinococcosis,Schistosomiasis | Melioidosis,high,0,0,50,151,19,"{""primary_diagnosis"": ""Echinococcosis"", ""confidence"": ""high"", ""differential_diagnoses"": [""Schistosomiasis"", ""Melioidosis""], ""key_evidence"": [""Histopathological examination of resected cysts confirmed the diagnosis of echinococcosis by revealing the cyst cuticula and germinative membrane."", ""The patient acquired echinococcosis through exposure to domestic animals in a rural setting."", ""Living in a rural homestead with cattle husbandry provided the epidemiological setting for echinococcosis.""]}"
PMC3322787_06,Leptospirosis,Melioidosis,Leptospirosis | Schistosomiasis,high,0,1,48,40,20,"{""primary_diagnosis"": ""Melioidosis"", ""confidence"": ""high"", ""differential_diagnoses"": [""Leptospirosis"", ""Schistosomiasis""], ""key_evidence"": [""Five cases of fever, headache, myalgia, and renal impairment in California, with all patients treated with doxycycline and made complete recoveries."", ""The patient's history of swimming in a freshwater lake (Lake Melones) and the presence of high fever with uniform renal impairment and mild hepatitis in all cases."", ""The presence of headaches, nausea/vomiting, and myalgia in all five cases of melioidosis in California.""]}"
PMC3328486_01,Schistosomiasis,Schistosomiasis,Tuberculosis | Neurocysticercosis,high,1,1,50,98,20,"{""primary_diagnosis"": ""Schistosomiasis"", ""confidence"": ""high"", ""differential_diagnoses"": [""Tuberculosis"", ""Neurocysticercosis""], ""key_evidence"": [""Urinary schistosomiasis was initially diagnosed two years ago by histological detection of Schistosoma haematobium ova in urinary bladder biopsies, and the miracidium hatching assay showed the eggs to be non-viable."", ""The patient presented with terminal hematuria, which is a hallmark symptom of urinary schistosomiasis."", ""The patient's history of travel to a schistosomiasis endemic area prompted targeted parasitic evaluation of the urine.""]}"
PMC3357531_01,Tuberculosis,Adrenal tuberculosis,Schistosomiasis | Melioidosis,high,1,1,46,169,20,"{""primary_diagnosis"": ""Adrenal tuberculosis"", ""confidence"": ""high"", ""differential_diagnoses"": [""Schistosomiasis"", ""Melioidosis""], ""key_evidence"": [""Bilateral adrenal glands were asymmetrically enlarged (right, 9 mm; left, 11 mm) on MRI, consistent with bilateral adrenal hyperplasia."", ""The patient had a history of living in Trabzon, Turkey, which is endemic for tuberculosis."", ""Laboratory studies showed low serum cortisol, low serum sodium, and high serum potassium, which are consistent with adrenal insufficiency."", ""MRI of the adrenal glands showed bilateral asymmetric adrenal hyperplasia, similar to that observed 1 year earlier."", ""The patient had a history of knee surgery for a torn meniscus 5 months before admission, which could have predisposed him to tuberculosis.""]}"
PMC3429378_01,Tuberculosis,Tuberculosis,Melioidosis | Leprosy,high,1,1,47,133,20,"{""primary_diagnosis"": ""Tuberculosis"", ""confidence"": ""high"", ""differential_diagnoses"": [""Melioidosis"", ""Leprosy""], ""key_evidence"": [""The patient presented with a 6-cm ulcer with undermined edges, which is a characteristic feature of cutaneous tuberculosis (tuberculid)."", ""Histopathological examination of the perianal ulcer revealed a dense histiocytic dermal infiltrate and a granulomatous inflammatory response with central caseous necrosis, suggesting cutaneous tuberculosis."", ""The patient had a history of corticosteroid use, which can predispose to cutaneous tuberculosis, and the presence of disseminated erythematous papules and nodules in the upper limbs, which are consistent with lepromatous leprosy."", ""The patient's history of HIV infection and the presence of lymphadenopathy and fever, which are common in disseminated tuberculosis, further supports the diagnosis.""]}"
PMC3461775_01,Echinococcosis,Echinococcosis,Leishmaniasis | Melioidosis,high,1,1,51,49,20,"{""primary_diagnosis"": ""Echinococcosis"", ""confidence"": ""high"", ""differential_diagnoses"": [""Leishmaniasis"", ""Melioidosis""], ""key_evidence"": [""The patient presented with a large multilocular cyst replacing the left kidney, with floating membranes inside, which is a characteristic finding in renal hydatid cyst (echinococcosis)."", ""The patient had a history of a cyst in the left kidney 18 years ago, which could be a precursor to hydatid cyst formation."", ""The patient underwent left nephroureterectomy, which is a surgical procedure often performed for renal hydatid cysts.""]}"
PMC3481907_01,Tuberculosis,Paracoccidioidomycosis,Leprosy | Cutaneous tuberculosis,high,0,1,43,104,20,"{""primary_diagnosis"": ""Paracoccidioidomycosis"", ""confidence"": ""high"", ""differential_diagnoses"": [""Leprosy"", ""Cutaneous tuberculosis""], ""key_evidence"": [""The patient presented with large plaques of 30 years duration over multiple body parts, including the right upper limb, right side of the chest and back, and right lower limb. The lesions were asymptomatic except for mild itching."", ""The patient had a history of multiple lesions that developed over a long period, with no history of trauma or contact with a known infectious agent."", ""The skin lesions were described as well-defined, irregularly bordered plaques with areas of hyperkeratosis and scarring, which are characteristic of paracoccidioidomycosis."", ""The patient's skin biopsy showed subepithelial granulomas, which is consistent with the histopathological findings in paracoccidioidomycosis."", ""The patient's skin lesions showed dramatic improvement within 3 weeks of treatment, which is consistent with the rapid response to antifungal therapy seen in paracoccidioidomycosis.""]}"
PMC3534248_01,Echinococcosis,Echinococcosis,Paracoccidioidomycosis | Mycetoma,high,1,1,53,121,20,"{""primary_diagnosis"": ""Echinococcosis"", ""confidence"": ""high"", ""differential_diagnoses"": [""Paracoccidioidomycosis"", ""Mycetoma""], ""key_evidence"": [""The patient presented with a painless right axillary swelling of four-month duration, which is a characteristic presentation of axillary hydatid cyst."", ""The ultrasound showed a 5 x 5 cm thick-walled anechoic cystic lesion, which is consistent with echinococcal cyst."", ""The axillary hydatid cyst is an extremely uncommon primary soft-tissue presentation of echinococcal cyst in the axillary space, as mentioned in the clinical knowledge graph.""]}"
PMC3597904_01,Tuberculosis,Tuberculosis,Paracoccidioidomycosis | Melioidosis,high,1,1,42,117,20,"{""primary_diagnosis"": ""Tuberculosis"", ""confidence"": ""high"", ""differential_diagnoses"": [""Paracoccidioidomycosis"", ""Melioidosis""], ""key_evidence"": [""MRI showing multisegmental posterior collection of epidural fluid extending from C7 to L2 vertebral level without any evidence of vertebral involvement, which is consistent with spinal tuberculosis."", ""Patient history of inflammatory-type lumbar pain, bilateral abscess collections at the expense of both psoas muscles, and positive IGRA test for tuberculosis."", ""Lumbar CT showing spondylodiscitis at the level of the 10th, 11th and 12th dorsal vertebrae and the first lumbar vertebra with bilateral abscess collections at the expense of both psoas muscles.""]}"
PMC3738493_01,Dengue,Melioidosis,Dengue | Schistosomiasis,high,0,1,40,173,20,"{""primary_diagnosis"": ""Melioidosis"", ""confidence"": ""high"", ""differential_diagnoses"": [""Dengue"", ""Schistosomiasis""], ""key_evidence"": [""The patient presented with a history of fever, malaise, and a generalized tonic-clonic convulsion, which are common symptoms of melioidosis."", ""The patient had a history of sickle cell disease, which can predispose to severe infections such as melioidosis."", ""The patient's laboratory findings included anemia, thrombocytopenia, and elevated liver enzymes, which are consistent with severe infection and can be seen in melioidosis."", ""The patient's presentation of multiorgan dysfunction, including renal failure and disseminated intravascular coagulation (DIC), is consistent with severe melioidosis.""]}"
PMC3884731_01,Trypanosomiasis,Malaria,Schistosomiasis | Tuberculosis,high,0,0,51,165,20,"{""primary_diagnosis"": ""Malaria"", ""confidence"": ""high"", ""differential_diagnoses"": [""Schistosomiasis"", ""Tuberculosis""], ""key_evidence"": [""The patient had a history of living in disease-endemic areas in Bolivia, which is a risk factor for [MASK] disease."", ""The patient presented with chronic constipation, which can be a symptom of [MASK] disease."", ""The patient had a history of recurrent episodes of constipation, which is consistent with chronic [MASK] disease."", ""The patient's laboratory tests showed major distension of the colon, which is a finding consistent with [MASK] disease."", ""The patient's history of living in disease-endemic areas in Bolivia and his family history of [MASK] disease are strong epidemiological risk factors."", ""The patient's history of recurrent episodes of constipation and the presence of major distension of the colon are consistent with chronic [MASK] disease."", ""The patient's history of living in disease-endemic areas in Bolivia and his family history of [MASK] disease are strong epidemiological risk factors."", ""The patient's history of living in disease-endemic areas in Bolivia and his family history of [MASK] disease are strong epidemiological risk factors.""]}"
PMC3914130_01,Leptospirosis,Leptospirosis,Melioidosis | Dengue Fever,high,1,1,47,129,20,"{""primary_diagnosis"": ""Leptospirosis"", ""confidence"": ""high"", ""differential_diagnoses"": [""Melioidosis"", ""Dengue Fever""], ""key_evidence"": [""The patient presented with fever, epigastric pain, myalgia, and jaundice lasting for one week, which are classic symptoms of leptospirosis."", ""The patient's occupational history of working in a trout farm, which is an environmental exposure risk for leptospirosis."", ""The patient's presentation of severe organ failure, including liver, kidney, and lung failure, which is consistent with the progression of leptospirosis to fulminant multiple organ failure."", ""The patient's history of frequent arrhythmia and elevated troponin I, which could be indicative of myocarditis, a complication of leptospirosis."", ""The patient's initial treatment with ceftriaxone, which is commonly used for leptospirosis, and the subsequent progression to multiple organ failure.""]}"
PMC4153165_01,Melioidosis,Melioidosis,Paracoccidioidomycosis | Tuberculosis,high,1,1,48,148,20,"{""primary_diagnosis"": ""Melioidosis"", ""confidence"": ""high"", ""differential_diagnoses"": [""Paracoccidioidomycosis"", ""Tuberculosis""], ""key_evidence"": [""The patient had a history of travel to Southeast Asia (Malaysia and Thailand), which is endemic for melioidosis."", ""The patient presented with fever, chills, lassitude, and malaise, which are classic symptoms of melioidosis."", ""The patient's laboratory findings, including leukocytosis and elevated LDH, are consistent with a febrile illness, which can be seen in melioidosis."", ""The patient's chest X-ray findings, including diffuse and extensive alveolar infiltrations, are consistent with a severe pulmonary infection, which can be seen in melioidosis.""]}"
PMC4153237_01,Echinococcosis,Pericardial hydatid cyst,Schistosomiasis | Amebiasis,high,0,0,42,87,20,"{""primary_diagnosis"": ""Pericardial hydatid cyst"", ""confidence"": ""high"", ""differential_diagnoses"": [""Schistosomiasis"", ""Amebiasis""], ""key_evidence"": [""The patient had multiple cystic lesions in the pericardium, which is a characteristic finding in pericardial hydatid cyst."", ""The patient had a history of contact with dogs, which is a risk factor for echinococcosis, including pericardial hydatid cyst."", ""The patient had a history of multiple surgical procedures, including thoracotomy and craniotomy, which could have predisposed to pericardial hydatid cyst.""]}"
PMC4296413_01,Tuberculosis,Tuberculosis,Melioidosis | Leishmaniasis,high,1,1,44,134,20,"{""primary_diagnosis"": ""Tuberculosis"", ""confidence"": ""high"", ""differential_diagnoses"": [""Melioidosis"", ""Leishmaniasis""], ""key_evidence"": [""The patient had a history of exposure to a patient with tuberculosis 10 years ago, which is a risk factor for developing tuberculosis."", ""The patient presented with fever, cough, anorexia, and weight loss of 2 months duration, which are common symptoms of pulmonary tuberculosis."", ""Chest radiographs showed bilateral infiltrates and computed tomography (CT) showed findings suggestive of extensive pulmonary tuberculosis."", ""The patient's condition improved with antituberculous treatment, including corticosteroids and antibiotics."", ""Histopathological examination of resected lung specimens demonstrated caseating granulomas diagnostic of active tuberculosis.""]}"
PMC4491481_01,Tuberculosis,Tuberculosis,Echinococcosis | Melioidosis,high,1,1,48,65,20,"{""primary_diagnosis"": ""Tuberculosis"", ""confidence"": ""high"", ""differential_diagnoses"": [""Echinococcosis"", ""Melioidosis""], ""key_evidence"": [""The patient had a left sub-mandibular swelling that appeared 12 months earlier, which was painless, elastic, and adherent to the skin and deeper layers. Fine needle aspiration cytology (FNAC) of the mass was inconclusive."", ""The MRI showed a 4.6 cm, irregular and heterogeneous tumoral process of the deep lobe of the left parotid gland with a T1 hyposignal and a T2 hypersignal, and heterogeneous enhancement after gadolinium injection."", ""Histopathological examination of resected tissue confirmed parotid and lymph node tuberculosis.""]}"
PMC4736596_01,Soil-Transmitted Helminths,Schistosomiasis,Paracoccidioidomycosis | Melioidosis,high,0,0,44,122,20,"{""primary_diagnosis"": ""Schistosomiasis"", ""confidence"": ""high"", ""differential_diagnoses"": [""Paracoccidioidomycosis"", ""Melioidosis""], ""key_evidence"": [""Severe eosinophilia (14.4%) secondary to helminthic infection, as evidenced by peripheral eosinophilia and the patient's history of unexplained eosinophilia associated with diarrhea and abdominal pain."", ""Multiple patchy erythematous lesions separated by areas of normal mucosa in the colon and ileum, as observed during colonoscopy, which is consistent with schistosomiasis."", ""The patient's history of unexplained eosinophilia, which is a hallmark of schistosomiasis, and the presence of eosinophilic inflammatory changes in the colon and ileum without parasitic detection.""]}"
PMC4782660_01,Schistosomiasis,Paracoccidioidomycosis,Melioidosis | Tuberculosis,high,0,0,47,129,20,"{""primary_diagnosis"": ""Paracoccidioidomycosis"", ""confidence"": ""high"", ""differential_diagnoses"": [""Melioidosis"", ""Tuberculosis""], ""key_evidence"": [""The patient presented with pruritic lesions on the abdomen, which are characteristic of cutaneous paracoccidioidomycosis."", ""The patient's history of frequent bathing in a river, which is a known risk factor for paracoccidioidomycosis."", ""The patient's lesions are described as yellowish and firm papules, which are consistent with cutaneous paracoccidioidomycosis."", ""The patient's history of frequent bathing in a river, which is a known risk factor for paracoccidioidomycosis.""]}"
PMC5015625_01,Malaria,Dengue,Leptospirosis | Melioidosis,high,0,0,50,161,20,"{""primary_diagnosis"": ""Dengue"", ""confidence"": ""high"", ""differential_diagnoses"": [""Leptospirosis"", ""Melioidosis""], ""key_evidence"": [""The patient presented with flu-like symptoms, jaundice, and altered mental status, which are classic symptoms of dengue infection."", ""The patient's presentation, including the development of severe encephalopathy and retinal findings consistent with dengue retinopathy, supports the diagnosis of dengue."", ""The patient's history of living in Angola for 4 years, a known endemic area for dengue, further supports the diagnosis of dengue.""]}"
PMC5175025_01,Tuberculosis,Paracoccidioidomycosis,Melioidosis | Talaromycosis,high,0,0,52,74,20,"{""primary_diagnosis"": ""Paracoccidioidomycosis"", ""confidence"": ""high"", ""differential_diagnoses"": [""Melioidosis"", ""Talaromycosis""], ""key_evidence"": [""Multiple cutaneous lesions in the cephalic segment consistent with cutaneous lesions seen in disseminated paracoccidioidomycosis."", ""Histopathological examination showing granulomatous inflammation, which is consistent with the presentation of paracoccidioidomycosis."", ""The patient's presentation of multiple cutaneous lesions, ulcerated and crusty lesions, and the presence of granulomatous inflammation are consistent with disseminated paracoccidioidomycosis.""]}"
PMC5458696_01,Tuberculosis,,,unknown,1,0,47,63,20,"{""error"": """", ""primary_diagnosis"": """", ""differential_diagnoses"": []}"
PMC5624136_01,Tuberculosis,,,unknown,1,0,42,77,20,"{""error"": """", ""primary_diagnosis"": """", ""differential_diagnoses"": []}"
PMC5850760_01,Malaria,Melioidosis,Leptospirosis | Tuberculosis,high,0,0,50,105,15,"{""primary_diagnosis"": ""Melioidosis"", ""confidence"": ""high"", ""differential_diagnoses"": [""Leptospirosis"", ""Tuberculosis""], ""key_evidence"": [""The patient presented with prolonged fever, hepatosplenomegaly, and clinical features consistent with systemic inflammatory response syndrome (SIRS), which are consistent with disseminated intravascular coagulation (DIC) and acute respiratory distress syndrome (ARDS)."", ""The patient's history of residence in the endemic area of Khuzestan Province, Iran, and the presence of positive rK39 test, which is indicative of Burkholderia pseudomallei infection, support the diagnosis of melioidosis."", ""The patient's treatment with LAMB (5 mg/kg daily for 3 days) and paromomycin 15 mg/kg IM for 10 days against the second episode of infection, as well as the administration of miltefosine for 28 days, aligns with the treatment regimen for melioidosis.""]}"
PMC5850760_03,Malaria,Leptospirosis,Melioidosis | Tuberculosis,high,0,0,42,143,19,"{""primary_diagnosis"": ""Leptospirosis"", ""confidence"": ""high"", ""differential_diagnoses"": [""Melioidosis"", ""Tuberculosis""], ""key_evidence"": [""The patient presented with fever, jaundice, and respiratory distress, which are classic symptoms of leptospirosis."", ""The patient's condition rapidly deteriorated, requiring intubation and urgent transfer to the ICU, which is consistent with severe leptospirosis."", ""The patient had a history of a rat bite, which is a known risk factor for leptospirosis."", ""The patient developed acute kidney injury, which is a common complication of leptospirosis."", ""The patient's condition was complicated by disseminated intravascular coagulation, septic shock, and acute respiratory distress syndrome, all of which are associated with severe leptospirosis."", ""The patient's history of diabetes mellitus and myelodysplastic syndrome (MDS) and the presence of hepatic nodules are consistent with the presentation of leptospirosis in immunocompromised patients."", ""The patient's initial misdiagnosis as dengue and subsequent treatment with ceftriaxone did not resolve the condition, suggesting a different etiology."", ""The patient's positive leptospirosis-specific IgM antibodies detected by ELISA further supports the diagnosis of leptospirosis.""]}"
PMC6417330_03,Dengue,Tuberculosis,Leishmaniasis | Melioidosis,high,0,0,46,160,18,"{""primary_diagnosis"": ""Tuberculosis"", ""confidence"": ""high"", ""differential_diagnoses"": [""Leishmaniasis"", ""Melioidosis""], ""key_evidence"": [""The patient developed severe chest infection (pneumonia) and thrombocytopenia (platelet count of 40 x 10^9/L) which is consistent with disseminated tuberculosis. The chest X-rays showed severe chest infection and the chest CT scan revealed multiple nodules and cavities in both lungs consistent with active pulmonary tuberculosis."", ""The patient had a history of fall and unconsciousness, which could be a complication of disseminated tuberculosis. The thrombocytopenia and the need for platelet transfusions are also consistent with disseminated tuberculosis."", ""The patient's chest pain and fever could be secondary to pulmonary tuberculosis. The chest CT scan showed multiple nodules and cavities in both lungs, which are characteristic of pulmonary tuberculosis."", ""The patient's thrombocytopenia and the need for platelet transfusions are also consistent with disseminated tuberculosis. The chest CT scan showed multiple nodules and cavities in both lungs, which are characteristic of pulmonary tuberculosis.""]}"
PMC6855035_01,Tuberculosis,Tuberculosis,Schistosomiasis | Melioidosis,high,1,1,49,90,20,"{""primary_diagnosis"": ""Tuberculosis"", ""confidence"": ""high"", ""differential_diagnoses"": [""Schistosomiasis"", ""Melioidosis""], ""key_evidence"": [""The patient had a history of tuberculosis in her grandmother, which could indicate a family history of tuberculosis."", ""The patient's kidney involvement, including hydronephrosis and bilateral kidney pelvocaliectasis, could be a result of genitourinary tuberculosis."", ""The patient's renal ultrasonography showed dilatation of the left renal pelvis and calyces, which is consistent with genitourinary tuberculosis."", ""The patient's nephrocalcinosis on renal ultrasonography could be a result of chronic kidney disease and tuberculosis."", ""The patient's nephroureterectomy achieved complete surgical eradication of the renal hydatid cyst burden, suggesting a history of echinococcosis."", ""The patient's history of end-stage renal disease and post-transplant immunosuppression predisposed to melioidosis, which could explain the hepatotoxicity and renal involvement.""]}"
PMC7094044_01,Tuberculosis,Tuberculosis,Paracoccidioidomycosis | Leprosy,high,1,1,41,88,20,"{""primary_diagnosis"": ""Tuberculosis"", ""confidence"": ""high"", ""differential_diagnoses"": [""Paracoccidioidomycosis"", ""Leprosy""], ""key_evidence"": [""MRI confirmed L1-L2 spondylodiscitis and visualized the extending psoas abscess."", ""MRI of the sacroiliac joint confirmed sacroiliitis by showing focal bone marrow edema."", ""MRI demonstrated a large vascular lesion in the right renal hilum consistent with a pseudoaneurysm."", ""Patient presented with inflammatory lumbar pain secondary to spondylodiscitis."", ""Patient had loss of appetite and significant weight loss, suggestive of disseminated tuberculosis.""]}"
PMC7649586_01,Tuberculosis,Prostatic tuberculosis,Prostatic malignancy | Prostatic abscess,high,1,1,48,69,20,"{""primary_diagnosis"": ""Prostatic tuberculosis"", ""confidence"": ""high"", ""differential_diagnoses"": [""Prostatic malignancy"", ""Prostatic abscess""], ""key_evidence"": [""The patient had a known history of Benign Enlargement of Prostate (BEP) and was under medication for 2 years."", ""The patient had a transrectal ultrasonography revealing massive enlargement of prostate with central avascular necrotic area showing moving internal echoes."", ""The patient had a transurethral drainage of the abscess planned by the surgical team and prepared for surgery accordingly."", ""The patient had a transrectal needle biopsy of the prostate performed to obtain tissue for histological diagnosis."", ""The patient had a histological examination confirming the diagnosis of prostatic tuberculosis by demonstrating characteristic lesions.""]}"
PMC7747806_01,Trypanosomiasis,Paracoccidioidomycosis,Echinococcosis | Melioidosis,high,0,0,45,80,20,"{""primary_diagnosis"": ""Paracoccidioidomycosis"", ""confidence"": ""high"", ""differential_diagnoses"": [""Echinococcosis"", ""Melioidosis""], ""key_evidence"": [""The patient was born in the Tucuman Province, Argentina, and resided in a rural area, which is an epidemiological risk factor for Paracoccidioidomycosis."", ""The patient's HIV infection and poor antiretroviral adherence predisposed to opportunistic infections, including Paracoccidioidomycosis."", ""The patient's presentation with a cerebral mass and the need for brain biopsy, which is consistent with the clinical presentation of Paracoccidioidomycosis in the brain."", ""The patient's history of HIV infection and reactive serology for [MASK] (likely Paracoccidioidomycosis) supports the diagnosis."", ""The patient's history of travel to endemic regions and the presence of Paracoccidioidomycosis in the brain biopsy specimen.""]}"
PMC8046485_01,Tuberculosis,Tuberculosis,Mycetoma | Leprosy,high,1,1,51,106,20,"{""primary_diagnosis"": ""Tuberculosis"", ""confidence"": ""high"", ""differential_diagnoses"": [""Mycetoma"", ""Leprosy""], ""key_evidence"": [""The patient had a history of pulmonary tuberculosis 2 years prior, which was treated with anti-tuberculosis drugs according to the Revised National Tuberculosis Control Program guidelines for 6 months and declared sputum negative."", ""The patient presented with shoulder pain, swelling, and restricted movement, which is consistent with tuberculous arthritis of the shoulder joint."", ""The patient had a history of splenic tuberculosis, which is a known complication of multifocal tuberculosis."", ""The patient's chest X-ray showed widespread small nodular opacities suggestive of miliary tuberculosis, which is a common finding in disseminated tuberculosis."", ""The patient's magnetic resonance imaging of the shoulder joint showed cortical erosions involving articular margins of the humeral head and bony glenoid, moderate joint effusion, and synovial thickening with a large loculated periarticular collection."", ""The patient's history of pulmonary tuberculosis and the presence of multiple nodular lesions in the lungs are consistent with multifocal tuberculosis.""]}"
PMC8203059_01,Echinococcosis,Echinococcosis,Paracoccidioidomycosis | Melioidosis,high,1,1,45,100,20,"{""primary_diagnosis"": ""Echinococcosis"", ""confidence"": ""high"", ""differential_diagnoses"": [""Paracoccidioidomycosis"", ""Melioidosis""], ""key_evidence"": [""Multiple cysts in both lungs and spleen consistent with echinococcosis disease."", ""Cystic pseudotumour manifestation as bilateral pulmonary cystic lesions."", ""Cystic pseudotumour with characteristic intrapulmonary and hepatic cysts of echinococcosis.""]}"
PMC8415076_01,Malaria,Malaria,Dengue | Zika Virus,high,1,1,42,114,20,"{""primary_diagnosis"": ""Malaria"", ""confidence"": ""high"", ""differential_diagnoses"": [""Dengue"", ""Zika Virus""], ""key_evidence"": [""The patient had a history of sickle cell disease, which is a significant risk factor for severe malaria."", ""The patient presented with fever, chills, and tachycardia, which are common symptoms of malaria."", ""Laboratory tests detected a parasite load of 39.3% in the peripheral blood smear, confirming severe malaria."", ""The patient had a history of multiple hospitalizations for sickle cell crises, which could have predisposed her to malaria."", ""The patient's clinical deterioration, including drowsiness, painful hepatomegaly, and respiratory failure, are consistent with severe malaria."", ""The patient's history of travel to malaria-endemic regions (Guinea, Senegal, and Sierra Leone) increases the likelihood of malaria infection.""]}"
PMC9146591_02,Tuberculosis,Paracoccidioidomycosis,Leprosy | Melioidosis,high,0,0,53,152,20,"{""primary_diagnosis"": ""Paracoccidioidomycosis"", ""confidence"": ""high"", ""differential_diagnoses"": [""Leprosy"", ""Melioidosis""], ""key_evidence"": [""The patient's history of recurrent abdominal pain and the presence of lymphadenopathy, which are characteristic of paracoccidioidomycosis."", ""The presence of lymphadenopathy, which is a prominent manifestation of paracoccidioidomycosis, and the patient's history of amenorrhea and weight loss, which are also associated with leprosy."", ""The presence of lymphadenopathy, which is a prominent manifestation of paracoccidioidomycosis, and the patient's history of abdominal pain, which is a common symptom of melioidosis.""]}"
PMC9166903_02,Tuberculosis,Tuberculosis,Paracoccidioidomycosis | Melioidosis,high,1,1,49,81,20,"{""primary_diagnosis"": ""Tuberculosis"", ""confidence"": ""high"", ""differential_diagnoses"": [""Paracoccidioidomycosis"", ""Melioidosis""], ""key_evidence"": [""Incisional biopsy of the tongue revealed epithelioid granulomas and dense inflammatory infiltration consistent with mucosal leishmaniasis."", ""Histopathological examination of both lingual biopsy and jejune resection specimen showed numerous caseous and non-caseous epithelioid and giant cells granulomas."", ""The patient had a history of cervical cancer treated ten years earlier with left hemiglossectomy and suprahyoidal neck dissection, which could predispose to disseminated tuberculosis.""]}"
PMC9166903_04,Tuberculosis,Tuberculosis,Leprosy | Melioidosis,high,1,1,50,100,20,"{""primary_diagnosis"": ""Tuberculosis"", ""confidence"": ""high"", ""differential_diagnoses"": [""Leprosy"", ""Melioidosis""], ""key_evidence"": [""Histopathological examination revealed caseating granulomas and positive AFB staining, confirming tuberculosis."", ""The patient had a history of a mobile, elastic, supraclavicular tumor that was filled with creamy yellow pus, which is consistent with tuberculous lymphadenitis."", ""The patient's presentation of a mobile, elastic, supraclavicular tumor with suppuration and histopathological findings of caseating granulomas and positive AFB staining are consistent with tuberculous lymphadenitis.""]}"
PMC9410991_01,Tuberculosis,Tuberculosis,Schistosomiasis | Melioidosis,high,1,1,48,67,20,"{""primary_diagnosis"": ""Tuberculosis"", ""confidence"": ""high"", ""differential_diagnoses"": [""Schistosomiasis"", ""Melioidosis""], ""key_evidence"": [""The patient presented with bilateral symmetric polyarthralgia, bone pain, and shortness of breath, which are common symptoms of extrapulmonary tuberculosis."", ""The presence of an apical pulmonary cavity in the right lung with bronchiolitis and hilar lymphadenopathy on chest X-ray is a classic finding in pulmonary tuberculosis."", ""The patient's clinical presentation, including bilateral symmetric polyarthralgia, bone pain, and the presence of an apical pulmonary cavity, is consistent with extrapulmonary tuberculosis, particularly osteoarticular tuberculosis."", ""The absence of other tropical diseases and the negative serologies for other tropical infections support the diagnosis of tuberculosis.""]}"
PMC9493459_01,Tuberculosis,multidrugresistant tuberculosis,peripheral polyneuropathy | schistosomiasis,high,1,1,45,103,19,"{""primary_diagnosis"": ""multidrugresistant tuberculosis"", ""confidence"": ""high"", ""differential_diagnoses"": [""peripheral polyneuropathy"", ""schistosomiasis""], ""key_evidence"": [""The patient had a history of tuberculosis and was on antituberculosis therapy, which could lead to drug-induced liver injury.""]}"
PMC9515355_01,Malaria,,,unknown,1,0,47,57,20,"{""error"": """", ""primary_diagnosis"": """", ""differential_diagnoses"": []}"
PMC9556986_01,Echinococcosis,Tuberculosis,Melioidosis | Leishmaniasis,high,0,0,48,167,19,"{""primary_diagnosis"": ""Tuberculosis"", ""confidence"": ""high"", ""differential_diagnoses"": [""Melioidosis"", ""Leishmaniasis""], ""key_evidence"": [""The patient had a history of backache and gibbus deformity, which is indicative of spinal tuberculosis."", ""The patient had a history of latent TB and completed a BCG vaccination, which could predispose to complications such as spinal tuberculosis."", ""The patient's MRI showed multiple cystic masses in the craniocervical junction region and effusion around the lumbar vertebrae, which are consistent with spinal tuberculosis."", ""The patient's history of tuberculosis contact and the presence of a subcutaneous cold abscess in the lower back are consistent with disseminated tuberculosis."", ""The patient's MRI and CT scans showed destruction of thoracic vertebrae and destruction of the right 12th rib, which are consistent with spinal tuberculosis."", ""The patient's history of spinal tuberculosis was initially considered, but the negative results from multiple biopsies led to further investigation, which ultimately supported the diagnosis of spinal tuberculosis.""]}"
PMC9650132_01,Tuberculosis,Tuberculosis,Leishmaniasis | Melioidosis,high,1,1,41,140,18,"{""primary_diagnosis"": ""Tuberculosis"", ""confidence"": ""high"", ""differential_diagnoses"": [""Leishmaniasis"", ""Melioidosis""], ""key_evidence"": [""The patient had a history of cesarean section and was born to a confirmed COVID-19 and [MASK] mother. The patient had a history of seizures and fever, which are common symptoms of disseminated tuberculosis."", ""The patient had a history of neonatal sepsis and was initially diagnosed with late-onset neonatal sepsis. The patient had a history of liver and spleen enlargement, which can be seen in disseminated tuberculosis."", ""The patient had a history of bilateral pneumonia on chest X-ray, which can be seen in disseminated tuberculosis. The patient also had a history of meningitis, which is a severe intracranial manifestation of tuberculosis."", ""The patient had a history of liver and splenic [MASK], which can be seen in disseminated tuberculosis. The patient also had a history of elevated liver function test and total bilirubin level, which can be seen in disseminated tuberculosis.""]}"
PMC9924618_01,Tuberculosis,tuberculosis,paracoccidioidomycosis | leishmaniasis,high,1,1,50,117,20,"{""primary_diagnosis"": ""tuberculosis"", ""confidence"": ""high"", ""differential_diagnoses"": [""paracoccidioidomycosis"", ""leishmaniasis""], ""key_evidence"": [""Lung biopsy demonstrated chronic granulomatous inflammation with caseous necrosis."", ""Multiple, small mediastinal lymph nodes and diffuse tree-in-bud findings throughout the lung parenchyma on CT imaging.""]}"
PMC10183455_01,Echinococcosis,Echinococcosis,Melioidosis | Scabies,high,1,1,38,78,20,"{""primary_diagnosis"": ""Echinococcosis"", ""confidence"": ""high"", ""differential_diagnoses"": [""Melioidosis"", ""Scabies""], ""key_evidence"": [""The patient had a history of similar complaints twenty years previously, diagnosed with a cyst and operated for the same, suggesting a chronic parasitic infection."", ""The patient presented with vague right upper quadrant abdominal pain, which is a common presenting symptom of hepatic hydatid cyst."", ""The patient's cysts were found in the broad ligament of the uterus and the liver, which is consistent with the pattern of hepatic hydatid cysts."", ""The patient's cysts were described as causing splaying and displacement of the uterus, which is a characteristic finding in hepatic hydatid cysts."", ""The patient's cysts were described as causing mild proximal hydroureteronephrosis, which is a known complication of hepatic hydatid cysts.""]}"
PMC10581008_01,Soil-Transmitted Helminths,Amebiasis,Schistosomiasis | Melioidosis,high,0,0,46,166,20,"{""primary_diagnosis"": ""Amebiasis"", ""confidence"": ""high"", ""differential_diagnoses"": [""Schistosomiasis"", ""Melioidosis""], ""key_evidence"": [""The patient had a history of passing [MASK] worm one month back for which he was treated with oral [MASK] at the local health center."", ""The patient presented with right upper quadrant pain, nausea, and vomiting, which are common symptoms of amebiasis."", ""The abdominal ultrasound showed worms in the common bile duct, which is consistent with biliary ascariasis, a complication of amebiasis."", ""The patient's laboratory findings, including elevated liver enzymes and hyperbilirubinemia, are consistent with biliary obstruction and liver involvement, which can occur in amebiasis.""]}"
PMC10637728_01,Leishmaniasis,Melioidosis,Schistosomiasis | Talaromycosis,high,0,0,48,158,20,"{""primary_diagnosis"": ""Melioidosis"", ""confidence"": ""high"", ""differential_diagnoses"": [""Schistosomiasis"", ""Talaromycosis""], ""key_evidence"": [""The patient had a history of recurrent infections, which is a risk factor for melioidosis, especially given his consanguineous marriage."", ""The patient had a history of splenomegaly and pancytopenia, which can be seen in melioidosis. Additionally, the presence of leukocytosis and the presence of a CD4+ lymphocyte count below the normal range (154 cells/mm3) can be associated with melioidosis."", ""The patient had a history of daily fever, weight loss, and abdominal volume increase, which are common symptoms of melioidosis. The presence of splenomegaly and pancytopenia further supports this diagnosis."", ""The patient had a history of HIV test that was negative, which is consistent with melioidosis as it is not typically associated with HIV."", ""The patient had a history of HIV test that was negative, which is consistent with melioidosis as it is not typically associated with HIV."", ""The patient had a history of HIV test that was negative, which is consistent with melioidosis as it is not typically associated with HIV."", ""The patient had a history of HIV test that was negative, which is consistent with melioidosis as it is not typically associated with HIV.""]}"
PMC10637728_02,Leishmaniasis,Tuberculosis,Scrub Typhus | Melioidosis,high,0,0,40,132,20,"{""primary_diagnosis"": ""Tuberculosis"", ""confidence"": ""high"", ""differential_diagnoses"": [""Scrub Typhus"", ""Melioidosis""], ""key_evidence"": [""The patient had a history of travel to Minas Gerais, where Talaromyces marneffei is endemic."", ""The patient presented with fever, weight loss, and abdominal volume increase, which are common symptoms of disseminated tuberculosis."", ""The patient had thrombocytopenia, which is a hallmark manifestation of hemophagocytic lymphohistiocytosis, a condition triggered by disseminated tuberculosis."", ""The patient had a phenotype suggestive of Griscelli Syndrome, which is associated with familial hemophagocytic lymphohistiocytosis (FHL), a condition triggered by Leishmania infection, which can be secondary to disseminated tuberculosis."", ""The patient had a positive RAB27A mutation, which is associated with Griscelli Syndrome type II, a genetic disorder that can be secondary to disseminated tuberculosis."", ""The patient had a history of tuberculosis, as evidenced by the presence of pulmonary infiltrates and lymphadenopathy on chest CT and the presence of disseminated tuberculosis on bone marrow biopsy.""]}"
PMC10756375_01,Malaria,Malaria,Zika Virus | Leishmaniasis,high,1,1,42,146,20,"{""primary_diagnosis"": ""Malaria"", ""confidence"": ""high"", ""differential_diagnoses"": [""Zika Virus"", ""Leishmaniasis""], ""key_evidence"": [""The patient had a history of multiple episodes of malaria infection in childhood, which is consistent with the current presentation of severe thrombocytopenia and anemia."", ""The patient's laboratory findings included microcytic anemia, thrombocytopenia, and an increased level of bilirubin, which are consistent with severe malaria."", ""The patient's history of multiple malaria episodes and the presence of Plasmodium falciparum trophozoites in blood smears from previous hospitalizations support the diagnosis of malaria.""]}"
PMC10807272_01,Malaria,Melioidosis,Dengue | Leptospirosis,high,0,0,47,152,20,"{""primary_diagnosis"": ""Melioidosis"", ""confidence"": ""high"", ""differential_diagnoses"": [""Dengue"", ""Leptospirosis""], ""key_evidence"": [""The patient presented with a history of spontaneous epistaxis, abdominal distension, and mild pain, which are consistent with melioidosis. The patient also had a history of fever, headache, and jaundice, which are common symptoms of melioidosis."", ""The patient's laboratory findings, including pancytopenia and hepatosplenomegaly, are consistent with melioidosis. Additionally, the patient's history of fever and jaundice are also indicative of melioidosis."", ""The patient's history of fever, headache, and jaundice, along with the presence of hepatosplenomegaly, is also consistent with dengue and leptospirosis. However, the presence of epistaxis and abdominal distension is more suggestive of melioidosis.""]}"
PMC10830638_01,Echinococcosis,echinococcosis,hepatic tuberculosis | dengue haemorrhagic fever,high,1,1,43,147,20,"{""primary_diagnosis"": ""echinococcosis"", ""confidence"": ""high"", ""differential_diagnoses"": [""hepatic tuberculosis"", ""dengue haemorrhagic fever""], ""key_evidence"": [""A 6x6 cm cystic mass with calcification and heterogeneous density in the right hepatic lobe on abdominal sonography, suggesting echinococcosis."", ""Multiple well-defined hypoechoic masses with septations in the abdomen on abdominal ultrasonography, consistent with echinococcosis."", ""The patient's history of recurrent abdominal pain, jaundice, and ascites, which are common symptoms of echinococcosis.""]}"
PMC10876100_01,Dengue,Malaria,Dengue | Leptospirosis,high,0,1,40,155,17,"{""primary_diagnosis"": ""Malaria"", ""confidence"": ""high"", ""differential_diagnoses"": [""Dengue"", ""Leptospirosis""], ""key_evidence"": [""High-grade fever with chills and rigors, intermittent fever, and leukopenia (2,600 cells/mm3) and thrombocytopenia (38,000 cells/mm3) are consistent with malaria."", ""The patient had a history of type 2 diabetes mellitus, which can be an immunocompromised state, and the presence of leukopenia and thrombocytopenia are common in malaria."", ""The patient had a history of coronary heart disease, which can be a risk factor for severe malaria complications."", ""The patient had a history of recurrent fever, which is a common presentation in malaria."", ""The patient had a history of type 2 diabetes mellitus, which can be an immunocompromised state, and the presence of leukopenia and thrombocytopenia are common in malaria."", ""The patient had a history of recurrent fever, which is a common presentation in malaria."", ""The patient had a history of type 2 diabetes mellitus, which can be an immunocompromised state, and the presence of leukopenia and thrombocytopenia are common in malaria."", ""The patient had a history of recurrent fever, which is a common presentation in malaria."", ""The patient had a history of type 2 diabetes mellitus, which can be an immunocompromised state, and the presence of leukopenia and thrombocytopenia are common in malaria."", ""The patient had a history of recurrent fever, which is a common presentation in malaria.""]}"
PMC10876100_02,Dengue,Melioidosis,Tuberculosis | Leptospirosis,high,0,0,46,66,20,"{""primary_diagnosis"": ""Melioidosis"", ""confidence"": ""high"", ""differential_diagnoses"": [""Tuberculosis"", ""Leptospirosis""], ""key_evidence"": [""The patient had a history of poorly controlled diabetes mellitus, which is a significant predisposing risk factor for melioidosis."", ""The patient presented with fever, epigastric pain, and jaundice, which are common symptoms of melioidosis."", ""The patient's laboratory findings, including thrombocytopenia and elevated liver enzymes, are consistent with melioidosis.""]}"
PMC11090586_01,Tuberculosis,Tuberculosis,Leishmaniasis | Mycetoma,high,1,1,50,134,19,"{""primary_diagnosis"": ""Tuberculosis"", ""confidence"": ""high"", ""differential_diagnoses"": [""Leishmaniasis"", ""Mycetoma""], ""key_evidence"": [""The patient had a new onset of generalized tonic-clonic convulsion, which can be a complication of severe tuberculosis."", ""The patient had a history of HIV infection, which can predispose to opportunistic infections like tuberculosis."", ""The patient had a brain MRI showing an ill-defined enhancing meningeal-based lesion, which is consistent with tuberculous meningitis."", ""The patient had a history of HIV infection, which can predispose to opportunistic infections like tuberculosis."", ""The patient had a history of HIV infection, which can predispose to opportunistic infections like tuberculosis.""]}"
PMC11101932_01,Tuberculosis,Melioidosis,Pulmonary Paragonimiasis | Tuberculosis,high,0,1,44,94,20,"{""primary_diagnosis"": ""Melioidosis"", ""confidence"": ""high"", ""differential_diagnoses"": [""Pulmonary Paragonimiasis"", ""Tuberculosis""], ""key_evidence"": [""The patient had a history of pulmonary tuberculosis 12 years ago and was treated with 2HRZE/4HR for 6 months."", ""The patient presented with chest pain, chest wall pain, and pleuritic chest pain, which are consistent with pulmonary paragonimiasis and tuberculosis."", ""The patient had a history of pulmonary tuberculosis, which could have led to a chronic inflammatory response and pericardial effusion."", ""The patient had a history of pulmonary tuberculosis, which could have led to a chronic inflammatory response and pericardial effusion."", ""The patient had a history of pulmonary tuberculosis, which could have led to a chronic inflammatory response and pericardial effusion."", ""The patient had a history of pulmonary tuberculosis, which could have led to a chronic inflammatory response and pericardial effusion.""]}"
PMC11664150_01,Tuberculosis,Tuberculosis,Paracoccidioidomycosis | Melioidosis,high,1,1,44,117,20,"{""primary_diagnosis"": ""Tuberculosis"", ""confidence"": ""high"", ""differential_diagnoses"": [""Paracoccidioidomycosis"", ""Melioidosis""], ""key_evidence"": [""Histopathology of the cervical lymph node biopsy confirmed the diagnosis by visualizing typical Paracoccidioides fungal yeast cells."", ""Histopathology of the cervical lymph node biopsy confirmed the diagnosis by visualizing typical Paracoccidioides fungal yeast cells."", ""Histopathology of the cervical lymph node biopsy confirmed the diagnosis by visualizing typical Paracoccidioides fungal yeast cells.""]}"
PMC11753413_01,Soil-Transmitted Helminths,dengue fever,malaria | thrombotic thrombocytopenic purpura,high,0,0,50,152,16,"{""primary_diagnosis"": ""dengue fever"", ""confidence"": ""high"", ""differential_diagnoses"": [""malaria"", ""thrombotic thrombocytopenic purpura""], ""key_evidence"": [""The patient presented with intermittent high fever without obvious inducement, paroxysmal cough with sputum in the throat, and shortness of breath and irritability.""]}"
PMC11754819_01,Malaria,Scrub Typhus,Dengue | Leptospirosis,high,0,0,49,85,20,"{""primary_diagnosis"": ""Scrub Typhus"", ""confidence"": ""high"", ""differential_diagnoses"": [""Dengue"", ""Leptospirosis""], ""key_evidence"": [""The patient had a positive Scrub Typhus Ig M ELISA, which was a primary clinical manifestation of the disease."", ""The patient had bilateral infrascapular crepitations, which is a characteristic finding in Scrub Typhus."", ""The patient had a positive dengue IgM serology, which is a secondary finding and not the primary diagnosis.""]}"
PMC11760300_01,Echinococcosis,,,unknown,1,0,53,85,20,"{""error"": """", ""primary_diagnosis"": """", ""differential_diagnoses"": []}"
PMC11795047_01,Melioidosis,Tuberculosis,Melioidosis | Schistosomiasis,high,0,1,44,91,20,"{""primary_diagnosis"": ""Tuberculosis"", ""confidence"": ""high"", ""differential_diagnoses"": [""Melioidosis"", ""Schistosomiasis""], ""key_evidence"": [""The patient presented with a 5-week history of low-grade fever, progressive shortness of breath, and cough with productive sputum. He had received two courses of oral antibiotics for presumed community acquired pneumonia without any clinical response to treatment."", ""The patient had a history of heavy alcohol consumption and poorly controlled diabetes mellitus, which are risk factors for extrapulmonary tuberculosis, including osteoarticular tuberculosis."", ""The patient's clinical presentation included polyarthritis, joint swelling, and effusion, which are common manifestations of osteoarticular tuberculosis. The presence of multiple joint involvement, including elbow and ankle joints, supports this diagnosis."", ""The chest X-ray showed homogenous consolidation on the left side, and the high-resolution computed tomography (HRCT) of the thorax showed bilateral conglomerate masses, one with cavitation, associated with multiple sma... These findings are consistent with extrapulmonary tuberculosis, particularly osteoarticular tuberculosis."", ""The patient's history of chronic silicosis and previous tuberculosis infection further supports the diagnosis of extrapulmonary tuberculosis, including osteoarticular tuberculosis.""]}"
PMC12382973_01,Echinococcosis,Amebiasis,Schistosomiasis | Melioidosis,high,0,0,51,145,20,"{""primary_diagnosis"": ""Amebiasis"", ""confidence"": ""high"", ""differential_diagnoses"": [""Schistosomiasis"", ""Melioidosis""], ""key_evidence"": [""The patient presented with splenic cystic mass occupying nearly the entire spleen, which is a characteristic finding in amebic liver abscess (amebiasis)."", ""The imaging findings of a giant splenic cystic mass are consistent with a splenic abscess, which can be caused by amebiasis."", ""The patient's history of splenectomy and the presence of a giant splenic cystic mass suggest a post-splenectomy infection, which is a known complication of amebiasis.""]}"
PMC12508594_01,Echinococcosis,Tuberculosis,Paracoccidioidomycosis | Melioidosis,high,0,0,43,148,18,"{""primary_diagnosis"": ""Tuberculosis"", ""confidence"": ""high"", ""differential_diagnoses"": [""Paracoccidioidomycosis"", ""Melioidosis""], ""key_evidence"": [""Incidental pulmonary nodule identified during a cardiac CT angiogram, which resolved over several months."", ""Incidental pleural-based fusiform cystic lesion with significant growth and bony erosion, which resolved with [MASK] therapy."", ""Incidental bilateral pulmonary nodules with calcifications, which were initially attributed to tuberculosis and subsequently resolved."", ""Positive purified protein derivative (PPD) skin test, indicating a possible active tuberculosis infection."", ""Normal eosinophil count and IgE levels, which are typically elevated in conditions like Paracoccidioidomycosis and Melioidosis."", ""No history of fever, night sweats, or weight loss, which are common in tuberculosis but not in Paracoccidioidomycosis and Melioidosis.""]}"
PMC12544461_01,Tuberculosis,Scabies,Leprosy | Cutaneous Leishmaniasis,high,0,0,27,20,20,"{""primary_diagnosis"": ""Scabies"", ""confidence"": ""high"", ""differential_diagnoses"": [""Leprosy"", ""Cutaneous Leishmaniasis""], ""key_evidence"": [""The patient presented with bilateral cervical lymphadenopathy and multiple small abscesses within the lymph node upon microscopy, raising an initial suspicion of scabies."", ""The patient had a history of living in a cat-endemic area and had two cats for the past 2 years, which increased the likelihood of cat-scratch disease (CSD)."", ""The patient's biopsy revealed multiple small abscesses within the lymph node, which is consistent with scabies."", ""The patient's history of cat exposure and the positive Bartonella henselae test supported the diagnosis of CSD."", ""The patient's clinical presentation, including the presence of excoriations and crusted scabies lesions, was consistent with scabies."", ""The patient's history of living in a cat-endemic area and having two cats for the past 2 years increased the likelihood of cat-scratch disease (CSD).""]}"
PMC12554546_01,Amebiasis,Melioidosis,Tuberculosis | Paracoccidioidomycosis,high,0,0,44,168,16,"{""primary_diagnosis"": ""Melioidosis"", ""confidence"": ""high"", ""differential_diagnoses"": [""Tuberculosis"", ""Paracoccidioidomycosis""], ""key_evidence"": [""The patient presented with cyclic fevers (daily recurrent high-grade fevers occurring every evening for ten days with daytime defervescence), which is a characteristic feature of melioidosis."", ""Computed tomography scan of the chest and abdomen revealed multiple hypodense lesions containing acid-fast bacilli, which is indicative of disseminated tuberculosis."", ""The patient's history of living in a tropical region and the presence of severe abdominal pain, distension, and guarding are suggestive of echinococcosis.""]}"
PMC12705073_01,Paracoccidioidomycosis,Schistosomiasis,Dengue | Echinococcosis,high,0,0,22,20,20,"{""primary_diagnosis"": ""Schistosomiasis"", ""confidence"": ""high"", ""differential_diagnoses"": [""Dengue"", ""Echinococcosis""], ""key_evidence"": [""The patient presented with a history of weight loss, generalized lymphadenopathy, and abdominal pain, which are consistent with schistosomal infection."", ""Histopathological examination of the inguinal lymph nodes revealed chronic granulomatous lymphadenitis with numerous refringent, rounded structures of varying sizes within the histiocytes, which is characteristic of schistosomal granulomatous lymphadenitis."", ""The patient's clinical presentation, including the presence of lymphadenopathy and abdominal pain, is consistent with schistosomal infection, particularly schistosomiasis.""]}"
PMC12931996_01,Leprosy,Paracoccidioidomycosis,Echinococcosis | Mycetoma,high,0,0,47,128,20,"{""primary_diagnosis"": ""Paracoccidioidomycosis"", ""confidence"": ""high"", ""differential_diagnoses"": [""Echinococcosis"", ""Mycetoma""], ""key_evidence"": [""The patient's history of frequent international travel to Mexico, where he spent most of his time with local residents, attending barbecues, visiting bars, and eating local food."", ""The patient's presentation of erythematous plaques on his arms and trunk, which are characteristic of cutaneous lesions in paracoccidioidomycosis."", ""The patient's history of frequent international travel to Mexico, where he had a recent trip nine years prior, and his history of frequent exposure to local residents and activities."", ""The patient's history of frequent international travel to Mexico, where he had a recent trip nine years prior, and his history of frequent exposure to local residents and activities."", ""The patient's history of frequent international travel to Mexico, where he had a recent trip nine years prior, and his history of frequent exposure to local residents and activities.""]}"
PMC13141470_01,Tuberculosis,Laryngeal tuberculosis,Mycetoma | Paracoccidioidomycosis,high,1,1,43,67,20,"{""primary_diagnosis"": ""Laryngeal tuberculosis"", ""confidence"": ""high"", ""differential_diagnoses"": [""Mycetoma"", ""Paracoccidioidomycosis""], ""key_evidence"": [""Persistent hoarseness and dysphonia as primary clinical complaints."", ""Bilateral cervical lymphadenopathy, which is a systemic finding in laryngeal tuberculosis."", ""Histopathological analysis of epiglottic biopsies revealed extensive ulceration, severe chronic inflammation, fibrosis, and necrotic foci, with no evidence of malignancy, which is consistent with laryngeal tuberculosis."", ""Bilateral centrilobular micronodules, bronchiectasis, and intrathoracic lymphadenopathy on CT, which are characteristic findings in laryngeal tuberculosis."", ""Flexible bronchoscopy demonstrated a mamelonated, friable, erythematous supraglottic mass occupying the epiglottis and extending to both aryepiglottic folds, with preserved vocal cord mobility, which is consistent with laryngeal tuberculosis.""]}"
PMC2651114_01,Echinococcosis,Tuberculosis,Melioidosis | Paracoccidioidomycosis,high,0,0,49,154,20,"{""primary_diagnosis"": ""Tuberculosis"", ""confidence"": ""high"", ""differential_diagnoses"": [""Melioidosis"", ""Paracoccidioidomycosis""], ""key_evidence"": [""The patient had a history of receiving various medications including [MASK] treatment in Afghanistan, which is an endemic region for tuberculosis."", ""The patient presented with left hypochondrium pain, which can be a symptom of tuberculosis, especially in the context of a history of tuberculosis treatment."", ""The patient had a history of receiving various medications including [MASK] treatment in Afghanistan, which is an endemic region for tuberculosis.""]}"
PMC3035558_01,Melioidosis,Melioidosis,Leishmaniasis | Tuberculosis,high,1,1,48,125,20,"{""primary_diagnosis"": ""Melioidosis"", ""confidence"": ""high"", ""differential_diagnoses"": [""Leishmaniasis"", ""Tuberculosis""], ""key_evidence"": [""The patient had a history of working as a dishwasher in a restaurant, which is a risk factor for melioidosis."", ""Computed tomography scan showed splenic abscesses and multiple round hypodense abscesses in the liver, which are characteristic of melioidosis."", ""The patient developed multiple liver abscesses and abscesses in the prostate, which are consistent with disseminated melioidosis."", ""The patient's symptoms, including fever, abscesses, and necrotic lesions, are consistent with the clinical presentation of melioidosis.""]}"
PMC3090634_01,Leishmaniasis,Melioidosis,Tuberculosis | Leptospirosis,high,0,0,37,73,20,"{""primary_diagnosis"": ""Melioidosis"", ""confidence"": ""high"", ""differential_diagnoses"": [""Tuberculosis"", ""Leptospirosis""], ""key_evidence"": [""The patient presented with a history of chronic active hepatitis B, which can be a co-infection with Melioidosis, a tropical disease often associated with chronic liver disease."", ""The patient's presentation of chronic cough, weight loss, night sweats, and lymphadenopathy are consistent with Melioidosis, a disease that can present with a variety of symptoms including fever, cough, and lymphadenopathy."", ""The presence of hepatosplenomegaly and lymphadenopathy, along with the history of chronic hepatitis B, supports the consideration of Melioidosis as a differential diagnosis.""]}"
PMC3135015_01,Schistosomiasis,Melioidosis,Paracoccidioidomycosis | Echinococcosis,high,0,0,47,156,20,"{""primary_diagnosis"": ""Melioidosis"", ""confidence"": ""high"", ""differential_diagnoses"": [""Paracoccidioidomycosis"", ""Echinococcosis""], ""key_evidence"": [""The patient had a history of swimming in fresh water lakes in Senegal and Mali, which is a known risk factor for melioidosis."", ""Histopathological examination of the vulvar lesion revealed clusters of viable-appearing eggs in the dermis, which is consistent with echinococcosis."", ""The patient's vulvar lesion was painful and had a soft consistency, which is consistent with melioidosis.""]}"
PMC3628229_01,Tuberculosis,Melioidosis,Tuberculosis | Leprosy,high,0,1,39,83,20,"{""primary_diagnosis"": ""Melioidosis"", ""confidence"": ""high"", ""differential_diagnoses"": [""Tuberculosis"", ""Leprosy""], ""key_evidence"": [""The patient had persistent high-grade fever, which is a hallmark of melioidosis."", ""The patient had a history of ear discharge and lymphadenopathy, which can be seen in melioidosis, especially in the context of chronic infection."", ""The patient's presentation of miliary mottling on chest X-ray is consistent with disseminated melioidosis.""]}"
PMC3810313_01,Leishmaniasis,Scabies,Leprosy | Melioidosis,high,0,0,45,146,20,"{""primary_diagnosis"": ""Scabies"", ""confidence"": ""high"", ""differential_diagnoses"": [""Leprosy"", ""Melioidosis""], ""key_evidence"": [""The patient had mild arthralgias and myalgias, which are common symptoms of scabies."", ""The patient's presentation with widespread erythematous, crusted papules and nodules, and the lack of response to topical treatments, supports the differential diagnosis of scabies."", ""The patient's history of cutaneous adverse drug reaction and the presence of cutaneous abscesses, which can occur in scabies, further supports the diagnosis."", ""The patient's mild arthralgias and myalgias, which are not typically associated with leprosy, rule out leprosy."", ""The patient's history of cutaneous abscesses, which can occur in melioidosis, further supports the differential diagnosis of melioidosis.""]}"
PMC3982339_04,Tuberculosis,Tuberculosis,Paracoccidioidomycosis | Melioidosis,high,1,1,38,127,20,"{""primary_diagnosis"": ""Tuberculosis"", ""confidence"": ""high"", ""differential_diagnoses"": [""Paracoccidioidomycosis"", ""Melioidosis""], ""key_evidence"": [""Multiple diffuse consolidations and thin walled cystic lesions in upper and middle lobes on CT scan, suggestive of pulmonary tuberculosis."", ""The patient's presentation of respiratory distress, hypoxia, and multiple cystic lesions on CT scan, which are consistent with pulmonary tuberculosis."", ""The patient's history of immunosuppression due to diabetes mellitus type 2 and hidradenitis suppurativa, which can predispose to tuberculosis.""]}"
PMC4237689_01,Tuberculosis,tuberculous arthritis,polyarthritis | melioidosis,high,0,0,48,89,20,"{""primary_diagnosis"": ""tuberculous arthritis"", ""confidence"": ""high"", ""differential_diagnoses"": [""polyarthritis"", ""melioidosis""], ""key_evidence"": [""The patient presented with left hip joint swelling, pain, and abscess formation, which are consistent with tuberculous arthritis.""]}"
PMC4427073_01,Tuberculosis,Tuberculosis,Paracoccidioidomycosis | Neuromelioidosis,high,1,1,36,123,20,"{""primary_diagnosis"": ""Tuberculosis"", ""confidence"": ""high"", ""differential_diagnoses"": [""Paracoccidioidomycosis"", ""Neuromelioidosis""], ""key_evidence"": [""Prostatic tuberculosis was confirmed through histopathologic examination showing necrosis, granulomatous inflammation, and caseous necrosis."", ""The patient had a history of chronic ascites and pleural effusion, which can be associated with disseminated tuberculosis."", ""The patient's brain MRI showed multifocal enhancing foci suggestive of an infective process, which is consistent with disseminated tuberculosis.""]}"
PMC4703342_01,Leishmaniasis,Tuberculosis,Melioidosis | Leishmaniasis,high,0,1,37,154,18,"{""primary_diagnosis"": ""Tuberculosis"", ""confidence"": ""high"", ""differential_diagnoses"": [""Melioidosis"", ""Leishmaniasis""], ""key_evidence"": [""The patient had a history of kidney transplantation, which predisposed to tuberculosis."", ""The patient presented with fever, anemia, leukopenia, and parasitemia, which are common symptoms of tuberculosis."", ""The patient's immunosuppressive therapy following kidney transplantation increased vulnerability to tuberculosis."", ""Polymerase chain reaction confirmed the presence of Mycobacterium tuberculosis DNA."", ""The patient had a history of chronic hepatitis B, which can predispose to tuberculosis."", ""The patient's renal allograft dysfunction and chronic hemodialysis predisposed to tuberculosis."", ""The patient's immunosuppressive therapy following liver transplantation predisposed the patient to pancreatic tuberculosis.""]}"
PMC4703342_02,Leishmaniasis,Melioidosis,Paracoccidioidomycosis | Talaromycosis,high,0,0,45,156,19,"{""primary_diagnosis"": ""Melioidosis"", ""confidence"": ""high"", ""differential_diagnoses"": [""Paracoccidioidomycosis"", ""Talaromycosis""], ""key_evidence"": [""The patient presented with fever, hepatosplenomegaly, and pancytopenia. These symptoms are consistent with disseminated infection in the reticuloendothelial system caused by Talaromyces marneffei, which is the causative agent of talaromycosis."", ""The patient's history of travel to multiple countries and the presence of hepatosplenomegaly and pancytopenia are also consistent with melioidosis, a disease caused by Burkholderia pseudomallei, which can present with disseminated infection.""]}"
PMC4703342_03,Leishmaniasis,Tuberculosis,Leishmaniasis | Melioidosis,high,0,1,33,110,20,"{""primary_diagnosis"": ""Tuberculosis"", ""confidence"": ""high"", ""differential_diagnoses"": [""Leishmaniasis"", ""Melioidosis""], ""key_evidence"": [""Advanced HIV infection provided an immunosuppressed background for severe opportunistic pulmonary tuberculosis."", ""The patient had a history of HIV infection and was receiving HAART, which could predispose to opportunistic infections like tuberculosis."", ""The patient had a history of HIV infection and was receiving HAART, which could predispose to opportunistic infections like tuberculosis.""]}"
PMC4703342_04,Leishmaniasis,Scrub Typhus,Melioidosis | Leptospirosis,high,0,0,47,66,20,"{""primary_diagnosis"": ""Scrub Typhus"", ""confidence"": ""high"", ""differential_diagnoses"": [""Melioidosis"", ""Leptospirosis""], ""key_evidence"": [""The patient had a history of uncontrolled HIV infection, which can predispose to opportunistic infections such as scrub typhus."", ""The patient presented with fever, cough, and micro nodular shadowing on chest radiograph consistent with miliary TB, which is not typical for scrub typhus."", ""The patient's history of HIV infection and the presence of neutropenia, which can be a complication of scrub typhus, is consistent with the clinical presentation.""]}"
PMC4712770_01,Dengue,Malaria,Dengue | Zika Virus,high,0,1,42,84,20,"{""primary_diagnosis"": ""Malaria"", ""confidence"": ""high"", ""differential_diagnoses"": [""Dengue"", ""Zika Virus""], ""key_evidence"": [""The patient presented with a history of fever, myalgia, and arthralgia, which are common symptoms of malaria."", ""The patient had a history of polyhydramnios, which can be a complication of severe malaria during pregnancy."", ""The patient's blood count showed a profound thrombocytopenia, which is a common hematological manifestation of malaria."", ""The patient's history of polyhydramnios and the development of thrombocytopenia suggest a severe condition such as malaria."", ""The patient's positive IgM serology for Zika virus infection, though not the primary cause, supports the differential diagnosis of Zika virus infection as a possible concurrent condition.""]}"
PMC5392109_01,Leptospirosis,Tuberculosis,Melioidosis | Leptospirosis,high,0,1,30,20,20,"{""primary_diagnosis"": ""Tuberculosis"", ""confidence"": ""high"", ""differential_diagnoses"": [""Melioidosis"", ""Leptospirosis""], ""key_evidence"": [""The patient presented with fever, chills, nausea, vomiting, myalgia, nonproductive cough, and worsening dyspnea, which are consistent with pulmonary tuberculosis symptoms."", ""The patient had a history of freshwater swimming at National Park, which is a known risk factor for leptospirosis."", ""The patient's laboratory findings included neutrophil-predominant leukocytosis, thrombocytopenia, and elevated bilirubin levels, which are consistent with both tuberculosis and leptospirosis."", ""The patient's clinical presentation, including jaundice, conjunctival suffusions, and bilateral conjunctival suffusions, is consistent with leptospirosis.""]}"
PMC5516680_01,Schistosomiasis,Paracoccidioidomycosis,Schistosomiasis | Melioidosis,high,0,1,52,71,20,"{""primary_diagnosis"": ""Paracoccidioidomycosis"", ""confidence"": ""high"", ""differential_diagnoses"": [""Schistosomiasis"", ""Melioidosis""], ""key_evidence"": [""The patient had a history of travel to South African countries, which is a common endemic area for Paracoccidioidomycosis."", ""The patient presented with intermittent haematuria over the past 3 years, which is a common symptom of Paracoccidioidomycosis."", ""The patient's presentation includes a focal thickening of the wall of the urinary bladder in the fundic region, which is consistent with Paracoccidioidomycosis involving the urinary system."", ""The patient's renal ultrasonography showed dilatation of the renal calyces and pelvis on the left side, which is a finding consistent with Paracoccidioidomycosis.""]}"
PMC5813668_01,Leishmaniasis,Paracoccidioidomycosis,Melioidosis | Talaromycosis,high,0,0,43,102,20,"{""primary_diagnosis"": ""Paracoccidioidomycosis"", ""confidence"": ""high"", ""differential_diagnoses"": [""Melioidosis"", ""Talaromycosis""], ""key_evidence"": [""Multiple, disseminated and wet-looking skin lesions which were papular, crusted and severely ulcerated all over the left arm and hemithorax, with a history of lymphedema and opium smoking abuse."", ""Histopathological examination of the skin biopsy showed polymorphic cutaneous lesions including plaques and pustules, which is consistent with the clinical presentation of paracoccidioidomycosis."", ""The patient's lesions spread to his palm and all over the left finger nails, which is a rare manifestation of paracoccidioidomycosis."", ""The patient's history of opium smoking abuse and chronic obstructive pulmonary disease (COPD) is consistent with the risk factors for paracoccidioidomycosis.""]}"
PMC5968232_01,Soil-Transmitted Helminths,Paracoccidioidomycosis,Melioidosis | Schistosomiasis,high,0,0,44,162,20,"{""primary_diagnosis"": ""Paracoccidioidomycosis"", ""confidence"": ""high"", ""differential_diagnoses"": [""Melioidosis"", ""Schistosomiasis""], ""key_evidence"": [""The patient's history of frequent travel to the Philippines, a country with high prevalence of tuberculosis, and the presence of esophageal ulceration and fistula, which are consistent with paracoccidioidomycosis.""]}"
PMC6183218_01,Foodborne Trematodes,Melioidosis,Cholera | Tuberculosis,high,0,0,38,67,20,"{""primary_diagnosis"": ""Melioidosis"", ""confidence"": ""high"", ""differential_diagnoses"": [""Cholera"", ""Tuberculosis""], ""key_evidence"": [""Multiple heterogeneous hypoechoic masses of varying sizes located centrally in the right lobe of the liver, some with central necrosis and cavitation areas, consistent with hepatic eosinophilic pseudotumor, which is a known complication of Melioidosis."", ""The patient's history of breast carcinoma and the presence of multiple liver masses, which can be seen in Melioidosis, supports this diagnosis.""]}"
PMC6192136_01,Tuberculosis,Melioidosis,Tuberculosis | Leishmaniasis,high,0,1,50,124,20,"{""primary_diagnosis"": ""Melioidosis"", ""confidence"": ""high"", ""differential_diagnoses"": [""Tuberculosis"", ""Leishmaniasis""], ""key_evidence"": [""The patient presented with right-sided scrotal pain and swelling, followed by recurrence and necrotizing granulomatous inflammation with a questionable acid-fast bacillus staining organism in the pathology report."", ""Computed tomography scan showed lung nodules and hepatosplenic abscesses compatible with disseminated melioidosis."", ""The patient had a history of uncontrolled HIV infection, which predisposes to severe, disseminated melioidosis.""]}"
PMC6230409_01,Soil-Transmitted Helminths,Tuberculosis,Paracoccidioidomycosis | Leishmaniasis,high,0,0,44,147,20,"{""primary_diagnosis"": ""Tuberculosis"", ""confidence"": ""high"", ""differential_diagnoses"": [""Paracoccidioidomycosis"", ""Leishmaniasis""], ""key_evidence"": [""The patient had a history of HIV infection and was on antiretroviral therapy. The clinical presentation included fever, breathlessness, abdominal pain, vomiting, and weight loss, which are common symptoms of tuberculosis in immunocompromised patients."", ""The chest X-ray showed bilateral, extensive, and patchy consolidation, suggestive of an infectious etiology. The CT scan of the chest revealed bilateral ground glass haziness, which is consistent with Pneumocystis jirovecii pneumonia (PCP), an opportunistic infection often seen in immunocompromised patients."", ""The patient's HIV infection was uncontrolled, leading to severe immunosuppression, which predisposed to opportunistic infections such as tuberculosis.""]}"
PMC6598396_01,Tuberculosis,Tuberculosis,Mycetoma | Leprosy,high,1,1,49,166,20,"{""primary_diagnosis"": ""Tuberculosis"", ""confidence"": ""high"", ""differential_diagnoses"": [""Mycetoma"", ""Leprosy""], ""key_evidence"": [""The patient presented with fever, abdominal distension, and pleural effusion, which are common symptoms of disseminated tuberculosis."", ""The patient's pleural effusion analysis showed a high percentage of monocytes, which is consistent with tuberculosis pleural effusion."", ""The patient's history of recurrent respiratory infections and the presence of pleural effusion suggest a systemic infection, which is characteristic of disseminated tuberculosis.""]}"
PMC6598396_02,Tuberculosis,Tuberculosis,Leptospirosis | Melioidosis,high,1,1,46,63,20,"{""primary_diagnosis"": ""Tuberculosis"", ""confidence"": ""high"", ""differential_diagnoses"": [""Leptospirosis"", ""Melioidosis""], ""key_evidence"": [""The chest X-ray did not suggest pulmonary TB, but the sputum gene Xpert Mycobacterium tuberculosis (MTB)/RIF Ultra was positive for rifampicin-sensitive MTB."", ""Computed tomography of the chest revealed bilateral pulmonary infections and diffuse exudative lesions associated with severe leptospirosis."", ""The patient had a history of substance abuse and unbooked pregnancy and delivery, which are risk factors for tuberculosis.""]}"
PMC6713098_01,Melioidosis,pulmonary tuberculosis,cutaneous leishmaniasis | metagenomic nextgeneration sequencing,high,0,0,47,141,17,"{""primary_diagnosis"": ""pulmonary tuberculosis"", ""confidence"": ""high"", ""differential_diagnoses"": [""cutaneous leishmaniasis"", ""metagenomic nextgeneration sequencing""], ""key_evidence"": [""The patient presented with productive cough of green sputum and dyspnea, which are common symptoms of pulmonary tuberculosis. Additionally, the patient's history of diabetes and ischemic cardiomyopathy, along with the presence of multifocal pneumonia and bronchiectasis on chest radiograph, supports the possibility of pulmonary tuberculosis.""]}"
PMC6942725_01,Leptospirosis,Dengue,Leptospirosis | Melioidosis,high,0,1,38,80,20,"{""primary_diagnosis"": ""Dengue"", ""confidence"": ""high"", ""differential_diagnoses"": [""Leptospirosis"", ""Melioidosis""], ""key_evidence"": [""The patient had a 5-day history of fever with myalgia in calf muscles, jaundice, a purpuric rash on his feet, haematemesis, and anuria for 2 days."", ""Laboratory findings in the emergency ward were: haemoglobin 80 g/L, white blood cell count (WBC) 22 x 109 cells/L (neutrophils 90%), platelet count 13 x 109 cells/L, aspartate aminotransferase (AST) 174 IU/L, alanine aminotransferase (ALT) 110 IU/L, total bilirubin 28 mg/dL, international normalised ratio (INR) 2.7, serum creatinine 6 mg/dL, serum urea 106 mg/dL."", ""The patient had a 15-day history of fishing in rivers and had been bitten by a ferret in the 15 days preceding presentation.""]}"
PMC6942725_02,Leptospirosis,Melioidosis,Tuberculosis | Leishmaniasis,high,0,0,48,146,20,"{""primary_diagnosis"": ""Melioidosis"", ""confidence"": ""high"", ""differential_diagnoses"": [""Tuberculosis"", ""Leishmaniasis""], ""key_evidence"": [""The patient had a history of travel to India, a tropical region where melioidosis is endemic."", ""The patient presented with fever, chills, and altered level of consciousness, which are common symptoms of melioidosis."", ""The patient's laboratory findings, including elevated liver enzymes and renal failure, are consistent with melioidosis."", ""The patient's history of travel and the clinical presentation are consistent with melioidosis, a tropical disease that can present with fulminant organ failure."", ""The patient's initial blood cultures did not show any bacterial growth, which is consistent with a non-bacterial cause of the patient's symptoms, such as melioidosis."", ""The patient's liver function tests and serum ammonia level returned to normal after liver transplantation, which is a supportive finding for a non-bacterial cause of liver failure.""]}"
PMC7268139_01,Talaromycosis,Tuberculosis,Leprosy | Melioidosis,high,0,0,44,106,20,"{""primary_diagnosis"": ""Tuberculosis"", ""confidence"": ""high"", ""differential_diagnoses"": [""Leprosy"", ""Melioidosis""], ""key_evidence"": [""Multiple bilateral pulmonary nodules including tuberculous lesions as identified by chest CT scan."", ""Chronic cough lasting three months was a primary presenting symptom of pulmonary paracoccidioidomycosis."", ""Chest CT scan showed multiple bilateral pulmonary nodules and cavities in both lungs consistent with active pulmonary tuberculosis."", ""History of immunocompromised state since infancy, including several surgical treatments for suspected pleurisy and skin infection."", ""Histological examination revealed chronic granulomatous inflammation in the dorsal segment of RLL and the group 7 lymph node, which is consistent with tuberculosis."", ""Loss-of-function mutation in the gene STAT3, which is associated with congenital immunodeficiency and could explain the patient's immunocompromised state.""]}"
PMC7749933_01,Neurocysticercosis,Melioidosis,Tuberculosis | Leishmaniasis,high,0,0,42,62,20,"{""primary_diagnosis"": ""Melioidosis"", ""confidence"": ""high"", ""differential_diagnoses"": [""Tuberculosis"", ""Leishmaniasis""], ""key_evidence"": [""The patient presented with chronic severe headaches, progressive deterioration of 6 months in visual acuity, and bitemporal hemianopia, which are consistent with mass effect from a suprasellar mass lesion, such as a pituitary apoplexy or a sellar mass lesion."", ""The MRI showed a cystic image in the sellar and suprasellar region, which could be a sellar mass lesion, such as a pituitary apoplexy or a cerebral hydatid cyst."", ""The patient underwent a supraorbital transciliar keyhole approach, which is a surgical procedure often performed for pituitary apoplexy or a sellar mass lesion."", ""The patient's visual impairment and bitemporal hemianopia are consistent with mass effect on the optic chiasm, which can be caused by a pituitary apoplexy or a sellar mass lesion.""]}"
PMC8060098_01,Tuberculosis,Melioidosis,Leptospirosis | Tuberculosis,high,0,1,45,97,20,"{""primary_diagnosis"": ""Melioidosis"", ""confidence"": ""high"", ""differential_diagnoses"": [""Leptospirosis"", ""Tuberculosis""], ""key_evidence"": [""The patient had a 2-week history of cough with expectoration and high-grade fever, which is consistent with the clinical presentation of melioidosis. The patient's laboratory profile showed elevated creatinine levels and proteinuria, which are common in severe melioidosis."", ""The chest X-ray showed dense homogenous opacity in the right upper zone area of the lung, which is a radiological finding consistent with pulmonary melioidosis."", ""The renal biopsy showed nonproliferative glomerulopathy, which is a characteristic finding in severe melioidosis."", ""The patient developed sudden onset swelling over the body, which is a known complication of severe melioidosis.""]}"
PMC9161195_01,Tuberculosis,Malaria,Schistosomiasis | Tuberculosis,high,0,1,41,63,20,"{""primary_diagnosis"": ""Malaria"", ""confidence"": ""high"", ""differential_diagnoses"": [""Schistosomiasis"", ""Tuberculosis""], ""key_evidence"": [""The patient presented with a high-grade fever of 9 days' duration, vomiting, abdominal pain, headache, watery, non-mucous, non-bloody diarrhoea, and a sore throat with difficulty in swallowing, and difficulty in swallowing, of 2 days' duration."", ""The patient was a known case of hypertension and dyslipidemia, and the physical examination revealed axillary temperature of 38 centigrade and a diffuse crackle in lung auscultation."", ""Laboratory investigations indicated lymphocytopenia with the absolute count of 900 (30%) lymphocytes, and 1900 (65%) neutrophils, and elevated ESR and CRP."", ""The patient's clinical presentation, including fever, cough, dyspnea, and the presence of lymphocytopenia, is consistent with a malaria infection, especially given the patient's history and the presence of a suspected [MASK] cavity on HRCT and positive [MASK] test.""]}"
PMC9196837_01,Tuberculosis,Melioidosis,Tuberculosis | Mycetoma,high,0,1,27,20,20,"{""primary_diagnosis"": ""Melioidosis"", ""confidence"": ""high"", ""differential_diagnoses"": [""Tuberculosis"", ""Mycetoma""], ""key_evidence"": [""The patient had a history of rheumatoid arthritis and AS, which can predispose to disseminated tuberculosis and mycetoma."", ""The patient presented with productive cough, chest pain, and pleural effusion, which are common in both Melioidosis and Tuberculosis."", ""The chest CT showed bilateral exudative lesions in the lungs, which is consistent with both Melioidosis and Tuberculosis."", ""The patient's history of rheumatoid arthritis and AS can lead to disseminated tuberculosis, which is a known complication."", ""The patient's presentation of productive cough, chest pain, and pleural effusion is consistent with both Melioidosis and Tuberculosis.""]}"
PMC9375718_01,Echinococcosis,Schistosomiasis,Mycetoma | Leprosy,high,0,0,53,79,20,"{""primary_diagnosis"": ""Schistosomiasis"", ""confidence"": ""high"", ""differential_diagnoses"": [""Mycetoma"", ""Leprosy""], ""key_evidence"": [""The patient presented with a mass in her right thigh which was present for ten years, and multiple cysts were found in the right lobe of the liver. Schistosomiasis is known to cause cystic lesions in the liver and can present with a history of chronic inflammatory or parasitic infection in the affected area."", ""The patient underwent surgery for a mass in her right thigh and had multiple cysts in her liver. Schistosomiasis is a parasitic disease that can cause hepatic cysts and can be confirmed through histopathologic examination of the resected specimen."", ""The patient's liver mass and cysts are consistent with the hepatic manifestations of schistosomiasis, which can lead to cystic changes in the liver parenchyma.""]}"
PMC9386617_01,Dengue,Melioidosis,Schistosomiasis | Tuberculosis,high,0,0,41,39,20,"{""primary_diagnosis"": ""Melioidosis"", ""confidence"": ""high"", ""differential_diagnoses"": [""Schistosomiasis"", ""Tuberculosis""], ""key_evidence"": [""The patient had a history of living in Hainan Province, China, which is an endemic focus for melioidosis in China."", ""The patient presented with persistent fever, which is a primary clinical manifestation of melioidosis, and also had a history of living in endemic areas for melioidosis.""]}"
PMC9724124_01,Echinococcosis,Echinococcosis,Schistosomiasis | Malaria,high,1,1,43,80,20,"{""primary_diagnosis"": ""Echinococcosis"", ""confidence"": ""high"", ""differential_diagnoses"": [""Schistosomiasis"", ""Malaria""], ""key_evidence"": [""The patient had extensive echinococcosis disease in her abdomen, which is a zoonosis caused by parasites of the Taenia species of the Taeniidae family of cestodes."", ""The patient presented with a draining sinus over her left hip for the last five months, which is a symptom of echinococcosis."", ""The CT images demonstrated the entire left hemipelvis which was replaced by a large cystic mass, which is a characteristic finding in echinococcosis."", ""The patient's history of laparotomy for extensive echinococcosis disease in her abdomen and the presence of echinococcal cysts in the pelvis are consistent with the diagnosis of echinococcosis.""]}"
PMC9761204_01,Tuberculosis,Melioidosis,Cholera | Tuberculosis,high,0,1,49,133,18,"{""primary_diagnosis"": ""Melioidosis"", ""confidence"": ""high"", ""differential_diagnoses"": [""Cholera"", ""Tuberculosis""], ""key_evidence"": [""The patient had a history of tuberculosis, which was previously misdiagnosed and treated as pulmonary tuberculosis."", ""The patient had multiple comorbidities including untreated chronic hepatitis B, type 2 diabetes, diabetic retinopathy, and osteoarthritis of the right knee."", ""The patient developed multiple organ involvement including pulmonary, splenic, and peritoneal tuberculosis, which is consistent with disseminated melioidosis.""]}"
PMC10162717_01,Leishmaniasis,Leishmaniasis,Paracoccidioidomycosis | Tuberculosis,high,1,1,52,92,20,"{""primary_diagnosis"": ""Leishmaniasis"", ""confidence"": ""high"", ""differential_diagnoses"": [""Paracoccidioidomycosis"", ""Tuberculosis""], ""key_evidence"": [""The patient presented with a large nodular lesion in the forehead, which is consistent with cutaneous leishmaniasis. The presence of Leishmania amastigotes in the punch biopsy was noted, which is characteristic of cutaneous leishmaniasis."", ""The patient's history of lymphoma and the presence of nodular eruptions, cutaneous lesions, and the presence of Leishmania amastigotes in the biopsy are consistent with cutaneous leishmaniasis."", ""The patient's history of lymphoma and the presence of nodular eruptions, cutaneous lesions, and the presence of Leishmania amastigotes in the biopsy are consistent with cutaneous leishmaniasis.""]}"
PMC10374365_01,Malaria,Melioidosis,Paracoccidioidomycosis | Tuberculosis,high,0,0,45,158,20,"{""primary_diagnosis"": ""Melioidosis"", ""confidence"": ""high"", ""differential_diagnoses"": [""Paracoccidioidomycosis"", ""Tuberculosis""], ""key_evidence"": [""The patient had a history of fever, chills, and vomiting, which are common symptoms of melioidosis. The presence of jaundice, which is a known complication of melioidosis, was also noted."", ""The patient's presentation of fever, chills, vomiting, and jaundice, along with the absence of other tropical diseases like malaria, dengue, or scrub typhus, supports the diagnosis of melioidosis. The absence of other tropical diseases and the presence of a history of travel to Liberia and Syria also supports this diagnosis."", ""The patient's history of travel to Liberia and Syria, coupled with the absence of other tropical diseases, supports the diagnosis of melioidosis. The clinical presentation of fever, chills, vomiting, and jaundice is consistent with melioidosis, which is endemic in the regions the patient visited.""]}"
PMC10460097_01,Tuberculosis,Tuberculosis,Schistosomiasis | Melioidosis,high,1,1,45,172,20,"{""primary_diagnosis"": ""Tuberculosis"", ""confidence"": ""high"", ""differential_diagnoses"": [""Schistosomiasis"", ""Melioidosis""], ""key_evidence"": [""The patient had a history of chronic alcoholism, which is a risk factor for tuberculosis."", ""The patient had a history of dark-colored stools, which can be a sign of intestinal tuberculosis."", ""The patient had a history of abdominal pain, which can be a primary symptom of tuberculosis, especially in the context of chronic alcoholism."", ""The patient had a history of dark-colored stools, which can be a sign of intestinal tuberculosis."", ""The patient had a history of dark-colored stools, which can be a sign of intestinal tuberculosis."", ""The patient had a history of dark-colored stools, which can be a sign of intestinal tuberculosis."", ""The patient had a history of dark-colored stools, which can be a sign of intestinal tuberculosis.""]}"
PMC10540695_01,Tuberculosis,,,unknown,1,0,50,139,18,"{""error"": """", ""primary_diagnosis"": """", ""differential_diagnoses"": []}"
PMC10569653_01,Melioidosis,Melioidosis,Leishmaniasis | Malaria,high,1,1,50,92,20,"{""primary_diagnosis"": ""Melioidosis"", ""confidence"": ""high"", ""differential_diagnoses"": [""Leishmaniasis"", ""Malaria""], ""key_evidence"": [""The patient had a history of intermittent high-grade fever associated with chills and generalized body pain for 45 days, which is consistent with the symptoms of melioidosis."", ""The patient's laboratory findings included raised serum ferritin levels (1619 microg l-1) and normal liver function, which can be seen in melioidosis."", ""The patient's bone marrow biopsy showed reduced normoblastic maturation of all lineages, presence of haemophagocytes, and normal granulopoiesis, which is consistent with the bone marrow findings in melioidosis."", ""The patient's history of a 22-week intrauterine gestation and the presence of splenomegaly, haemophagocytes in bone marrow, and raised serum ferritin levels are consistent with the hematological findings in melioidosis.""]}"
PMC10643883_01,Tuberculosis,Tuberculosis,Paracoccidioidomycosis | Melioidosis,high,1,1,35,108,20,"{""primary_diagnosis"": ""Tuberculosis"", ""confidence"": ""high"", ""differential_diagnoses"": [""Paracoccidioidomycosis"", ""Melioidosis""], ""key_evidence"": [""The patient had a history of fever, weight loss, and joint pain, which are common symptoms of tuberculosis."", ""The patient's lymph node biopsy showed epithelioid cells between the reticular fibres, which is consistent with chronic lymphadenitis and could be a manifestation of tuberculosis."", ""The patient's history of systemic lupus erythematosus and its immunosuppressive management predisposed the patient to opportunistic talaromycosis, which is a form of cutaneous tuberculosis."", ""The patient's skin biopsy showed features consistent with systemic lupus erythematosus, which could be a manifestation of tuberculosis in the context of immunosuppression.""]}"
PMC10805995_01,Dengue,Schistosomiasis,Neurocysticercosis | Tuberculosis,high,0,0,54,108,20,"{""primary_diagnosis"": ""Schistosomiasis"", ""confidence"": ""high"", ""differential_diagnoses"": [""Neurocysticercosis"", ""Tuberculosis""], ""key_evidence"": [""MRI dorsal spine showed mild disc bulge at L4/5 and L5/S1 levels, mild bilateral neural foraminal stenosis without major neural impairment, and lumbar spondylosis-like characteristics."", ""The patient presented with bilateral lower limb weakness, reduced vibration and joint position sensation in chest, abdomen and bilateral lower limbs below T2 level, and spinal tuberculosis with vertebral destruction and epidural granulomas resulted in severe lower limb weakness.""]}"
PMC10823322_01,Neurocysticercosis,Neurocysticercosis,Schistosomiasis | Malaria,high,1,1,49,163,20,"{""primary_diagnosis"": ""Neurocysticercosis"", ""confidence"": ""high"", ""differential_diagnoses"": [""Schistosomiasis"", ""Malaria""], ""key_evidence"": [""The patient had a frontal syndrome with dysexecutive syndrome, decrease in verbal fluency, programming dysfunction, disinhibition, grasping, urinary incontinence, his Frontal Assessment Battery (FAB) was 10/17."", ""The patient had a progressive walking difficulty evolving for more than 5 months, aggravated since 3 months. He walks with small steps, hesitating, as if he didn't know how to move forward by taking one step after the other."", ""The patient had a frontal brain lesion triggered focal myoclonic jerks and loss of consciousness."", ""The patient had a subcutaneous nodule in the left temporal muscle, about 0.5 cm, not painful, firm to palpation, mobile and the aspect of the overlying skin is healthy."", ""The patient had a frontal syndrome with dysexecutive syndrome, decrease in verbal fluency, programming dysfunction, disinhibition, grasping, urinary incontinence, his Frontal Assessment Battery (FAB) was 10/17.""]}"
PMC10858631_01,Tuberculosis,scrub typhus,dengue | malaria,high,0,0,48,112,19,"{""primary_diagnosis"": ""scrub typhus"", ""confidence"": ""high"", ""differential_diagnoses"": [""dengue"", ""malaria""], ""key_evidence"": [""The patient had a recent trip to the Ivory Coast, a region where scrub typhus is endemic.""]}"
PMC10870101_01,Dengue|Leptospirosis,Tuberculosis,Leishmaniasis | Melioidosis,high,0,0,41,100,20,"{""primary_diagnosis"": ""Tuberculosis"", ""confidence"": ""high"", ""differential_diagnoses"": [""Leishmaniasis"", ""Melioidosis""], ""key_evidence"": [""The patient presented with fever, altered sensorium, and respiratory failure, which are common manifestations of tuberculosis. The MRI of the brain showed viral encephalitis changes, which is consistent with a viral etiology, but the MRI also revealed bilateral pleural effusion and ground-glass opacities in the lungs, suggestive of pulmonary edema, which is more consistent with a bacterial infection like tuberculosis."", ""The patient's history of lethargy, irritability, and movement of all four limbs, along with the presence of subcutaneous edema and bullae, could be indicative of leishmaniasis. However, the presence of fever and respiratory failure is more consistent with tuberculosis."", ""Melioidosis can cause fever, altered sensorium, and respiratory failure, but the presence of pleural effusion and ground-glass opacities in the lungs is more suggestive of a bacterial infection like tuberculosis.""]}"
PMC10995331_01,Dengue,Scrub Typhus,Dengue | Malaria,high,0,1,50,81,20,"{""primary_diagnosis"": ""Scrub Typhus"", ""confidence"": ""high"", ""differential_diagnoses"": [""Dengue"", ""Malaria""], ""key_evidence"": [""The patient presented with sudden onset blurred vision OS on PSO 10, which is consistent with the clinical presentation of scrub typhus-associated optic neuritis."", ""The patient's history of optic neuritis more than 10 years ago, along with the development of new central scotoma OS, is consistent with the development of secondary optic neuritis in scrub typhus."", ""The patient's white blood cell count of 7,600/mul and platelet count of 272,000 cells/L on PSO 11, which is within the normal range for scrub typhus but could be indicative of secondary infection or inflammation."", ""The patient's history of type 2 diabetes mellitus, hypertension, and hypertriglyceridemia, along with the absence of HIV and syphilis, is consistent with the systemic manifestations of scrub typhus.""]}"
PMC12396908_01,Leishmaniasis,paracoccidioidomycosis,cutaneous leishmaniasis | talaromycosis,high,0,1,46,83,20,"{""primary_diagnosis"": ""paracoccidioidomycosis"", ""confidence"": ""high"", ""differential_diagnoses"": [""cutaneous leishmaniasis"", ""talaromycosis""], ""key_evidence"": [""The patient presented with recurrent ulcerated lesions located on the lip frenulum, gingiva, nasal septum, and back, which are characteristic of paracoccidioidomycosis.""]}"
PMC13171480_01,Echinococcosis,Echinococcosis,Paracoccidioidomycosis | Melioidosis,high,1,1,40,112,20,"{""primary_diagnosis"": ""Echinococcosis"", ""confidence"": ""high"", ""differential_diagnoses"": [""Paracoccidioidomycosis"", ""Melioidosis""], ""key_evidence"": [""The patient had a history of splenectomy for a cyst 14 years ago, which is a risk factor for echinococcosis."", ""The chest CT scan revealed a multilocular cystic lesion with a thick wall in the apico-posterior segment of the left lung, which is characteristic of echinococcosis."", ""The patient's chest X-ray showed a lesion in the upper zone of the left lung adjacent to the thoracic wall, which could be indicative of echinococcosis."", ""The patient's history of splenectomy and the presence of a cystic lesion in the lung are consistent with echinococcosis.""]}"
PMC3025967_01,Leptospirosis,Melioidosis,Dengue | Leptospirosis,high,0,1,46,102,20,"{""primary_diagnosis"": ""Melioidosis"", ""confidence"": ""high"", ""differential_diagnoses"": [""Dengue"", ""Leptospirosis""], ""key_evidence"": [""The patient had a history of severe bilateral calf pain, which is a common symptom of melioidosis."", ""The patient had a history of fever, myalgias, and jaundice, which are consistent with melioidosis, especially in the context of his occupational exposure to construction work and his history of alcohol use."", ""The patient's laboratory findings, including elevated transaminases, bilirubin, and thrombocytopenia, are consistent with acute liver failure, which can occur in melioidosis.""]}"
PMC3350145_01,Echinococcosis,Echinococcosis,Schistosomiasis | Melioidosis,high,1,1,39,87,20,"{""primary_diagnosis"": ""Echinococcosis"", ""confidence"": ""high"", ""differential_diagnoses"": [""Schistosomiasis"", ""Melioidosis""], ""key_evidence"": [""The patient presented with a large, smooth, symmetrical mass lying anterior to the rectum, which is consistent with a pelvic hydatid cyst."", ""The ultrasonography and CECT revealed a large hypoechoic mass with echogenic septations in the pelvis posterior to the urinary bladder, which is characteristic of echinococcal cysts."", ""The patient's history of intermittent passage of small, white, balloon-like, grape-sized structures in the urine is consistent with hydatid cysts, which are a manifestation of echinococcosis.""]}"
PMC3497843_01,Tuberculosis,Tuberculosis,Leishmaniasis | Melioidosis,high,1,1,47,64,20,"{""primary_diagnosis"": ""Tuberculosis"", ""confidence"": ""high"", ""differential_diagnoses"": [""Leishmaniasis"", ""Melioidosis""], ""key_evidence"": [""Pelvic tuberculosis presented as an 8 x 8 x 7 cm pelvic mass simulating ovarian cancer."", ""Pelvic tuberculosis was anatomically located in the uterus."", ""Pelvic MRI confirmed the multiloculated cystic nature and fluid-fluid levels of the ovarian mass."", ""The cystic mass was located within the pelvis."", ""The cystic mass was located within the pelvis."", ""The cystic mass was located within the pelvis.""]}"
PMC3716246_01,Schistosomiasis,Tuberculosis,Melioidosis | Schistosomiasis,high,0,1,43,140,20,"{""primary_diagnosis"": ""Tuberculosis"", ""confidence"": ""high"", ""differential_diagnoses"": [""Melioidosis"", ""Schistosomiasis""], ""key_evidence"": [""The patient presented with a 12-month history of colicky left loin pain, which is a classic symptom of extrapulmonary tuberculosis, particularly in the context of a rural background and exposure to contaminated water sources."", ""The patient's history of recurrent fever, which was not responding to standard broad-spectrum antibiotics, is a key clinical manifestation of tuberculosis."", ""The patient's renal ultrasonography showed dilatation of the renal calyces and pelvis on the left side, which is consistent with renal tuberculosis."", ""The patient's positive tuberculin skin test with an induration of 13 mm supports the diagnosis of tuberculosis."", ""The patient's history of exposure to shallow streams in a rural area of Nigeria, where he grew up, is a significant epidemiological risk factor for tuberculosis.""]}"
PMC3952392_01,Melioidosis,Melioidosis,Tuberculosis | Malaria,high,1,1,48,64,20,"{""primary_diagnosis"": ""Melioidosis"", ""confidence"": ""high"", ""differential_diagnoses"": [""Tuberculosis"", ""Malaria""], ""key_evidence"": [""The patient's history of emigration from India and recent travel to India 2 years ago, combined with the development of symptoms such as fever, chills, dysuria, and decreased appetite over a 3-week period.""]}"
PMC4009261_01,Tuberculosis,Tuberculosis,Schistosomiasis | Melioidosis,high,1,1,38,153,20,"{""primary_diagnosis"": ""Tuberculosis"", ""confidence"": ""high"", ""differential_diagnoses"": [""Schistosomiasis"", ""Melioidosis""], ""key_evidence"": [""The patient had a history of chronic progressive abdominal pain, which is a common presenting symptom of various forms of tuberculosis, including pancreatic tuberculosis."", ""The presence of enlarged lymph nodes and persistent common bile duct and pancreatic duct dilatation, which can be seen in tuberculosis, particularly in the context of disseminated or localized forms."", ""The patient's presentation of jaundice and abdominal pain, which can be associated with pancreatic tuberculosis, a form of tuberculosis that can affect the pancreas and lead to pancreatic mass and lymphadenopathy.""]}"
PMC4085278_01,Tuberculosis,Melioidosis,Tuberculosis | Malaria,high,0,1,41,155,16,"{""primary_diagnosis"": ""Melioidosis"", ""confidence"": ""high"", ""differential_diagnoses"": [""Tuberculosis"", ""Malaria""], ""key_evidence"": [""The patient had a history of exposure to [MASK] in an affected classmate decades ago, which is a risk factor for melioidosis."", ""The patient developed fever, hypereosinophilia, and multiple pulmonary nodules, which are common in melioidosis."", ""The patient's clinical presentation, including the presence of pulmonary nodules and hypereosinophilia, is consistent with melioidosis.""]}"
PMC4138670_01,Malaria,Melioidosis,Schistosomiasis | Tuberculosis,high,0,0,44,60,20,"{""primary_diagnosis"": ""Melioidosis"", ""confidence"": ""high"", ""differential_diagnoses"": [""Schistosomiasis"", ""Tuberculosis""], ""key_evidence"": [""The patient had a history of travel to Pakistan, which is an endemic area for Melioidosis."", ""The patient presented with fever, dark urine, and hematuria, which are common symptoms of Melioidosis."", ""The patient's laboratory findings, including elevated creatinine and bilirubin levels, are consistent with renal involvement seen in Melioidosis."", ""The patient's history of previously hospitalized with a diagnosis of infection and receiving oral antibiotics, followed by worsening symptoms, is consistent with a chronic or relapsing infection such as Melioidosis.""]}"
PMC4317211_01,Tuberculosis,Tuberculosis,Melioidosis | Leishmaniasis,high,1,1,45,120,20,"{""primary_diagnosis"": ""Tuberculosis"", ""confidence"": ""high"", ""differential_diagnoses"": [""Melioidosis"", ""Leishmaniasis""], ""key_evidence"": [""The patient had a history of pulmonary tuberculosis thirty years back and had taken a full course of antitubercular drugs."", ""The patient had a history of unintentional weight loss, anorexia, and low-grade fever, which are common symptoms of disseminated tuberculosis."", ""The patient had a large heterogeneously hypoechoic lesion with internal echoes in the segment six of liver suggestive of abscess, which is consistent with tuberculous pyomyositis."", ""The patient had a history of pulmonary tuberculosis and had taken antitubercular therapy, which is consistent with the current presentation of a liver abscess."", ""The patient's liver function tests showed elevated levels of alkaline phosphatase and aspartate aminotransferase, which can be seen in disseminated tuberculosis."", ""The patient's clinical presentation, including the history of pulmonary tuberculosis and the presence of a liver abscess, is consistent with disseminated tuberculosis.""]}"
PMC4374194_01,Scrub Typhus,Leptospirosis,Melioidosis | Tuberculosis,high,0,0,47,62,20,"{""primary_diagnosis"": ""Leptospirosis"", ""confidence"": ""high"", ""differential_diagnoses"": [""Melioidosis"", ""Tuberculosis""], ""key_evidence"": [""The patient developed fever and rash 3 days prior to presentation, which is consistent with leptospirosis. The MRI brain findings of micro-hemorrhages in the corpus callosum and centrum semiovale region are consistent with severe leptospirosis, where hemorrhagic complications can occur."", ""The patient's presentation with fever, rash, and neurological symptoms, including micro-hemorrhages on MRI, is consistent with leptospirosis. The absence of other typical leptospirosis findings such as jaundice or renal failure supports this diagnosis."", ""The MRI findings of micro-hemorrhages in the corpus callosum and centrum semiovale region are also consistent with other hemorrhagic complications such as melioidosis and tuberculosis, but the absence of other typical findings such as pulmonary hemorrhage or tuberculous meningitis further supports leptospirosis.""]}"
PMC4531579_01,Tuberculosis,Tuberculosis,Melioidosis | Leishmaniasis,high,1,1,43,104,19,"{""primary_diagnosis"": ""Tuberculosis"", ""confidence"": ""high"", ""differential_diagnoses"": [""Melioidosis"", ""Leishmaniasis""], ""key_evidence"": [""Multiple yellowish plaque lesions from the rectum to the sigmoid colon on sigmoidoscopy, suggestive of pulmonary tuberculosis."", ""Persistent fever for two months, which is a prominent clinical manifestation of disseminated extrapulmonary tuberculosis."", ""The patient's response to initial antitubercular therapy was poor, leading to further investigation and the need for a multidrug regimen."", ""The patient's history of intermittent bloody, mucoid, jelly-like diarrhea and lower abdominal pain, which can be associated with pulmonary or extrapulmonary tuberculosis."", ""The patient's chest X-ray showing no significant change, which is consistent with the progression of tuberculosis.""]}"
PMC4532025_01,Tuberculosis,Tuberculosis,Leishmaniasis | Melioidosis,high,1,1,42,143,20,"{""primary_diagnosis"": ""Tuberculosis"", ""confidence"": ""high"", ""differential_diagnoses"": [""Leishmaniasis"", ""Melioidosis""], ""key_evidence"": [""The patient presented with a 2-month history of productive cough with whitish mucoid sputum and exertional dyspnea, which is a classic presentation of pulmonary tuberculosis."", ""The chest X-ray showed diffuse scattered, ill-defined nodules in both lung fields and patchy and confluent infiltrates in both upper lungs, which is characteristic of miliary tuberculosis seen in disseminated extrapulmonary tuberculosis."", ""The patient had generalized lymphadenopathy, including cervical lymphadenopathy, which is a common finding in tuberculosis."", ""The patient's laboratory findings, including the presence of atypical lymphocytes and the presence of proteinuria, are consistent with tuberculous nephritis."", ""The patient's clinical presentation, including the presence of fever, cough, and lymphadenopathy, is consistent with tuberculosis.""]}"
PMC4712429_01,Echinococcosis,Schistosomiasis,Amebiasis | Tuberculosis,high,0,0,50,165,20,"{""primary_diagnosis"": ""Schistosomiasis"", ""confidence"": ""high"", ""differential_diagnoses"": [""Amebiasis"", ""Tuberculosis""], ""key_evidence"": [""The patient presented with a cystic mass of the liver that was incidentally detected on abdominal ultrasound. The mass showed a 9.5 x 9.5 x 8.5 cm-sized yellowish unilocular cyst containing several variable-sized cysts."", ""The patient had a history of being an immigrant worker for 4 years, which is a risk factor for schistosomiasis."", ""The patient's liver mass was described as a yellowish unilocular cyst, which is consistent with a hepatic cystic lesion seen in schistosomiasis."", ""The patient's history of living in a region where schistosomiasis is endemic, combined with the liver mass, supports the diagnosis of schistosomiasis.""]}"
PMC5176231_01,Zika Virus,Zika virus,Malaria | Chikungunya,high,1,1,30,20,20,"{""primary_diagnosis"": ""Zika virus"", ""confidence"": ""high"", ""differential_diagnoses"": [""Malaria"", ""Chikungunya""], ""key_evidence"": [""The patient had a severe retro-orbital headache, arthralgia, myalgia, and high fevers, followed by a pruritic maculopapular rash."", ""The patient had a history of travel to Rio de Janeiro, Brazil, and the clinical presentation is consistent with Zika virus infection."", ""The patient's partner was planning to conceive and was not tested for Zika virus, indicating a potential risk of sexual transmission."", ""The patient's semen samples were tested for Zika virus using PCR and no virus was detected."", ""The patient's partner remained well and was not tested for Zika virus, suggesting a potential risk of sexual transmission."", ""The patient's clinical presentation, including the rash and fever, is consistent with Zika virus infection."", ""The patient's history of travel to Rio de Janeiro, Brazil, where Zika virus is endemic, supports the diagnosis of Zika virus infection.""]}"
PMC5259930_01,Talaromycosis,Tuberculosis,Pulmonary Talaromycosis | Schistosomiasis,high,0,1,43,76,20,"{""primary_diagnosis"": ""Tuberculosis"", ""confidence"": ""high"", ""differential_diagnoses"": [""Pulmonary Talaromycosis"", ""Schistosomiasis""], ""key_evidence"": [""Bronchoscopic biopsy and washing cytology with concurrent supraclavicular lymph node biopsy revealed organisms as nonbudding round-to-oval spherules within the histiocytes in the submucosa of bronchi, which are consistent with Mycobacterium tuberculosis."", ""The patient had a history of bilateral septal thickening and micronodules of both the lungs, severe hepatosplenomegaly, and multiple enlarged lymph nodes, which are characteristic findings in disseminated tuberculosis."", ""The patient's HIV seropositivity and frequent travel to endemic areas for tuberculosis (Guangxi, China, and Hong Kong) further support the diagnosis of tuberculosis.""]}"
PMC5303735_01,Amebiasis,chronic granulomatous disease,disseminated cutaneous leishmaniasis | pulmonary aspergillosis,high,0,0,29,63,20,"{""primary_diagnosis"": ""chronic granulomatous disease"", ""confidence"": ""high"", ""differential_diagnoses"": [""disseminated cutaneous leishmaniasis"", ""pulmonary aspergillosis""], ""key_evidence"": [""Disseminated Cutaneous Leishmaniasis was cured after a 6-month regimen of oral Fluconazole.""]}"
PMC5401731_01,Tuberculosis,Tuberculosis,Melioidosis | Scabies,high,1,1,46,69,20,"{""primary_diagnosis"": ""Tuberculosis"", ""confidence"": ""high"", ""differential_diagnoses"": [""Melioidosis"", ""Scabies""], ""key_evidence"": [""The patient had a history of tuberculous pleurisy 20 years ago, which is a known risk factor for tuberculous peritonitis."", ""The patient presented with abdominal pain, weight loss, and ascites, which are common symptoms of tuberculous peritonitis."", ""The patient's laboratory findings were within normal limits, and there was no evidence of HIV or other infectious causes."", ""The patient's abdominal ultrasound and CT scan showed peritoneal deposits and lymphadenopathy, which are consistent with tuberculous peritonitis."", ""The patient's ovarian mass and peritoneal deposits were suggestive of peritoneal carcinomatosis, which is often associated with disseminated tuberculosis.""]}"
PMC5697124_01,Melioidosis,Melioidosis,Cholera | Tuberculosis,high,1,1,46,138,20,"{""primary_diagnosis"": ""Melioidosis"", ""confidence"": ""high"", ""differential_diagnoses"": [""Cholera"", ""Tuberculosis""], ""key_evidence"": [""The patient presented with fever, anorexia, drenching sweats, and epigastric pain radiating to the back, which are common symptoms of melioidosis. The patient's history of travel to the Philippines and the presence of a mycotic aneurysm in the abdomen are also consistent with melioidosis."", ""The patient's laboratory findings, including leukocytosis, hematocrit of 48%, and fluid in the abdominal cavity, are consistent with dengue hemorrhagic fever, which is a differential diagnosis for melioidosis. However, the presence of a mycotic aneurysm and the patient's history of travel to the Philippines lean more towards melioidosis."", ""The patient's history of travel to the Philippines and the presence of a mycotic aneurysm in the abdomen are also consistent with tuberculosis, another differential diagnosis. However, the presence of a mycotic aneurysm and the patient's history of travel to the Philippines lean more towards melioidosis.""]}"
PMC5842735_01,Echinococcosis,Echinococcosis,Melioidosis | Tuberculosis,high,1,1,42,108,20,"{""primary_diagnosis"": ""Echinococcosis"", ""confidence"": ""high"", ""differential_diagnoses"": [""Melioidosis"", ""Tuberculosis""], ""key_evidence"": [""The patient had a history of a perforated cyst in the right adrenal gland, which was surgically treated and removed."", ""The patient had recurrent right flank pain, which is a classic symptom of echinococcosis."", ""The patient had a right adrenal hydatid cyst that was surgically removed, confirming the diagnosis of echinococcosis.""]}"
PMC5887698_01,Echinococcosis,Echinococcosis,Leishmaniasis | Mycetoma,high,1,1,53,63,20,"{""primary_diagnosis"": ""Echinococcosis"", ""confidence"": ""high"", ""differential_diagnoses"": [""Leishmaniasis"", ""Mycetoma""], ""key_evidence"": [""The patient presented with a painful and progressive swelling over her right thigh region, evolving for five years. The clinical examination revealed multiple palpable masses in the postero-lateral aspect of the right thigh, with a firm consistency, the largest of which was located in the gluteal region and measured approximately 30 x 35cm."", ""The MRI depicted multiple cystic formations on the posterolateral and anterior aspects of the right thigh root and gluteal region, occupying mainly subcutaneous fat, gluteus maximus muscle and subaponeurotic fat of the hamstring compartment. They had a thin wall in T2 hyposignal enhanced after injection of gadolinium and fluid content..."", ""The patient had a history of amenorrhea, which is a known symptom of Echinococcosis, particularly in the context of a pelvic mass.""]}"
PMC5905859_01,Tuberculosis,Disseminated peritoneal tuberculosis,Paracoccidioidomycosis | Melioidosis,high,1,1,41,81,20,"{""primary_diagnosis"": ""Disseminated peritoneal tuberculosis"", ""confidence"": ""high"", ""differential_diagnoses"": [""Paracoccidioidomycosis"", ""Melioidosis""], ""key_evidence"": [""The patient presented with fever, general fatigue, and a distended abdomen with ascites. CT showed massive ascites and extensive thickened peritoneum."", ""The patient had a history of prostate cancer and underwent RALP, which could have predisposed to peritoneal tuberculosis."", ""The patient's initial treatment with cefmetazole was ineffective, and cultures and PCR for [MASK] were negative, suggesting a non-bacterial etiology."", ""The patient's peritoneal biopsy and histopathology confirmed peritoneal tuberculosis, with caseating granulomas and positive AFB stain.""]}"
PMC5964188_02,Zika Virus,Tuberculosis,Schistosomiasis | Neurocysticercosis,high,0,0,49,63,20,"{""primary_diagnosis"": ""Tuberculosis"", ""confidence"": ""high"", ""differential_diagnoses"": [""Schistosomiasis"", ""Neurocysticercosis""], ""key_evidence"": [""The patient presented with tetraparesis, lower limb weakness, and respiratory insufficiency, which are consistent with spinal cord involvement by tuberculosis."", ""The patient's history of stillbirth and the presence of multiple enhancing lesions on MRI suggest possible central nervous system tuberculosis."", ""The patient's history of lower limb weakness and the presence of spinal cord compression from spinal neurocysticercosis were also considered.""]}"
PMC6126086_01,Leptospirosis,Dengue,Schistosomiasis | Melioidosis,high,0,0,38,100,20,"{""primary_diagnosis"": ""Dengue"", ""confidence"": ""high"", ""differential_diagnoses"": [""Schistosomiasis"", ""Melioidosis""], ""key_evidence"": [""The patient had a history of working in a major metropolitan city, which is a common setting for dengue transmission."", ""The patient presented with a history of fatigue, bilateral thigh pain, and a rapid rise in bilirubin levels, which are common symptoms of dengue."", ""The renal biopsy showed acute tubular necrosis, interstitial hemorrhage, and capillaritis, which are consistent with dengue."", ""The patient's laboratory findings, including elevated CK and bilirubin levels, are consistent with dengue."", ""The patient's history of working in a metropolitan area where dengue is endemic, combined with the clinical presentation and laboratory findings, strongly supports a diagnosis of dengue.""]}"
PMC6194729_01,Neurocysticercosis,Melioidosis,Cholera | Malaria,high,0,0,46,84,20,"{""primary_diagnosis"": ""Melioidosis"", ""confidence"": ""high"", ""differential_diagnoses"": [""Cholera"", ""Malaria""], ""key_evidence"": [""The patient presented with headaches and diminished vision over 4 months, which is consistent with the ocular manifestations of Melioidosis, including blurred vision and papilledema."", ""The MRI findings of a cystic lesion in the fourth ventricle with mobile nature and the presence of cerebellar edema are consistent with the imaging features of Melioidosis, such as hydatid cysts and associated hydrocephalus."", ""The lack of evidence of a positive effect of antiparasitic medication in the intraventricular single cyst is consistent with the parasitic nature of Melioidosis.""]}"
PMC6311234_01,Soil-Transmitted Helminths,Ascariasis,Gallbladder tuberculosis | Gallstones,high,0,0,46,123,20,"{""primary_diagnosis"": ""Ascariasis"", ""confidence"": ""high"", ""differential_diagnoses"": [""Gallbladder tuberculosis"", ""Gallstones""], ""key_evidence"": [""The patient had a history of nausea, vomiting, fever, jaundice, and right hypochondrial pain, which are classic symptoms of biliary ascariasis."", ""The patient's laboratory findings included significant increase in CRP (20mg/l), mild elevation in ALT (115 U/L) and AST (90 U/L), and bilirubin was 4mg/dl, which are consistent with biliary ascariasis."", ""The patient's history of abdominal pain radiating to the umbilical region and the presence of worm-like filling defects on imaging (Figure 1) are indicative of biliary ascariasis.""]}"
PMC6542496_01,Tuberculosis,Tuberculosis,Mycetoma | Leprosy,high,1,1,47,95,20,"{""primary_diagnosis"": ""Tuberculosis"", ""confidence"": ""high"", ""differential_diagnoses"": [""Mycetoma"", ""Leprosy""], ""key_evidence"": [""Histopathological examination revealed multifocal caseous necrosis and granulomas characteristic of tuberculosis."", ""Fine needle aspiration cytology demonstrated granulomatous inflammation supporting the diagnosis of breast tuberculosis."", ""Breast tuberculosis was localized to the right breast tissue and anterior axillary line."", ""Breast tuberculosis was accompanied by anemia, which resolved following successful antitubercular therapy."", ""Breast tuberculosis was primarily localized within the parenchyma of the right breast."", ""Breast tuberculosis presented clinically as a tender, movable breast mass."", ""Breast tuberculosis was localized to the right breast tissue and anterior axillary line."", ""Breast tuberculosis was localized to the right breast tissue and anterior axillary line."", ""Breast tuberculosis was localized to the right breast tissue and anterior axillary line.""]}"
PMC6607461_01,Tuberculosis,Tuberculosis,Leishmaniasis | Melioidosis,high,1,1,46,127,20,"{""primary_diagnosis"": ""Tuberculosis"", ""confidence"": ""high"", ""differential_diagnoses"": [""Leishmaniasis"", ""Melioidosis""], ""key_evidence"": [""The patient presented with febrile coma, altered consciousness, and left hemiparesis, which are common symptoms of cerebral tuberculomas."", ""The presence of bilateral anterior and medial thalami ischemic lesions, subthalamic nucleus, and internal globus pallidus lesions on MRI, along with the history of hydrocephalus treated with a VP shunt, supports the possibility of a central nervous system infection or lesion."", ""The patient's history of chronic headaches and the presence of multiple loculated masses around the right lateral ventricle, third ventricle, and fourth ventricle on MRI, could suggest a neoplastic process or infection, such as tuberculosis.""]}"
PMC6713851_01,Cholera,Melioidosis,Leptospirosis | Schistosomiasis,high,0,0,54,148,20,"{""primary_diagnosis"": ""Melioidosis"", ""confidence"": ""high"", ""differential_diagnoses"": [""Leptospirosis"", ""Schistosomiasis""], ""key_evidence"": [""The patient had a history of travel to Pakistan, which is an endemic region for melioidosis."", ""The patient's severe abdominal pain and the presence of melioidosis nodules on peritoneal biopsy are consistent with the presentation of melioidosis."", ""The patient's history of travel to Pakistan and the presence of melioidosis nodules on peritoneal biopsy are key evidence supporting the diagnosis of melioidosis.""]}"
PMC6713851_02,Cholera,Melioidosis,Leishmaniasis | Tuberculosis,high,0,0,45,79,20,"{""primary_diagnosis"": ""Melioidosis"", ""confidence"": ""high"", ""differential_diagnoses"": [""Leishmaniasis"", ""Tuberculosis""], ""key_evidence"": [""Stool samples cultured on MacConkey agar and showed positive fermentation of sugars such as glucose, maltose, mannitol, and sucrose, and positive string test."", ""Most strains were also motile at 37 C, metabolized lysine and ornithine, and showed a positive string test."", ""Antibiotic susceptibility testing was done using disc diffusion for ampicillin, tetracycline, chloramphenicol, and trimethoprim/sulfamethoxazole according to the relevant guidelines (M100, 29th edition, Clinical and Laboratory Standards Institute)."", ""Oral trimethoprim-sulfamethoxazole was administered as eradication maintenance therapy for melioidosis."", ""The patient had a history of travel to Nigeria 13 days prior to presentation, which is an epidemiological risk factor for exposure to melioidosis.""]}"
PMC6791407_01,Talaromycosis,talaromycosis,echinococcosis | paracoccidioidomycosis,high,1,1,42,147,16,"{""primary_diagnosis"": ""talaromycosis"", ""confidence"": ""high"", ""differential_diagnoses"": [""echinococcosis"", ""paracoccidioidomycosis""], ""key_evidence"": [""Chest CT demonstrated initial bilateral patchy exudation and subsequent lesion absorption following antifungal therapy.""]}"
PMC6859027_01,Tuberculosis,Tuberculosis,Leishmaniasis | Melioidosis,high,1,1,49,135,20,"{""primary_diagnosis"": ""Tuberculosis"", ""confidence"": ""high"", ""differential_diagnoses"": [""Leishmaniasis"", ""Melioidosis""], ""key_evidence"": [""The patient presented with generalized tonic-clonic seizures, which is a severe manifestation of tuberculous meningitis."", ""The patient had lymphadenopathy, which is a common finding in disseminated tuberculosis."", ""The patient had a history of fever, weight loss, and lymphadenopathy, which are consistent with disseminated tuberculosis."", ""The patient had a history of lepromatous leprosy, which can coexist with tuberculosis and can cause secondary inflammatory complications such as vasculitis."", ""The patient had a history of leprosy and HIV coinfection, which can complicate the presentation of tuberculosis."", ""The patient had a history of leprosy and lepromatous leprosy, which can complicate the presentation of tuberculosis."", ""The patient had a history of leprosy and lepromatous leprosy, which can complicate the presentation of tuberculosis.""]}"
PMC6859027_02,Tuberculosis,Melioidosis,Malaria | Leptospirosis,high,0,0,39,148,20,"{""primary_diagnosis"": ""Melioidosis"", ""confidence"": ""high"", ""differential_diagnoses"": [""Malaria"", ""Leptospirosis""], ""key_evidence"": [""The patient presented with occipitocervical headaches, walking disorders, and weight loss, which are consistent with the clinical presentation of melioidosis. The patient's history of weight loss and the presence of hydrocephalus are also consistent with melioidosis, which can cause cerebral parenchymal lesions and hydrocephalus."", ""The patient's MRI showed an expansive process of the left cerebellar hemisphere with isosignal on T1, low signal intensity on T2, and enhancing annularly after injection of gadolinium, which is consistent with the imaging findings of medulloblastoma. However, the patient's history of weight loss and the presence of hydrocephalus are also consistent with melioidosis, which can cause similar imaging findings."", ""The patient's history of weight loss and the presence of hydrocephalus are also consistent with melioidosis, which can cause similar imaging findings as medulloblastoma. Additionally, the patient's history of weight loss and the presence of hydrocephalus are also consistent with melioidosis, which can cause similar imaging findings as medulloblastoma.""]}"
PMC6912930_01,Tuberculosis,Echinococcosis,Malaria | Schistosomiasis,high,0,0,46,133,20,"{""primary_diagnosis"": ""Echinococcosis"", ""confidence"": ""high"", ""differential_diagnoses"": [""Malaria"", ""Schistosomiasis""], ""key_evidence"": [""The patient had a cystic mass in left adnexa, along with peritoneal free fluid and ascites, which are characteristic findings in echinococcosis."", ""The patient had a complex left ovarian cyst with ascites, suggesting a complex and potentially invasive process, which is consistent with echinococcosis."", ""The exploratory laparotomy revealed a cystic mass filling most of the abdominal cavity and adhering to the pelvic wall, which is a hallmark of echinococcosis.""]}"
PMC6912930_02,Tuberculosis,Echinococcosis,Schistosomiasis | Melioidosis,high,0,0,47,96,20,"{""primary_diagnosis"": ""Echinococcosis"", ""confidence"": ""high"", ""differential_diagnoses"": [""Schistosomiasis"", ""Melioidosis""], ""key_evidence"": [""The patient presented with a palpable abdominal mass in the right lower quadrant, which is a classic presentation of Echinococcosis."", ""The patient's history of abdominal mass and the presence of ascites are consistent with Echinococcosis, which can cause pseudotumoral masses and ascites."", ""The patient's cachexia and marked weight loss are consistent with Echinococcosis, which can lead to significant weight loss and malnutrition.""]}"
PMC7264046_01,Echinococcosis,Echinococcosis,Schistosomiasis | Melioidosis,high,1,1,46,143,20,"{""primary_diagnosis"": ""Echinococcosis"", ""confidence"": ""high"", ""differential_diagnoses"": [""Schistosomiasis"", ""Melioidosis""], ""key_evidence"": [""The patient had a history of regular contact with his own dog for a year, which is a risk factor for Echinococcosis."", ""Abdominal CT revealed multiple hydatid cysts in the liver and peritoneum, which is consistent with Echinococcosis."", ""The patient's presentation includes multiple cysts in the liver and peritoneum, which is characteristic of Echinococcosis.""]}"
PMC7585787_01,Leishmaniasis,Cutaneous leishmaniasis,Melioidosis | Malaria,high,1,1,45,56,20,"{""primary_diagnosis"": ""Cutaneous leishmaniasis"", ""confidence"": ""high"", ""differential_diagnoses"": [""Melioidosis"", ""Malaria""], ""key_evidence"": [""Multiple ulcerated skin lesions on the face, hands, and nose, consistent with cutaneous leishmaniasis presentation."", ""Prior residence in Ethiopia, where cutaneous leishmaniasis is endemic, and the patient's history of cutaneous lesions progressing over time."", ""The patient's history of cutaneous lesions starting as papules and progressing to ulcerated lesions, which is characteristic of cutaneous leishmaniasis.""]}"
PMC7669275_02,Paracoccidioidomycosis,Talaromycosis,Paracoccidioidomycosis | Melioidosis,high,0,1,46,135,20,"{""primary_diagnosis"": ""Talaromycosis"", ""confidence"": ""high"", ""differential_diagnoses"": [""Paracoccidioidomycosis"", ""Melioidosis""], ""key_evidence"": [""HRCT Chest demonstrated tree-in-bud opacities and pulmonary nodules indicating active Pulmonary Tuberculosis."", ""The patient had a history of prolonged exposure to wood dust and worked as a truck and tractor driver transporting manioc and wood."", ""The patient had a history of heavy smoking and alcohol consumption."", ""The patient had bilateral high-density patches in the lungs on HRCT Chest, indicative of disseminated talaromycosis."", ""The patient had a history of living in a rural area close to a deforestation area, which is an endemic region for talaromycosis."", ""The patient had a history of living in Peru, an endemic region for tuberculosis, which could have predisposed to disseminated talaromycosis.""]}"
PMC7821813_01,Tuberculosis,Paracoccidioidomycosis,Leprosy | Cutaneous leishmaniasis,high,0,0,42,141,20,"{""primary_diagnosis"": ""Paracoccidioidomycosis"", ""confidence"": ""high"", ""differential_diagnoses"": [""Leprosy"", ""Cutaneous leishmaniasis""], ""key_evidence"": [""The patient presented with a persistent non-tender erythematous plaque over his right upper back for many years, which developed into a ring-like plaque lesion. This is consistent with the characteristic cutaneous lesions of Paracoccidioidomycosis, which often present as annular plaques."", ""The patient's history of cutaneous lesions and the presence of eosinophilia (150 cel/mm3) are consistent with the clinical presentation of Paracoccidioidomycosis, which can be associated with eosinophilia."", ""The patient's history of cutaneous lesions and the presence of eosinophilia (150 cel/mm3) are consistent with the clinical presentation of Paracoccidioidomycosis, which can be associated with eosinophilia.""]}"
PMC7821813_02,Tuberculosis,Amebiasis,Paracoccidioidomycosis | Leprosy,high,0,0,43,65,20,"{""primary_diagnosis"": ""Amebiasis"", ""confidence"": ""high"", ""differential_diagnoses"": [""Paracoccidioidomycosis"", ""Leprosy""], ""key_evidence"": [""The patient presented with a raised red-purple rough spot on the right knee and reddish patches on the left foot for almost 20 years, which is consistent with chronic amebiasis."", ""The patient's history of wild fishing and the presence of crusted hyperkeratotic plaques on the right knee and left foot are consistent with amebiasis lesions."", ""The patient's history of recurrent skin lesions and the presence of crusted skin lesions are consistent with amebiasis."", ""The patient's history of wild fishing and the presence of crusted skin lesions are consistent with amebiasis."", ""The patient's history of wild fishing and the presence of crusted skin lesions are consistent with amebiasis.""]}"
PMC8415062_01,Malaria,echinococcosis,schistosomiasis | visceral leishmaniasis,high,0,0,48,64,20,"{""primary_diagnosis"": ""echinococcosis"", ""confidence"": ""high"", ""differential_diagnoses"": [""schistosomiasis"", ""visceral leishmaniasis""], ""key_evidence"": [""The patient presented from Kermanshah in western Iran, a known endemic area for hydatid disease."", ""The patient had severe triple-vessel coronary artery disease coexisting with echinococcosis."", ""The patient had a history of residing in Kermanshah, Iran, which is an endemic area for echinococcosis.""]}"
PMC8494489_01,Leprosy,Melioidosis,Leishmaniasis | Tuberculosis,high,0,0,43,98,20,"{""primary_diagnosis"": ""Melioidosis"", ""confidence"": ""high"", ""differential_diagnoses"": [""Leishmaniasis"", ""Tuberculosis""], ""key_evidence"": [""The patient had a history of weight loss and abdominal pain, which are common symptoms of melioidosis. The laboratory findings, including elevated serum amylase and lipase, and the presence of peripancreatic fluid collections, are consistent with acute pancreatitis, a complication of melioidosis. The patient's history of abdominal pain and weight loss, along with the presence of peripancreatic fluid collections, supports the diagnosis of acute pancreatitis secondary to melioidosis."", ""The patient's history of hypertension and gout, along with the presence of 24 hours total urine albumin, suggests chronic kidney disease, which can be a complication of melioidosis. The patient's history of hypertension and gout, along with the presence of 24 hours total urine albumin, suggests chronic kidney disease, which can be a complication of melioidosis."", ""The patient's history of abdominal pain and weight loss, along with the presence of peripancreatic fluid collections, supports the diagnosis of acute pancreatitis secondary to melioidosis. The patient's history of abdominal pain and weight loss, along with the presence of peripancreatic fluid collections, supports the diagnosis of acute pancreatitis secondary to melioidosis.""]}"
PMC8635719_01,Leishmaniasis,Melioidosis,Leishmaniasis | Tuberculosis,high,0,1,46,83,20,"{""primary_diagnosis"": ""Melioidosis"", ""confidence"": ""high"", ""differential_diagnoses"": [""Leishmaniasis"", ""Tuberculosis""], ""key_evidence"": [""The patient had a history of working in coalmines, which is a known risk factor for melioidosis."", ""Bone marrow aspiration confirmed hemophagocytosis, which is a hallmark of HLH, and the patient was treated with L-AmB, a drug used in the treatment of tuberculosis."", ""The patient's hematologic findings included pancytopenia, which is consistent with both tuberculosis and melioidosis."", ""The patient's fever recurred despite initial tuberculosis treatment, suggesting a possible relapse or co-infection.""]}"
PMC8635719_02,Leishmaniasis,Melioidosis,Schistosomiasis | Tuberculosis,high,0,0,52,56,20,"{""primary_diagnosis"": ""Melioidosis"", ""confidence"": ""high"", ""differential_diagnoses"": [""Schistosomiasis"", ""Tuberculosis""], ""key_evidence"": [""The patient had a history of picking Zanthoxylum seeds in Hancheng, China 8 years ago, which is an endemic region for melioidosis."", ""Laboratory tests revealed high levels of CRP (97.3 mg/L) and abnormal coagulation, which are common in melioidosis."", ""The patient had splenomegaly and axillary and inguinal lymphadenopathy, which are consistent with the hematogenous dissemination seen in melioidosis.""]}"
PMC8635719_03,Leishmaniasis,Melioidosis,Leptospirosis | Tuberculosis,high,0,0,50,164,20,"{""primary_diagnosis"": ""Melioidosis"", ""confidence"": ""high"", ""differential_diagnoses"": [""Leptospirosis"", ""Tuberculosis""], ""key_evidence"": [""The patient had splenomegaly, multiple skin petechiae, and elevated liver enzyme levels (aspartate aminotransferase, 121 U/L; alanine aminotransferase, 36 U/L)."", ""The patient had a history of mosquito bites and had picked Zanthoxylum seeds 1 year ago, which is a risk factor for melioidosis."", ""The patient had pancytopenia and elevated liver enzyme levels, which are common in melioidosis."", ""The patient's renal function deteriorated, requiring continuous renal replacement therapy (CRRT), which is consistent with the presentation of acute renal failure in melioidosis."", ""The patient's laboratory results showed elevated serum creatinine levels, which is a hallmark of acute renal failure in melioidosis.""]}"
PMC8635719_04,Leishmaniasis,Leishmaniasis,Malaria | Tuberculosis,high,1,1,43,105,20,"{""primary_diagnosis"": ""Leishmaniasis"", ""confidence"": ""high"", ""differential_diagnoses"": [""Malaria"", ""Tuberculosis""], ""key_evidence"": [""The patient had a 3-week history of fever and pancytopenia, with a history of working in coalmines for over 10 years, which is a risk factor for leishmaniasis."", ""The patient presented with pancytopenia, which is a common hematological finding in visceral leishmaniasis."", ""The patient had elevated ferritin levels, which is a hallmark of visceral leishmaniasis."", ""The patient had splenomegaly, which is a common finding in visceral leishmaniasis."", ""The patient had a history of recurrent fever, which is a symptom of visceral leishmaniasis."", ""The patient had a history of splenic involvement, which is a characteristic feature of visceral leishmaniasis."", ""The patient had a history of exposure to contaminated environments, which is a risk factor for visceral leishmaniasis.""]}"
PMC9075046_01,Echinococcosis,Tuberculosis,Schistosomiasis | Melioidosis,high,0,0,51,69,20,"{""primary_diagnosis"": ""Tuberculosis"", ""confidence"": ""high"", ""differential_diagnoses"": [""Schistosomiasis"", ""Melioidosis""], ""key_evidence"": [""The patient presented with fever, abdominal pain, and hypoxia, which are common symptoms of pulmonary tuberculosis."", ""The patient's history of fever, abdominal pain, and hypoxia, along with the presence of a giant amoebic liver abscess, supports the possibility of amoebic liver abscess, which can be a complication of amoebiasis."", ""The presence of a right hepatic lobe mass lesion and the history of abdominal pain in the right upper quadrant are suggestive of hepatic tuberculosis."", ""The patient's history of fever and abdominal pain, along with the presence of a giant amoebic liver abscess, supports the possibility of amoebic liver abscess, which can be a complication of amoebiasis.""]}"
PMC9512064_01,Soil-Transmitted Helminths,Tuberculosis,Melioidosis | Mycetoma,high,0,0,46,100,20,"{""primary_diagnosis"": ""Tuberculosis"", ""confidence"": ""high"", ""differential_diagnoses"": [""Melioidosis"", ""Mycetoma""], ""key_evidence"": [""The patient had a history of glucocorticoid and immunosuppressive drug use, which can predispose to tuberculosis reactivation."", ""The patient had a history of pulmonary nodules, pleural effusion, and mesenteric lymph node enlargement on CT, which are characteristic findings in gastrointestinal tuberculosis."", ""The patient had a history of pulmonary and cutaneous sarcoidosis, which can coexist with tuberculosis."", ""The patient had a history of eosinophilia and elevated IgE levels, which can be seen in tuberculosis."", ""The patient had a history of dyspnea, hoarseness, and difficulty in voluntary defecation, which can be seen in laryngeal tuberculosis."", ""The patient had a history of bilateral lower leg swelling, which can be seen in pulmonary tuberculosis."", ""The patient had a history of weight loss, which can be seen in pulmonary tuberculosis."", ""The patient had a history of cough, drenching night sweats, and unquantified weight loss, which can be seen in pulmonary tuberculosis."", ""The patient had a history of lymphadenopathy, which can be seen in pulmonary tuberculosis."", ""The patient had a history of lymphadenopathy, which can be seen in pulmonary tuberculosis.""]}"
PMC9637879_01,Leishmaniasis,Paracoccidioidomycosis,Melioidosis | Talaromycosis,high,0,0,49,79,20,"{""primary_diagnosis"": ""Paracoccidioidomycosis"", ""confidence"": ""high"", ""differential_diagnoses"": [""Melioidosis"", ""Talaromycosis""], ""key_evidence"": [""The patient presented with painless, non-healing skin lesions on the right hand, which are characteristic of Paracoccidioidomycosis (PCD)."", ""Cutaneous amebiasis was ruled out as the patient did not have any history of contact with contaminated water or food, and the mycological examination was negative."", ""The patient's lesions were located on the dorsal side of the right hand, which is consistent with PCD, a fungal infection commonly affecting the skin of the hands and forearms.""]}"
PMC9643409_01,Echinococcosis,Echinococcosis,Melioidosis | Tuberculosis,high,1,1,43,119,20,"{""primary_diagnosis"": ""Echinococcosis"", ""confidence"": ""high"", ""differential_diagnoses"": [""Melioidosis"", ""Tuberculosis""], ""key_evidence"": [""The patient presented with a large multisectional cystic lesions without calcification or infiltration, which is consistent with echinococcosis."", ""The patient had a history of abdominal pain for four months, which is a common presenting symptom of echinococcosis."", ""The CT scan showed two multisectional cystic lesions without calcification or infiltration, which is characteristic of echinococcosis.""]}"
PMC9795171_01,Echinococcosis,hepatic echinococcosis,echinococcosis | echocardiogram,high,1,1,43,86,20,"{""primary_diagnosis"": ""hepatic echinococcosis"", ""confidence"": ""high"", ""differential_diagnoses"": [""echinococcosis"", ""echocardiogram""], ""key_evidence"": [""The patient had a history of owning two dogs in a rural area, which is a risk factor for echinococcosis."", ""An echocardiogram was performed during hospital evaluation, revealing type 1 left ventricular dysfunction, which is associated with echinococcosis.""]}"
PMC9930586_01,Tuberculosis,Tuberculosis,Paracoccidioidomycosis | Melioidosis,high,1,1,49,153,18,"{""primary_diagnosis"": ""Tuberculosis"", ""confidence"": ""high"", ""differential_diagnoses"": [""Paracoccidioidomycosis"", ""Melioidosis""], ""key_evidence"": [""The patient presented with fever, cough, and chest tightness, with chest computed tomography (CT) showing left lung consolidation with segmental atelectasis, scattered calcifications in the left upper lobe, and multiple calcifications and enlargement of lymph nodes in the mediastinum and left hilar region."", ""The patient had a history of severe scarring stenosis on the left main bronchus, which is consistent with tracheobronchial stenosis, a complication of tracheobronchial tuberculosis."", ""The patient's chest CT scan showed multiple bilateral pulmonary nodules including tuberculous lesions, which is consistent with pulmonary tuberculosis.""]}"
PMC10298620_01,Leprosy,,,unknown,1,0,53,170,20,"{""error"": """", ""primary_diagnosis"": """", ""differential_diagnoses"": []}"
PMC10332771_01,Neurocysticercosis,Tuberculosis,Paracoccidioidomycosis | Leprosy,high,0,0,50,137,20,"{""primary_diagnosis"": ""Tuberculosis"", ""confidence"": ""high"", ""differential_diagnoses"": [""Paracoccidioidomycosis"", ""Leprosy""], ""key_evidence"": [""The patient had a history of seizures, which can be a symptom of central nervous system tuberculosis (CNS TB)."", ""The patient had a history of emigration from Central America, which is a risk factor for tuberculosis."", ""The patient had a history of HIV infection, which predisposes to opportunistic infections including tuberculosis."", ""The patient had multiple cystic lesions with ring enhancement on MRI, which can be seen in CNS TB."", ""The patient had a history of a previous seizure, which can be a symptom of CNS TB."", ""The patient had a history of a previous hospitalization for seizures, which can be a symptom of CNS TB.""]}"
PMC10499287_01,Mycetoma,Mycetoma,Leprosy | Paracoccidioidomycosis,high,1,1,54,69,20,"{""primary_diagnosis"": ""Mycetoma"", ""confidence"": ""high"", ""differential_diagnoses"": [""Leprosy"", ""Paracoccidioidomycosis""], ""key_evidence"": [""The patient presented with painful nodular lesions distributed across the skin of the face, ears, limbs, and upper chest, which are characteristic of mycetoma."", ""The patient's presentation of painful nodules and subcutaneous nodules on the forehead, face, nose, and ear lobe is consistent with mycetoma."", ""The patient's history of submandibular lymphadenopathy, which is a common finding in mycetoma, supports the diagnosis.""]}"
PMC10550213_01,Mycetoma,Mycetoma,Echinococcosis | Leprosy,high,1,1,49,71,20,"{""primary_diagnosis"": ""Mycetoma"", ""confidence"": ""high"", ""differential_diagnoses"": [""Echinococcosis"", ""Leprosy""], ""key_evidence"": [""The patient presented with painful nodular lesions on his left foot that progressed to purulent lesions with sanguinolent discharge, draining fistulas, and elimination of grains. Histopathological evaluation revealed granulomas and fibrosis."", ""Multiple tissue cultures were negative, and the causative agent was presumed to be [MASK] based on clinical and histopathological findings."", ""Mycetoma is characterized by a clinical triad of chronic induration, draining sinuses and discharge of granules. It is either actinomycotic or eumycotic in etiology. It is endemic in tropical and subtropical countries.""]}"
PMC10583546_01,Talaromycosis,tuberculosis,leptospirosis | melioidosis,high,0,0,41,159,14,"{""primary_diagnosis"": ""tuberculosis"", ""confidence"": ""high"", ""differential_diagnoses"": [""leptospirosis"", ""melioidosis""], ""key_evidence"": [""A 29-year-old Pakistani male presented with fever, vomiting, and abdominal pain for 5 days, with a high-grade fever and chills/rigors. The patient had a history of coronary heart disease and type 2 diabetes mellitus.""]}"
PMC10823326_01,Leishmaniasis,Leishmaniasis,Paracoccidioidomycosis | Melioidosis,high,1,1,30,20,20,"{""primary_diagnosis"": ""Leishmaniasis"", ""confidence"": ""high"", ""differential_diagnoses"": [""Paracoccidioidomycosis"", ""Melioidosis""], ""key_evidence"": [""The patient had a history of recurrent skin lesions, which is consistent with the cutaneous manifestations of leishmaniasis, including nodules and ulcers."", ""The skin biopsy showed a dense infiltrate of lymphocytes, plasma cells, and histiocytes, with vague aggregates of epithelioid histiocytes, which is consistent with the histopathological findings of leishmaniasis."", ""The patient had a history of recurrent skin lesions, which is consistent with the cutaneous manifestations of leishmaniasis, including nodules and ulcers.""]}"
PMC10927241_01,Echinococcosis,Melioidosis,Schistosomiasis | Paracoccidioidomycosis,high,0,0,42,92,20,"{""primary_diagnosis"": ""Melioidosis"", ""confidence"": ""high"", ""differential_diagnoses"": [""Schistosomiasis"", ""Paracoccidioidomycosis""], ""key_evidence"": [""The patient's history of temporary residence in Kashmir, a region with endemic melioidosis, and the presence of multiple cystic and solid lesions in the liver, which are characteristic of melioidosis."", ""The presence of eosinophilic necrosis and lymphocyte infiltration in the liver biopsy, which is consistent with the histopathological findings of melioidosis."", ""The patient's history of jaundice and elevated liver enzymes, which are common in melioidosis and other tropical diseases like schistosomiasis and paracoccidioidomycosis.""]}"
PMC11087666_01,Malaria,Melioidosis,Paracoccidioidomycosis | Tuberculosis,high,0,0,43,63,20,"{""primary_diagnosis"": ""Melioidosis"", ""confidence"": ""high"", ""differential_diagnoses"": [""Paracoccidioidomycosis"", ""Tuberculosis""], ""key_evidence"": [""The patient had a history of travel to the Brazilian Amazon, which is an endemic region for Melioidosis."", ""The patient had a history of recurrent fever and chills, which are common symptoms of both Melioidosis and Tuberculosis."", ""The patient's laboratory findings, such as thrombocytopenia, could be indicative of both Melioidosis and Tuberculosis.""]}"
PMC11227676_01,Tuberculosis,Tuberculosis,Leptospirosis | Melioidosis,high,1,1,40,159,20,"{""primary_diagnosis"": ""Tuberculosis"", ""confidence"": ""high"", ""differential_diagnoses"": [""Leptospirosis"", ""Melioidosis""], ""key_evidence"": [""Multiple contrast-filled outpouchings from branches of left pulmonary artery adjacent to fibrocavitary and fibro-bronchiectatic changes on CTA and DSA, suggestive of pulmonary tuberculosis."", ""Hemoptysis, recurrent fever, and low Hb level, which are common symptoms of pulmonary tuberculosis."", ""The patient's history of pulmonary [MASK] one year back, which could be a reference to tuberculosis treatment."", ""The patient's history of recurrent fever, which is a key symptom of tuberculosis infection.""]}"
PMC11682806_01,Leprosy,Scrub Typhus,Leprosy | Melioidosis,high,0,1,30,73,20,"{""primary_diagnosis"": ""Scrub Typhus"", ""confidence"": ""high"", ""differential_diagnoses"": [""Leprosy"", ""Melioidosis""], ""key_evidence"": [""The patient presented with multiple macules and patches with central clearance and erythematous borders, suggestive of annular indurated plaques, which is consistent with the rash seen in borderline lepromatous leprosy."", ""The patient's history of right knee pain and swelling, suggestive of arthritis, is not uncommon in patients with scrub typhus."", ""The patient's history of living in a house with a tree rat infestation in the attic, and the possibility of contact with armadillos and squirrels, aligns with the known risk factors for scrub typhus."", ""The patient's history of living in a rural area with domestic animal contact, including exposure to multiple cats and dogs, is consistent with the epidemiological risk factors for scrub typhus."", ""The patient's history of recent travel to South America, which is an epidemiological risk factor for acquiring scrub typhus, is not mentioned in the clinical presentation but is a key piece of information from the retrieved medical knowledge graph evidence.""]}"
PMC11787950_01,Echinococcosis,Psoas Hydatid Cyst,Echinococcosis | Melioidosis,high,0,1,45,68,20,"{""primary_diagnosis"": ""Psoas Hydatid Cyst"", ""confidence"": ""high"", ""differential_diagnoses"": [""Echinococcosis"", ""Melioidosis""], ""key_evidence"": [""The patient had a history of a previously diagnosed [MASK] cold abscess in the psoas muscle."", ""CT/MRI imaging revealed a multiloculated collection along the anterior, medial & lateral aspects of the left psoas muscle, with dimensions expanding from 3x1x2.5 cm to 4x3x2.8 cm."", ""Histopathology of the cyst revealed a multiloculated septate peripherally enhancing collection/abscess along the anterior aspect of the left psoas muscle."", ""The patient had a history of a known psoas abscess, which was revised to a psoas hydatid cyst after aspiration.""]}"
PMC12340403_01,Tuberculosis,Pelvic tuberculosis,Ovarian cancer | Leprosy,high,1,1,54,63,20,"{""primary_diagnosis"": ""Pelvic tuberculosis"", ""confidence"": ""high"", ""differential_diagnoses"": [""Ovarian cancer"", ""Leprosy""], ""key_evidence"": [""Pelvic tuberculosis presented clinically with persistent pelvic discomfort, and radiologically mimicked ovarian carcinomatosis."", ""Pelvic tuberculosis was anatomically localized to the pelvis and peritoneum, and caused bilateral fallopian tube occlusion, leading to secondary amenorrhea."", ""The patient had a history of chronic arthralgia affecting joints of the hands associated with bilateral perforating plantar ulcer, hypochromic, anesthetic macular lesions, atrophy of the metatarsals and phalanges, and severe deformity of the feet, which are characteristic of leprosy.""]}"
PMC1847505_01,Mycetoma,Paracoccidioidomycosis,Melioidosis | Leprosy,high,0,0,43,81,20,"{""primary_diagnosis"": ""Paracoccidioidomycosis"", ""confidence"": ""high"", ""differential_diagnoses"": [""Melioidosis"", ""Leprosy""], ""key_evidence"": [""Histopathological examination revealed macroscopically 4 masses of soft tissue measuring 1, 2, 4.5, and 4 cm, which is consistent with the presentation of multiple nodules and masses characteristic of paracoccidioidomycosis."", ""The patient had a history of abdominal swelling around a previous caesarian section scar, which is a common site for paracoccidioidomycosis in the abdominal wall mass presentation."", ""The patient's presentation of a subumblical midline swelling, which was tense, tender, hot, firm in consistency, and nonreducible, is consistent with the clinical presentation of a paracoccidioidomycosis abdominal mass.""]}"
PMC3396855_01,Malaria,Tuberculosis,Schistosomiasis | Malaria,high,0,1,43,121,20,"{""primary_diagnosis"": ""Tuberculosis"", ""confidence"": ""high"", ""differential_diagnoses"": [""Schistosomiasis"", ""Malaria""], ""key_evidence"": [""The patient had a history of residence in western Kenya, where leprosy is endemic."", ""The patient presented with fever, abdominal pain, and bloody stools, which are consistent with amebiasis. However, the patient's presentation was more severe and did not respond to metronidazole treatment."", ""The patient had a history of residence in Hail, Saudi Arabia, where schistosomiasis is documented."", ""The patient had a history of residence in rural Cameroon, where scrub typhus is endemic."", ""The patient had a history of residence in southern Italy, where cutaneous leishmaniasis is endemic."", ""The patient had a history of residence in Senegal, where schistosomiasis is endemic."", ""The patient had a history of residence in Nigeria, where tuberculosis is endemic."", ""The patient had a history of residence in Maharastra, India, where scrub typhus is endemic."", ""The patient had a history of residence in Cameroon, where malaria is endemic."", ""The patient had a history of residence in Nigeria, where malaria is endemic.""]}"
PMC3459876_01,Dengue,Dengue,Scabies | Melioidosis,high,1,1,43,68,20,"{""primary_diagnosis"": ""Dengue"", ""confidence"": ""high"", ""differential_diagnoses"": [""Scabies"", ""Melioidosis""], ""key_evidence"": [""The patient's travel history to Benin, where they lived in shelters with no protection from mosquitoes, and the presence of fever, myalgia, arthralgia, and epigastric pain, which are common symptoms of dengue fever."", ""The patient's history of irregular migration and exposure to mosquitoes, which is a risk factor for dengue infection."", ""The patient's blood count showing neutrophilia and lymphopenia, which can be seen in dengue infection."", ""The patient's history of fever, myalgia, arthralgia, and epigastric pain, which are consistent with dengue fever symptoms."", ""The patient's travel history to the Maldives, where dengue fever is endemic, and the possibility of acquiring the infection there."", ""The patient's history of fever and other symptoms, which align with the clinical presentation of dengue fever.""]}"
PMC3568890_01,Tuberculosis,Tuberculosis,Multidrug-resistant Tuberculosis | Pulmonary Tuberculosis,high,1,1,52,112,20,"{""primary_diagnosis"": ""Tuberculosis"", ""confidence"": ""high"", ""differential_diagnoses"": [""Multidrug-resistant Tuberculosis"", ""Pulmonary Tuberculosis""], ""key_evidence"": [""The patient had a history of recurrent fever, cough, and weight loss, which are key symptoms of tuberculosis."", ""The chest X-ray was suggestive of pulmonary tuberculosis, and the sputum AFB was positive, indicating active pulmonary infection."", ""The patient's HIV status and the presence of HIV-related opportunistic infections (such as tuberculosis) are consistent with the epidemiological risk factors provided."", ""The patient's response to treatment in UCH and the positive sputum AFB after five months of treatment suggest ongoing active tuberculosis infection.""]}"
PMC3573453_01,Tuberculosis,Tuberculosis,Melioidosis | Scabies,high,1,1,43,55,20,"{""primary_diagnosis"": ""Tuberculosis"", ""confidence"": ""high"", ""differential_diagnoses"": [""Melioidosis"", ""Scabies""], ""key_evidence"": [""The patient had a history of fever for two months, which was a prominent clinical manifestation of disseminated extrapulmonary tuberculosis."", ""The patient had a history of ulcerative colitis on prophylactic sulfasalazine, which is a risk factor for tuberculosis."", ""The patient had a history of hip pain and ulcers, which could be secondary to tuberculosis infection."", ""The MRI of bilateral hip revealed altered signal around the left sacroiliac joint, suggestive of an infective etiology."", ""The patient had a history of disseminated tuberculosis as documented in the MRI and urinary PCR reports."", ""The patient had a history of ulcerative colitis, which is a risk factor for tuberculosis."", ""The patient had a history of ulcerative colitis on prophylactic sulfasalazine, which is a risk factor for tuberculosis.""]}"
PMC3579065_03,Neurocysticercosis,Neurocysticercosis,Melioidosis | Tuberculosis,high,1,1,52,65,20,"{""primary_diagnosis"": ""Neurocysticercosis"", ""confidence"": ""high"", ""differential_diagnoses"": [""Melioidosis"", ""Tuberculosis""], ""key_evidence"": [""Brain MRI showed a large intraaxial cystic lesion with a midline shift, consistent with neurocysticercosis.""]}"
PMC3579065_04,Neurocysticercosis,Echinococcosis,Paracoccidioidomycosis | Melioidosis,high,0,0,44,54,20,"{""primary_diagnosis"": ""Echinococcosis"", ""confidence"": ""high"", ""differential_diagnoses"": [""Paracoccidioidomycosis"", ""Melioidosis""], ""key_evidence"": [""The patient had a history of previously diagnosed multiple hepatic hydatid cysts, which is consistent with echinococcosis."", ""The patient underwent a laparotomy for resection of a pelvic hydatid cyst, which is a common surgical procedure in echinococcosis cases."", ""The patient's presentation of abdominal pain, multiple cystic masses, and the need for surgical resection of a hydatid cyst are consistent with echinococcosis.""]}"
PMC3593509_01,Echinococcosis,Echinococcosis,Schistosomiasis | Mycetoma,high,1,1,29,46,20,"{""primary_diagnosis"": ""Echinococcosis"", ""confidence"": ""high"", ""differential_diagnoses"": [""Schistosomiasis"", ""Mycetoma""], ""key_evidence"": [""The patient presented with colicky abdominal pain for 10 years and intermittent passage of small, white grape-like structures in the urine [Figure 1] along with intermittent hematuria; whenever he passed the daughter cyst in urine he was relieved."", ""Renal echinococcosis manifested with colicky pain in the right lumbar flank."", ""The patient's farming occupation in a rural village served as an epidemiological risk factor for Echinococcus infection.""]}"
PMC3919864_01,Tuberculosis,septicemia,tcell prolymphocytic leukemia | tuberculous lymphadenitis,high,0,0,40,161,18,"{""primary_diagnosis"": ""septicemia"", ""confidence"": ""high"", ""differential_diagnoses"": [""tcell prolymphocytic leukemia"", ""tuberculous lymphadenitis""], ""key_evidence"": [""51-year-old male with fever, leukocytosis, thrombocytopenia, and altered consciousness.""]}"
PMC3992805_01,Leishmaniasis,Tuberculosis,Paracoccidioidomycosis | Mycetoma,high,0,0,39,142,20,"{""primary_diagnosis"": ""Tuberculosis"", ""confidence"": ""high"", ""differential_diagnoses"": [""Paracoccidioidomycosis"", ""Mycetoma""], ""key_evidence"": [""Multiple, diffuse, non-ulcerating, papulonodular skin lesions of size 2-18 mm on the limbs, which is consistent with cutaneous tuberculosis."", ""The patient had a history of HIV infection and was on antiretroviral therapy, which can predispose to opportunistic infections like tuberculosis."", ""Skin biopsy showed granulomatous inflammation consistent with cutaneous and subcutaneous tuberculosis.""]}"
PMC3992805_02,Leishmaniasis,Tuberculosis,Paracoccidioidomycosis | Leprosy,high,0,0,40,154,20,"{""primary_diagnosis"": ""Tuberculosis"", ""confidence"": ""high"", ""differential_diagnoses"": [""Paracoccidioidomycosis"", ""Leprosy""], ""key_evidence"": [""Multiple bilateral asymmetrical diffuse, papulonodular, non-itchy skin lesions of size 2-25 mm on the face, trunk and extremities."", ""History of HIV infection and advanced immunosuppression (CD4 count 50 cells/microL)."", ""Skin biopsy showing epithelioid cell granulomas with peripheral lymphocytes and perineural infiltration."", ""Severe lymphocytic and plasma cell infiltrate noted in the skin biopsy."", ""Underlying severe immunosuppression from HIV infection predisposed to severe, chronic relapsing visceral leishmaniasis."", ""Severe HIV infection with extreme CD4 depletion predisposed the patient to opportunistic disseminated talaromycosis."", ""Disseminated tuberculosis occurred as an opportunistic infection in the setting of advanced HIV infection.""]}"
PMC4005210_01,Scrub Typhus,dengue,leptospirosis | melioidosis,high,0,0,52,129,19,"{""primary_diagnosis"": ""dengue"", ""confidence"": ""high"", ""differential_diagnoses"": [""leptospirosis"", ""melioidosis""], ""key_evidence"": [""The patient presented with a history of fever, body ache, and generalized tonic-clonic seizures, which are common symptoms of dengue fever."", ""The patient's laboratory findings, including elevated transaminases (AST 132, ALT 168), are consistent with liver damage seen in dengue infection."", ""The patient's clinical presentation, including the development of respiratory distress, bilateral diffuse infiltrates on chest radiograph, and hypoxemia, are consistent with severe dengue infection (dengue hemorrhagic fever or dengue shock syndrome).""]}"
PMC4005210_02,Scrub Typhus,Tuberculosis,Melioidosis | Scrub Typhus,high,0,1,50,86,20,"{""primary_diagnosis"": ""Tuberculosis"", ""confidence"": ""high"", ""differential_diagnoses"": [""Melioidosis"", ""Scrub Typhus""], ""key_evidence"": [""The patient had a persistent productive cough, which is a common presenting symptom of pulmonary tuberculosis."", ""The patient had a history of fever and cough for 10 days, which is consistent with pulmonary tuberculosis."", ""The patient had a history of agricultural activities and exposure to rural villages, which is a risk factor for tuberculosis."", ""The patient had a chest radiograph showing bilateral diffuse infiltrates, which is consistent with disseminated tuberculosis."", ""The patient had a history of severe abdominal pain, which is a symptom of disseminated tuberculosis."", ""The patient had a history of multiorgan failure (MOF) and succumbed to her illness, which is a severe complication of disseminated tuberculosis."", ""The patient had a history of low platelet count, which is a finding associated with disseminated tuberculosis."", ""The patient had a history of liver enzymes elevation, which is a finding associated with disseminated tuberculosis.""]}"
PMC4150339_01,Echinococcosis|Tuberculosis,Tuberculosis,Leishmaniasis | Melioidosis,high,1,1,48,163,20,"{""primary_diagnosis"": ""Tuberculosis"", ""confidence"": ""high"", ""differential_diagnoses"": [""Leishmaniasis"", ""Melioidosis""], ""key_evidence"": [""Fine needle aspiration cytology confirmed tuberculosis by showing epithelioid clusters and caseous necrosis."", ""Histopathology of the excised lymph node confirmed tuberculosis by demonstrating caseous necrosis, epithelioid cells, and acid-fast bacilli."", ""The patient had a history of furuncles in the axilla, which is a common presentation of tuberculosis in the axillary lymph nodes."", ""The patient had a negative [MASK] test, which could be a reference to a negative Mantoux test for tuberculosis."", ""The patient had a history of fever, which is a common symptom of tuberculosis.""]}"
PMC4154285_01,Tuberculosis,Silicotuberculosis,Pulmonary tuberculosis | Melioidosis,high,1,1,41,151,19,"{""primary_diagnosis"": ""Silicotuberculosis"", ""confidence"": ""high"", ""differential_diagnoses"": [""Pulmonary tuberculosis"", ""Melioidosis""], ""key_evidence"": [""The patient had a history of acute silicosis and was a candidate for lung transplant due to acutely exacerbated silicosis and secondary alveolar proteinosis."", ""The patient had a history of silicosis and was on anti-silicosis medications, which is consistent with silicotuberculosis."", ""The patient's presentation included acute respiratory distress, bilateral alveolar ground glass opacities and consolidations, and interlobular septal thickening, which are characteristic of silicotuberculosis."", ""The patient's history of silicosis and the progression of his condition, including the development of alveolar ground glass opacities and consolidations, is consistent with the progression of silicotuberculosis."", ""The patient's history of tuberculosis and the presence of caseating granulomas on histopathological examination are consistent with silicotuberculosis.""]}"
PMC4285239_01,Dengue,Dengue,Schistosomiasis | Melioidosis,high,1,1,44,39,20,"{""primary_diagnosis"": ""Dengue"", ""confidence"": ""high"", ""differential_diagnoses"": [""Schistosomiasis"", ""Melioidosis""], ""key_evidence"": [""The patient had a history of travel to Japan, which is endemic for dengue fever."", ""The patient presented with fever, headache, retro-orbital pain, malaise, and loss of appetite, which are classic symptoms of dengue fever."", ""The patient's laboratory results showed elevated liver enzymes (LDH, ALT, AST, and GGT) and hyponatremia, which are common in dengue fever."", ""The patient's rash, although not typical for dengue, could be a manifestation of the disease, especially if he was bitten by mosquitoes in Yoyogi Park, which is known to be an endemic area for dengue virus."", ""The outbreak in Yoyogi Park, Tokyo, aligns with the patient's travel history and symptoms, suggesting a possible dengue fever outbreak."", ""The patient's travel history to Japan, including multiple festivals in Yoyogi Park, could have exposed him to the dengue virus."", ""The patient's laboratory tests showed only mild elevations in leukocyte count and differential, which is consistent with dengue fever."", ""The patient's symptoms improved initially but then worsened, which is a characteristic pattern of dengue fever."", ""The patient's travel history to Japan, including multiple festivals in Yoyogi Park, could have exposed him to the dengue virus.""]}"
PMC4329688_01,Dengue,Dengue,Tuberculosis | Leptospirosis,high,1,1,44,138,20,"{""primary_diagnosis"": ""Dengue"", ""confidence"": ""high"", ""differential_diagnoses"": [""Tuberculosis"", ""Leptospirosis""], ""key_evidence"": [""The patient presented with fever, headache, and vomiting, which are classic symptoms of dengue infection."", ""The patient had a history of generalized tonicclonic seizures, which is a known complication of dengue virus infection."", ""The cerebrospinal fluid analysis showed lymphocytosis and protein elevation, which are consistent with dengue encephalitis."", ""The patient's MRI showed multifocal T2-weighted and FLAIR hyperintensities in bilateral cerebral hemispheres, which is characteristic of dengue encephalitis."", ""The patient's clinical presentation, including the presence of pleural effusion and lymphocytosis in the cerebrospinal fluid, supports the diagnosis of dengue encephalitis.""]}"
PMC4341258_01,Tuberculosis,Tuberculosis,Echinococcosis | Melioidosis,high,1,1,52,113,20,"{""primary_diagnosis"": ""Tuberculosis"", ""confidence"": ""high"", ""differential_diagnoses"": [""Echinococcosis"", ""Melioidosis""], ""key_evidence"": [""The patient presented with a rapidly enlarging painless cervical swelling (thyroid swelling) which is a hallmark of thyroid tuberculosis."", ""The patient had a history of a 4-month-old anterior cervical swelling, which is consistent with the presentation of thyroid tuberculosis."", ""The patient's thyroid ultrasound revealed a large lobulated cystic nodule with multiple adjacent cysts in the isthmus, which is consistent with thyroid tuberculosis."", ""The patient's history of a 4-month-old anterior cervical swelling and the presence of a 4 cm nodular cyst of the apex and a 1.5 nodule of the base in the right thyroid lobe are consistent with thyroid tuberculosis."", ""The patient's history of a 4-month-old anterior cervical swelling and the presence of a 4 cm nodular cyst of the apex and a 1.5 nodule of the base in the right thyroid lobe are consistent with thyroid tuberculosis."", ""The patient's history of a 4-month-old anterior cervical swelling and the presence of a 4 cm nodular cyst of the apex and a 1.5 nodule of the base in the right thyroid lobe are consistent with thyroid tuberculosis.""]}"
PMC4534593_01,Amebiasis,Melioidosis,Leprosy | Scabies,high,0,0,41,89,20,"{""primary_diagnosis"": ""Melioidosis"", ""confidence"": ""high"", ""differential_diagnoses"": [""Leprosy"", ""Scabies""], ""key_evidence"": [""Multiple small, scattered nonspecific pulmonary nodules and a 7 mm noncalcified lateral anterior right upper lobe nodule on CT scan, suggestive of a lung abscess."", ""The patient's history of chronic alcohol abuse and the presence of a liver abscess, which is a known complication of melioidosis."", ""The patient's presentation of fever, right upper quadrant abdominal pain, and the presence of a liver abscess, which are consistent with melioidosis.""]}"
PMC4763575_01,Leprosy,Leprosy,Norwegian scabies | Cutaneous leishmaniasis,high,1,1,55,107,20,"{""primary_diagnosis"": ""Leprosy"", ""confidence"": ""high"", ""differential_diagnoses"": [""Norwegian scabies"", ""Cutaneous leishmaniasis""], ""key_evidence"": [""The patient presented with a single well-defined erythematous plaque, 20 x 5 cm with raised borders on the ulnar aspect of right hand and distal forearm, extending to the palm, which is consistent with cutaneous leprosy."", ""The patient had a history of extensive lesions covering the entire skin, which is characteristic of scabies."", ""The patient had a history of extensive lesions covering the entire skin, which is characteristic of scabies."", ""Histopathological examination showed dermal edema, diffuse granulomas composed of Langhans type giant cells, consistent with leprosy."", ""The patient had a history of extensive lesions covering the entire skin, which is characteristic of scabies.""]}"
PMC5124455_01,Viral Hemorrhagic Fevers,Tuberculous meningitis,Neurocysticercosis | Meningococcal meningitis,high,0,0,40,135,20,"{""primary_diagnosis"": ""Tuberculous meningitis"", ""confidence"": ""high"", ""differential_diagnoses"": [""Neurocysticercosis"", ""Meningococcal meningitis""], ""key_evidence"": [""The patient presented with a three-day history of headache, fever, and neck stiffness, with a high-grade fever that was worse in the evening and not associated with chills and rigors. Cerebrospinal fluid (CSF) analysis revealed leucocytosis with 85% lymphocytes, which is consistent with tuberculous meningitis."", ""The patient's CSF examination showed elevated protein and lymphocytes, which are common findings in tuberculous meningitis."", ""The patient's presentation, including the high-grade fever, headache, and neck stiffness, is consistent with meningitis, which can be caused by various pathogens including Mycobacterium tuberculosis.""]}"
PMC5124455_02,Viral Hemorrhagic Fevers,Melioidosis,Paracoccidioidomycosis | Talaromycosis,high,0,0,44,162,18,"{""primary_diagnosis"": ""Melioidosis"", ""confidence"": ""high"", ""differential_diagnoses"": [""Paracoccidioidomycosis"", ""Talaromycosis""], ""key_evidence"": [""The patient presented with fever, headache, and neck pain, which are common symptoms of melioidosis. The presentation of fever, headache, and neck stiffness is consistent with meningitis, which is a known complication of melioidosis."", ""The patient's presentation of fever, headache, and neck stiffness, along with the transient relief of fever with paracetamol, is consistent with meningitis. However, the presence of fever that did not resolve with paracetamol and the absence of other typical meningitis findings (such as meningeal irritation) suggests a more systemic cause, such as melioidosis."", ""The patient's history of fever, headache, and neck stiffness, along with the transient relief of fever with paracetamol, is consistent with meningitis. However, the absence of other typical meningitis findings (such as meningeal irritation) and the presence of fever that did not resolve with paracetamol suggests a more systemic cause, such as melioidosis.""]}"
PMC5124455_03,Viral Hemorrhagic Fevers,Melioidosis,Tuberculosis | Schistosomiasis,high,0,0,40,141,20,"{""primary_diagnosis"": ""Melioidosis"", ""confidence"": ""high"", ""differential_diagnoses"": [""Tuberculosis"", ""Schistosomiasis""], ""key_evidence"": [""The patient presented with recurrent fever of one-week duration, associated with chills and rigors, headache, and neck pain. CSF analysis revealed elevated WBC count with marked lymphocytosis, which is consistent with meningitis. The patient's presentation, including the recurrent fever and neurological signs, is consistent with melioidosis, a disease characterized by fever, headache, and meningitis."", ""The patient's history of recurrent fever and the presence of meningeal signs (neck stiffness and positive Kernig's sign) are consistent with meningitis, which can be caused by melioidosis, tuberculosis, or schistosomiasis."", ""The patient's history of recurrent fever and the presence of meningeal signs (neck stiffness and positive Kernig's sign) are also consistent with tuberculosis, which can present with similar symptoms.""]}"
PMC5124455_04,Viral Hemorrhagic Fevers,Tuberculous meningitis,Dengue meningoencephalitis | Cryptococcal meningitis,high,0,0,43,67,20,"{""primary_diagnosis"": ""Tuberculous meningitis"", ""confidence"": ""high"", ""differential_diagnoses"": [""Dengue meningoencephalitis"", ""Cryptococcal meningitis""], ""key_evidence"": [""Lumbar puncture was performed to evaluate meningitis, demonstrating increased lymphocytes, elevated protein, and decreased glucose."", ""CSF analysis showed elevated ADA and lymphocytic pleocytosis characteristic of tuberculous meningitis."", ""Cryptococcal antigen test on CSF confirmed the diagnosis of cryptococcal meningitis.""]}"
PMC5248410_01,Neurocysticercosis,Scrub Typhus,Melioidosis | Neurocysticercosis,high,0,1,52,163,20,"{""primary_diagnosis"": ""Scrub Typhus"", ""confidence"": ""high"", ""differential_diagnoses"": [""Melioidosis"", ""Neurocysticercosis""], ""key_evidence"": [""Multiple central T2W hyperintense lesions in bilateral cerebral hemispheres involving frontotemporo-parietal occipital, basal ganglia, thalami, and bilateral cerebellar hemispheres, suggestive of central nervous system involvement."", ""The patient presented with irritability, weakness, anxiety, and difficulty in sleep initiation, which are consistent with the prodromal symptoms of scrub typhus."", ""The MRI of the brain showed multiple central T2W hyperintense lesions, which are characteristic of scrub typhus meningitis."", ""The patient's symptoms, including headache, irritability, and weakness, are consistent with the neurological manifestations of scrub typhus meningitis.""]}"
PMC5438857_01,Soil-Transmitted Helminths,Melioidosis,Leishmaniasis | Strongyloides stercoralis infection,high,0,0,46,87,20,"{""primary_diagnosis"": ""Melioidosis"", ""confidence"": ""high"", ""differential_diagnoses"": [""Leishmaniasis"", ""Strongyloides stercoralis infection""], ""key_evidence"": [""The patient had a history of trips to jungle regions of Peru and Brazil, which is a risk factor for melioidosis."", ""The patient presented with hematochezia, abdominal pain, and weight loss, which are common symptoms of fulminant amoebic colitis, a severe form of melioidosis."", ""The patient's history of diverticulitis and the presence of flask-shaped ulcers in the colon are consistent with the presentation of fulminant amoebic colitis."", ""The patient's history of immunosuppression (diabetes mellitus, hypertension, rheumatoid arthritis) and the presence of eosinophilia and anemia are consistent with the systemic manifestations of melioidosis.""]}"
PMC5483369_01,Tuberculosis,Melioidosis,Paracoccidioidomycosis | Talaromycosis,high,0,0,48,130,20,"{""primary_diagnosis"": ""Melioidosis"", ""confidence"": ""high"", ""differential_diagnoses"": [""Paracoccidioidomycosis"", ""Talaromycosis""], ""key_evidence"": [""Multiple mediastinal and mesenteric lymphadenopathies, segmental thickening of colic wall and ascites, and a 2/6 diastolic heart murmur.""]}"
PMC5749200_01,Echinococcosis,Echinococcosis,Schistosomiasis | Melioidosis,high,1,1,51,126,20,"{""primary_diagnosis"": ""Echinococcosis"", ""confidence"": ""high"", ""differential_diagnoses"": [""Schistosomiasis"", ""Melioidosis""], ""key_evidence"": [""The patient presented with a 10 cm x 7 cm x 7 cm thick-walled cyst in segment VIII of liver with multiple loculations, septations, and partially calcified cyst wall, suggestive of echinococcal cyst."", ""The ultrasonography and CT scan findings were consistent with a multiloculated cyst in the segment VIII of liver with calcification, which is characteristic of echinococcal cysts."", ""The patient underwent a percutaneous evacuation of the cyst using a nephroscope, which is a common procedure for echinococcal cysts.""]}"
PMC5779778_01,Echinococcosis,Echinococcosis,Melioidosis | Schistosomiasis,high,1,1,47,54,20,"{""primary_diagnosis"": ""Echinococcosis"", ""confidence"": ""high"", ""differential_diagnoses"": [""Melioidosis"", ""Schistosomiasis""], ""key_evidence"": [""The patient's history of frequent business travels to endemic regions like Sichuan and Guangxi provinces for prolonged periods, which is a known risk factor for Echinococcosis."", ""The presence of multiple space-occupying hydatid cysts in the pelvic cavity, as evidenced by the medical knowledge graph evidence."", ""The patient's history of adnexal mass detection over a 1 year period, which could be indicative of hydatid cysts.""]}"
PMC5917533_01,Tuberculosis,Tuberculosis,Melioidosis | Scabies,high,1,1,43,48,20,"{""primary_diagnosis"": ""Tuberculosis"", ""confidence"": ""high"", ""differential_diagnoses"": [""Melioidosis"", ""Scabies""], ""key_evidence"": [""The patient presented with asthenia, weight loss (17 kg/3-months), dysphagia and compressive thoracic adenopathies (absent on the initial radiography and present on the computed tomography-scan 3-month afterward)."", ""Granulomas were noted on the skin, mediastinal (with significant necrosis) and liver and minor salivary gland biopsies. Kidney biopsy was suggestive of IgA-glomerulonephritis."", ""The patient had persistent hypercalcemia at 14 days after the beginning of [MASK] treatment, which was noted in the context of granulomatous lesions in the minor salivary gland biopsy."", ""The patient had a history of kidney transplantation, which is a known risk factor for tuberculosis.""]}"
PMC6131835_02,Scabies,Tuberculosis,Paracoccidioidomycosis | Leishmaniasis,high,0,0,36,96,20,"{""primary_diagnosis"": ""Tuberculosis"", ""confidence"": ""high"", ""differential_diagnoses"": [""Paracoccidioidomycosis"", ""Leishmaniasis""], ""key_evidence"": [""The patient had a history of malnutrition, respiratory distress, and was HIV positive."", ""The patient had a history of malnutrition, respiratory distress, and was HIV positive."", ""The patient had a history of malnutrition, respiratory distress, and was HIV positive.""]}"
PMC6335926_01,Tuberculosis,Melioidosis,Dengue | Leptospirosis,high,0,0,40,152,20,"{""primary_diagnosis"": ""Melioidosis"", ""confidence"": ""high"", ""differential_diagnoses"": [""Dengue"", ""Leptospirosis""], ""key_evidence"": [""The patient presented with a 1-month history of abdominal pain, headache, and nightly fevers, and a 1-week history of seizures, which are consistent with meningeal melioidosis. The lumbar puncture showed white blood cells of 720 cells/mm3 (90% mononuclear) and elevated protein, which is typical of melioidosis."", ""The patient's presentation of meningeal signs, including neck stiffness and bilateral abducens palsy, is consistent with meningeal melioidosis. The spinal tenderness at T 10-11 is also a characteristic finding in melioidosis."", ""The endemic nature of melioidosis in the Democratic Republic of Congo, with a high incidence of 323 cases per year per 100,000 inhabitants, aligns with the patient's epidemiological risk factors.""]}"
PMC6345088_01,Leprosy,Malaria,Schistosomiasis | Tuberculosis,high,0,0,46,118,20,"{""primary_diagnosis"": ""Malaria"", ""confidence"": ""high"", ""differential_diagnoses"": [""Schistosomiasis"", ""Tuberculosis""], ""key_evidence"": [""The patient had a history of recent diagnosis of [MASK] as evidenced by hypoaesthetic annular plaques on trunk and limbs, which is consistent with cutaneous leishmaniasis."", ""The patient presented with fever, productive cough, and cyanosis, which are classic symptoms of severe falciparum malaria. The patient's clinical presentation, including the history of recent [MASK] diagnosis, and the response to initial antimalarial therapy (quinidine gluconate) support this diagnosis."", ""The patient's laboratory findings, such as low oxygen saturation (SpO2 = 84-88%), dark-colored radial artery and venous blood, and the response to oxygen therapy, are consistent with severe falciparum malaria.""]}"
PMC6375019_01,Tuberculosis,Melioidosis,Leptospirosis | Malaria,high,0,0,39,101,20,"{""primary_diagnosis"": ""Melioidosis"", ""confidence"": ""high"", ""differential_diagnoses"": [""Leptospirosis"", ""Malaria""], ""key_evidence"": [""The patient had hypercalcemia, which is secondary to increased secretion of 1,25-dihydroxyvitamin D from the granulomatous tissue in the terminal ileum, which is secondary to [MASK]. The laboratory parameters of the patient before and after [MASK] have been depicted in Table 1."", ""The patient presented with diffuse abdominal pain, vomiting, and abdominal tenderness, which are common symptoms of melioidosis. The patient also had oliguria, which is a known complication of melioidosis."", ""The patient had a high serum calcium level (12.8 mg/dL) and a high 1,25-dihydroxyvitamin D level (318 pmol/L), which are consistent with hypercalcemia and secondary hyperparathyroidism, often seen in melioidosis."", ""The patient had a biopsy from the ileal ulcer and from the mesenteric lymph nodes, which showed necrosis with noncaseating granuloma containing Langhans giant cells and multiple discrete and large nonconfluent granulomas composed of epithelioid histiocytes and multinucleated giant cells.""]}"
PMC6612987_01,Scrub Typhus,echinococcosis,schistosomiasis | melioidosis,high,0,0,43,168,20,"{""primary_diagnosis"": ""echinococcosis"", ""confidence"": ""high"", ""differential_diagnoses"": [""schistosomiasis"", ""melioidosis""], ""key_evidence"": [""The patient presented with severe right upper quadrant abdominal pain, distension, and guarding, which are consistent with the presentation of echinococcosis.""]}"
PMC6679697_01,Zika Virus,Zika virus,Malaria | Tuberculosis,high,1,1,40,158,20,"{""primary_diagnosis"": ""Zika virus"", ""confidence"": ""high"", ""differential_diagnoses"": [""Malaria"", ""Tuberculosis""], ""key_evidence"": [""The patient presented with multiple congenital abnormalities including microcephaly, which is strongly associated with maternal Zika virus infection."", ""The patient had a history of fever, myalgia, and vomiting, which are common symptoms of Zika virus infection."", ""The patient's fetus was diagnosed with congenital Zika syndrome, which is characterized by microcephaly and other severe fetal malformations."", ""Zika virus RNA was detected in the placental tissue, confirming vertical transmission."", ""The patient's history of maternal multidrug-resistant tuberculosis and its complex therapy was associated with severe fetal growth restriction, which could have contributed to the congenital anomalies.""]}"
PMC6679697_02,Zika Virus,Zika virus,Tuberculosis | Malaria,high,1,1,45,160,20,"{""primary_diagnosis"": ""Zika virus"", ""confidence"": ""high"", ""differential_diagnoses"": [""Tuberculosis"", ""Malaria""], ""key_evidence"": [""The patient presented with severe generalized itching and maculopapular rash, anorexia, nausea, vomiting, and headache, which are consistent with Zika virus infection."", ""Multiple fetal ultrasonographies showed microcephaly, ventriculomegaly, and absence of fetal hands, which are characteristic findings of congenital Zika syndrome."", ""The patient's history of illness with fever, myalgias, and vomiting, along with the positive ZIKV RT-PCR result, supports the diagnosis of Zika virus infection.""]}"
PMC6735636_01,Schistosomiasis,Tuberculosis,Melioidosis | Leishmaniasis,high,0,0,50,65,20,"{""primary_diagnosis"": ""Tuberculosis"", ""confidence"": ""high"", ""differential_diagnoses"": [""Melioidosis"", ""Leishmaniasis""], ""key_evidence"": [""The patient presented with weight loss, intermittent fever, nonproductive cough, thoracic pain, abdominal pain, and increased abdominal girth, nausea and vomiting. These symptoms are consistent with pulmonary and visceral manifestations of tuberculosis."", ""The patient had a history of pulmonary tuberculosis and was on anti-tuberculosis treatment. The current presentation of worsening abdominal pain, nausea and vomiting, and respiratory distress could be indicative of disseminated tuberculosis."", ""The autopsy findings showed granulomatous reaction with eosinophilic infiltration, which is characteristic of tuberculosis. The presence of embryonated eggs and granulomatous reaction with eosinophilic infiltration are also consistent with tuberculosis."", ""The patient's history of living in Rio de Janeiro, Brazil, which is an endemic area for leprosy, and the presence of lymphadenomegaly with granulomatous reaction, could suggest leishmaniasis. However, the presence of pulmonary and visceral manifestations is more consistent with tuberculosis.""]}"
PMC6875249_01,Tuberculosis,Tuberculosis peritonitis,Leishmaniasis | Melioidosis,high,1,1,40,54,20,"{""primary_diagnosis"": ""Tuberculosis peritonitis"", ""confidence"": ""high"", ""differential_diagnoses"": [""Leishmaniasis"", ""Melioidosis""], ""key_evidence"": [""The patient had a history of pelvic mass and ascites, which is consistent with peritoneal tuberculosis."", ""The presence of peritoneal nodularity and diffuse peritoneal fixation with hypermetabolism at the right ovary on PET/CT scan, which is characteristic of peritoneal tuberculosis."", ""The elevated CA-125 level, which is often seen in peritoneal tuberculosis and can mimic ovarian cancer."", ""The presence of peritoneal carcinomatosis on imaging, which was histologically confirmed as peritoneal tuberculosis."", ""The patient's history of pelvic mass and ascites, which is consistent with peritoneal tuberculosis.""]}"
PMC7102467_01,Malaria,Malaria,Paracoccidioidomycosis | Tuberculosis,high,1,1,38,153,20,"{""primary_diagnosis"": ""Malaria"", ""confidence"": ""high"", ""differential_diagnoses"": [""Paracoccidioidomycosis"", ""Tuberculosis""], ""key_evidence"": [""The patient had a recent travel history to Nigeria, which is an endemic area for malaria."", ""The patient presented with fever, myalgias, and body aches, which are common symptoms of malaria."", ""The patient's hematologic findings (low platelet count) and parasitemia level (increased from 1.6% to 12.24%) are consistent with severe malaria."", ""The patient's symptoms resolved after treatment with antimalarial drugs, which is typical for malaria."", ""The patient's travel history and clinical presentation are consistent with a Plasmodium falciparum infection.""]}"
PMC7266615_01,Leishmaniasis,Schistosomiasis,Melioidosis | Tuberculosis,high,0,0,48,49,20,"{""primary_diagnosis"": ""Schistosomiasis"", ""confidence"": ""high"", ""differential_diagnoses"": [""Melioidosis"", ""Tuberculosis""], ""key_evidence"": [""The patient presented with splenomegaly and hepatomegaly, which are common findings in schistosomiasis."", ""The patient had a history of residing in Assam, which is an endemic region for melioidosis."", ""The patient had a history of residing in Khuzestan Province, which is an endemic region for schistosomiasis."", ""The patient had a history of residing in western Iran, which is an endemic region for hydatid disease (echinococcosis)."", ""The patient had a history of residing in Tamil Nadu, which is an endemic region for melioidosis."", ""The patient had a history of residing in Hail, Saudi Arabia, where schistosomiasis was documented.""]}"
PMC7266615_02,Leishmaniasis,Melioidosis,Leishmaniasis | Tuberculosis,high,0,1,46,85,20,"{""primary_diagnosis"": ""Melioidosis"", ""confidence"": ""high"", ""differential_diagnoses"": [""Leishmaniasis"", ""Tuberculosis""], ""key_evidence"": [""The patient had recurrent pancytopenia, persistent splenomegaly, and a history of five previous hospitalizations for [MASK] treatment."", ""The patient underwent splenectomy and had multiple discrete abscesses in the spleen confirmed by MRI."", ""The patient had a history of splenic abscesses developing as a paradoxical response to antituberculosis chemotherapy."", ""The patient had a history of splenic tuberculosis resulting in pancytopenia and splenomegaly."", ""The patient had a history of splenic melioidosis resulting in multiple clustered microabscesses throughout the spleen.""]}"
PMC8077677_01,Echinococcosis,Echinococcosis,Schistosomiasis | Melioidosis,high,1,1,48,85,20,"{""primary_diagnosis"": ""Echinococcosis"", ""confidence"": ""high"", ""differential_diagnoses"": [""Schistosomiasis"", ""Melioidosis""], ""key_evidence"": [""The patient had a palpable abdominal mass in the left upper quadrant, which is consistent with splenic echinococcosis."", ""The patient's ultrasound and CT scan findings of multiple hypodense lesions distributed throughout the liver, with the largest lesion in the posterior segment of the right lobe measuring approximately 72 x 55 mm, which did not exhibit enhancement on contrast imaging, is consistent with echinococcosis."", ""The patient's history of contact with pet dogs (dogs are a common intermediate host for Echinococcus species) and the presence of a palpable abdominal mass in the left upper quadrant are consistent with splenic echinococcosis."", ""The patient's history of contact with pet dogs (dogs are a common intermediate host for Echinococcus species) and the presence of a palpable abdominal mass in the left upper quadrant are consistent with splenic echinococcosis.""]}"
PMC8243228_01,Tuberculosis,Melioidosis,Leptospirosis | Tuberculosis,high,0,1,51,53,20,"{""primary_diagnosis"": ""Melioidosis"", ""confidence"": ""high"", ""differential_diagnoses"": [""Leptospirosis"", ""Tuberculosis""], ""key_evidence"": [""The patient had preexisting diabetes mellitus as a risk factor for melioidosis."", ""The patient presented with severe abdominal pain, hypotension, and sepsis, which are common in melioidosis."", ""The patient's history of diabetes mellitus and the presence of abscesses and carcinomatosis in the surgical report are consistent with melioidosis.""]}"
PMC8243228_02,Tuberculosis,tuberculosis,schistosomiasis | echinococcosis,high,1,1,48,172,20,"{""primary_diagnosis"": ""tuberculosis"", ""confidence"": ""high"", ""differential_diagnoses"": [""schistosomiasis"", ""echinococcosis""], ""key_evidence"": [""The patient presented with a history of incarceration for almost two years, which is a risk factor for tuberculosis."", ""The patient had a history of acute appendicitis, which can be associated with tuberculosis, especially in endemic areas."", ""The patient's presentation of diffuse abdominal pain, weight loss, and the presence of nodules in the peritoneum during exploratory laparotomy are consistent with tuberculosis.""]}"
PMC8374937_02,Talaromycosis,Tuberculosis,Melioidosis | Leishmaniasis,high,0,0,27,20,20,"{""primary_diagnosis"": ""Tuberculosis"", ""confidence"": ""high"", ""differential_diagnoses"": [""Melioidosis"", ""Leishmaniasis""], ""key_evidence"": [""The patient had a history of tuberculosis, which was not fully resolved, and the current presentation includes multiple nodules and ascites, which are consistent with active pulmonary tuberculosis."", ""The patient's history of rheumatic mitral-aortic and tricuspid polyvalvulopathy, along with the presence of pericardial cysts and thick pericardium, could suggest a chronic inflammatory process, which is consistent with tuberculosis."", ""The presence of ascites and splenic abscess, as well as the history of tuberculosis, supports the diagnosis of pericardial tuberculosis, which is a known complication of tuberculosis.""]}"
PMC8374937_03,Talaromycosis,Melioidosis,Cholera | Tuberculosis,high,0,0,43,59,20,"{""primary_diagnosis"": ""Melioidosis"", ""confidence"": ""high"", ""differential_diagnoses"": [""Cholera"", ""Tuberculosis""], ""key_evidence"": [""The patient presented with a history of intermittent lower abdominal pain, nausea, biliary vomiting, and asthenia, which are common symptoms of both melioidosis and tuberculosis. The abdominal pain was severe and exacerbated by touch, consistent with peritonitis seen in both conditions."", ""The exploratory laparotomy revealed a small perforation in the terminal ileum, which is a finding consistent with both melioidosis and tuberculosis. The presence of caseating granulomas on histopathological examination is also consistent with tuberculosis."", ""The patient's history of HIV and poor adherence to antiretroviral medication, as well as intermittent episodes of coughing, bloody stools, and weight loss, could suggest tuberculosis. However, melioidosis is also known to occur in immunocompromised individuals and can present with similar gastrointestinal symptoms.""]}"
PMC9309810_01,Tuberculosis,tuberculosis,acute respiratory distress syndrome | acute cerebral herniation,high,1,1,33,20,20,"{""primary_diagnosis"": ""tuberculosis"", ""confidence"": ""high"", ""differential_diagnoses"": [""acute respiratory distress syndrome"", ""acute cerebral herniation""], ""key_evidence"": [""The patient developed severe dyspnea, hypoxemia, and acute respiratory distress syndrome (ARDS) requiring intubation and mechanical ventilation."", ""The patient progressed into a coma before succumbing to shock, which is a hallmark of severe tuberculous meningitis."", ""The patient had a positive tuberculin skin test and bilateral pulmonary infiltrates on chest radiograph, which are common in tuberculosis."", ""The patient's condition deteriorated rapidly, leading to severe hypoxemia and acute respiratory distress syndrome, which are consistent with disseminated pulmonary tuberculosis."", ""The patient's history of spontaneous abortion and the presence of bilateral pulmonary infiltrates are suggestive of disseminated pulmonary tuberculosis.""]}"
PMC9393029_01,Amebiasis|Schistosomiasis,Dengue,Schistosomiasis | Melioidosis,high,0,1,48,99,20,"{""primary_diagnosis"": ""Dengue"", ""confidence"": ""high"", ""differential_diagnoses"": [""Schistosomiasis"", ""Melioidosis""], ""key_evidence"": [""The patient presented with bloody diarrhea, vomiting, fever, arthralgia, and significant weight loss, which are common symptoms of dengue fever."", ""The patient had a history of swimming in a pond, which is a known risk factor for dengue infection."", ""The patient's laboratory findings, including elevated transaminases and bilirubin levels, are consistent with dengue fever."", ""The patient's clinical presentation, including the combination of symptoms such as fever, rash, and hemorrhagic manifestations, is characteristic of dengue fever."", ""The patient's history of multiple treatments for gastritis and consideration of a liver abscess, along with the recommendation for further investigation, suggests a need to rule out other conditions such as schistosomiasis and melioidosis.""]}"
PMC9533800_01,Tuberculosis,Tuberculosis,Melioidosis | Leprosy,high,1,1,45,133,19,"{""primary_diagnosis"": ""Tuberculosis"", ""confidence"": ""high"", ""differential_diagnoses"": [""Melioidosis"", ""Leprosy""], ""key_evidence"": [""The patient had a history of occupational exposure to [MASK] in [MASK] and delivered [MASK] medications to patients with active pulmonary [MASK]."", ""Computed tomography (CT) chest without contrast demonstrated evidence of diffuse ground-glass opacities, peri-pancreatic inflammation, and a moderate right-sided pleural effusion."", ""Pleural fluid ADA was performed with ARUP Laboratories and was interpreted as within normal limits at 18 U/L (reference range 0-30 U/L)."", ""Histopathological examination of resected lung specimens demonstrated caseating granulomas diagnostic of active tuberculosis."", ""The patient had a fever of 102.4 F with otherwise stable hemodynamics and no oxygen requirement."", ""Chest pain was a prominent presenting symptom of pleural tuberculosis."", ""The patient had a history of occupational exposure to [MASK] in [MASK] and delivered [MASK] medications to patients with active pulmonary [MASK].""]}"
PMC9816882_01,Tuberculosis,Melioidosis,Tuberculosis | Leishmaniasis,high,0,1,56,68,20,"{""primary_diagnosis"": ""Melioidosis"", ""confidence"": ""high"", ""differential_diagnoses"": [""Tuberculosis"", ""Leishmaniasis""], ""key_evidence"": [""The patient presented with nodular abscesses and cutaneous fistulae, which are characteristic features of Melioidosis. The nodular abscesses and cutaneous fistulae are consistent with the patient's clinical presentation."", ""The patient's nodular abscesses and cutaneous fistulae are also consistent with the presentation of cutaneous manifestations of Tuberculosis, but the patient's history and imaging did not support this diagnosis."", ""The patient's nodular abscesses and cutaneous fistulae are also consistent with the presentation of cutaneous manifestations of Leishmaniasis, but the patient's history and imaging did not support this diagnosis.""]}"
PMC10248429_01,Tuberculosis,Tuberculosis,Malaria | Schistosomiasis,high,1,1,43,69,20,"{""primary_diagnosis"": ""Tuberculosis"", ""confidence"": ""high"", ""differential_diagnoses"": [""Malaria"", ""Schistosomiasis""], ""key_evidence"": [""The patient presented with a cough productive of whitish sputum, drenching night sweats, and a significant unquantified amount of weight loss, which are classic symptoms of tuberculosis."", ""The patient had a solitary, non-tender, firm lymph node in the left axillary fossa measuring 2x3 centimeters, which is a characteristic finding in lymphadenitis associated with tuberculosis."", ""The patient's chest CT scan showed multiple small nodules and small patchy high-density shadows in both lungs, which is consistent with extrapulmonary tuberculosis."", ""The patient's history of smoking and the presence of a mixed-density mass in the left upper lobe of the lung, with localized thinning of the left pulmonary artery, are suggestive of lung cancer, but the presence of multiple small nodules and small patchy high-density shadows in both lungs could also be indicative of tuberculosis.""]}"
PMC10267541_02,Tuberculosis,Tuberculosis,Melioidosis | Malaria,high,1,1,49,87,20,"{""primary_diagnosis"": ""Tuberculosis"", ""confidence"": ""high"", ""differential_diagnoses"": [""Melioidosis"", ""Malaria""], ""key_evidence"": [""Histopathological examination revealed caseating tuberculous granulomas in the placenta, supporting the diagnosis of gestational tuberculosis."", ""Malaria was presented during the patient's 28-week pregnancy, complicating the clinical management."", ""The patient had a history of vaginal bleeding and sub-placental hematoma, which could be associated with placental infection."", ""The patient had a history of a retained placenta and a sub-placental hematoma, which could be indicative of placental infection.""]}"
PMC10321781_01,Echinococcosis,Melioidosis,Paracoccidioidomycosis | Talaromycosis,high,0,0,57,80,20,"{""primary_diagnosis"": ""Melioidosis"", ""confidence"": ""high"", ""differential_diagnoses"": [""Paracoccidioidomycosis"", ""Talaromycosis""], ""key_evidence"": [""The patient presented with a swelling on the left side of the face for 1 month, which is consistent with the clinical presentation of Melioidosis, characterized by chronic abscesses and granulomas.""]}"
PMC10362657_01,Echinococcosis,Tuberculosis,Mycetoma | Leprosy,high,0,0,49,121,20,"{""primary_diagnosis"": ""Tuberculosis"", ""confidence"": ""high"", ""differential_diagnoses"": [""Mycetoma"", ""Leprosy""], ""key_evidence"": [""Computed tomography of the chest and abdomen revealed multiple well-defined hypodense lesions with mildly enhancing wall and internal septa in the left lung, liver, left adrenal gland, spleen, peritoneum with chest wall extension, suggestive of disseminated tuberculosis."", ""The patient had a 6-month history of breathlessness, swelling of the chest wall, hoarseness of voice, blackish discoloration of the right foot, and chest pain, which are consistent with symptoms of tuberculosis, including hemoptysis, chest pain, and skin lesions."", ""The patient's chest CT scan showed multiple nodules and cavities in both lungs, consistent with active pulmonary tuberculosis."", ""The patient's history of chronic smoking and farmer occupation, along with the presence of multiple lesions, supports the possibility of tuberculosis.""]}"
PMC10839419_01,Echinococcosis,Echinococcosis,Leishmaniasis | Melioidosis,high,1,1,52,106,20,"{""primary_diagnosis"": ""Echinococcosis"", ""confidence"": ""high"", ""differential_diagnoses"": [""Leishmaniasis"", ""Melioidosis""], ""key_evidence"": [""The patient presented with a painful and progressively enlarging mass in the right gluteal region over a period of three years, with no fever or weight loss. The mass was nonpainful, noninflammatory, and had a cystic-solid appearance on ultrasound and MRI."", ""The patient had a hydatid cyst located in the gluteus maximus muscle, which is consistent with echinococcosis. The cystic-solid mass within the gluteus maximus muscle was observed on ultrasound and MRI, and the mass extended into the gluteal region."", ""The patient's history and imaging findings are consistent with echinococcosis, a parasitic disease caused by the larval stage of the Echinococcus multilocularis or Echinococcus granulosus. The cystic-solid mass within the gluteus maximus muscle is a characteristic finding in echinococcosis."", ""The patient's serological test was positive, which is consistent with the presence of antibodies against Echinococcus, a hallmark of echinococcosis.""]}"
PMC10846554_01,Trypanosomiasis,Melioidosis,Tuberculosis | Leptospirosis,high,0,0,42,59,20,"{""primary_diagnosis"": ""Melioidosis"", ""confidence"": ""high"", ""differential_diagnoses"": [""Tuberculosis"", ""Leptospirosis""], ""key_evidence"": [""The patient had a history of chronic renal disease and renal dysfunction, which can be a severe complication of melioidosis."", ""The patient's presentation includes fever, muscle pain, and weakness, which are consistent with both melioidosis and leptospirosis."", ""The patient's renal dysfunction and bone lesions are consistent with melioidosis, a disease known to cause osteomyelitis and bone destruction.""]}"
PMC10846554_02,Trypanosomiasis,Melioidosis,Paracoccidioidomycosis | Tuberculosis,high,0,0,46,100,20,"{""primary_diagnosis"": ""Melioidosis"", ""confidence"": ""high"", ""differential_diagnoses"": [""Paracoccidioidomycosis"", ""Tuberculosis""], ""key_evidence"": [""The patient presented with significant nonspecific electrocardiographic changes and diastolic dysfunction, which has been suggested as an early expression of [MASK]."", ""The patient had a history of multiple myeloma and subsequent stem cell transplantation, which predisposes to opportunistic infections, including tuberculosis."", ""The patient had a history of melphalan and prednisone use, which is associated with increased risk of opportunistic infections, including tuberculosis."", ""The patient had a significant increase in parasitemia 28 months post-transplant, representing 10x the mean of three pre-transplant samples, and the highest number (256 par Eq/mL) was detected 33.5 months post-transplant, showing 50x the mean of par Eq/mL pre-transplant and 80x the lowest pre-transplant number of parasites Eq/ml."", ""The patient had a history of melphalan and prednisone use, which is associated with increased risk of opportunistic infections, including tuberculosis."", ""The patient had a history of melphalan and prednisone use, which is associated with increased risk of opportunistic infections, including tuberculosis."", ""The patient had a history of melphalan and prednisone use, which is associated with increased risk of opportunistic infections, including tuberculosis.""]}"
PMC10846554_04,Trypanosomiasis,Melioidosis,Schistosomiasis | Talaromycosis,high,0,0,52,93,20,"{""primary_diagnosis"": ""Melioidosis"", ""confidence"": ""high"", ""differential_diagnoses"": [""Schistosomiasis"", ""Talaromycosis""], ""key_evidence"": [""The patient had a history of multiple relapses and was treated with different regimens, evolving as a stable disease. During all the follow-ups until 66 months post-transplant, cPCR maintained negative results (Table 1)."", ""The patient had a history of multiple relapses and was treated with different regimens, evolving as a stable disease. During all the follow-ups until 66 months post-transplant, cPCR maintained negative results (Table 1)."", ""Bone destruction was observed in multiple osteolytic bone lesions involving the spine, ribs, bilateral iliac bones, and right acetabulum. The patient had mild dysphagia and diarrhea (Table 1)."", ""The patient had a history of multiple relapses and was treated with different regimens, evolving as a stable disease. During all the follow-ups until 66 months post-transplant, cPCR maintained negative results (Table 1)."", ""The patient had a history of multiple relapses and was treated with different regimens, evolving as a stable disease. During all the follow-ups until 66 months post-transplant, cPCR maintained negative results (Table 1)."", ""The patient had a history of multiple relapses and was treated with different regimens, evolving as a stable disease. During all the follow-ups until 66 months post-transplant, cPCR maintained negative results (Table 1).""]}"
PMC10846554_07,Trypanosomiasis,Melioidosis,Leishmaniasis | Schistosomiasis,high,0,0,43,85,20,"{""primary_diagnosis"": ""Melioidosis"", ""confidence"": ""high"", ""differential_diagnoses"": [""Leishmaniasis"", ""Schistosomiasis""], ""key_evidence"": [""xray left hand [diagnostic_test]: Plain radiograph demonstrating osteolytic lesions over the head and neck of the third metacarpal bone."", ""bone biopsy histopathology [diagnostic_test]: Microscopic examination of intra-osseous curettage tissue confirming caseous necrosis surrounded by epithelioid and L-forms of bacteria."", ""osteomyelitis [disease]: Calvarial bone infection of the inner table of the skull flap identified during craniectomy.""]}"
PMC10846554_08,Trypanosomiasis,Tuberculosis,Neurocysticercosis | Paracoccidioidomycosis,high,0,0,52,134,20,"{""primary_diagnosis"": ""Tuberculosis"", ""confidence"": ""high"", ""differential_diagnoses"": [""Neurocysticercosis"", ""Paracoccidioidomycosis""], ""key_evidence"": [""The patient had a history of multiple bone lesions (skull and vertebrae) and was treated with thalidomide and dexamethasone plus radiotherapy for multiple myeloma (MM)."", ""The patient had a history of lumbar and thoracic spine pain, and multiple bone lesions (skull and vertebrae)."", ""The patient had a history of MM and was treated with thalidomide and dexamethasone plus radiotherapy for MM. The patient was also treated with VCD and CD, with no response."", ""The patient had a history of MM and was treated with thalidomide and dexamethasone plus radiotherapy for MM. The patient was also treated with VCD and CD, with no response."", ""The patient had a history of MM and was treated with thalidomide and dexamethasone plus radiotherapy for MM. The patient was also treated with VCD and CD, with no response."", ""The patient had a history of MM and was treated with thalidomide and dexamethasone plus radiotherapy for MM. The patient was also treated with VCD and CD, with no response."", ""The patient had a history of MM and was treated with thalidomide and dexamethasone plus radiotherapy for MM. The patient was also treated with VCD and CD, with no response."", ""The patient had a history of MM and was treated with thalidomide and dexamethasone plus radiotherapy for MM. The patient was also treated with VCD and CD, with no response.""]}"
PMC10846554_09,Trypanosomiasis,Tuberculosis,Melioidosis | Echinococcosis,high,0,0,46,116,20,"{""primary_diagnosis"": ""Tuberculosis"", ""confidence"": ""high"", ""differential_diagnoses"": [""Melioidosis"", ""Echinococcosis""], ""key_evidence"": [""Bone tuberculosis was confirmed by bacteriological culture positive for Mycobacterium tuberculosis."", ""Histopathological examination demonstrated Langhans giant cells and necrotic bone characteristic of bone tuberculosis."", ""Multifocal osteomyelitis was presented with multiple peripheral joints osteomyelitis, consistent with disseminated tuberculosis.""]}"
PMC10896102_01,Talaromycosis,Talaromycosis,Paracoccidioidomycosis | Melioidosis,high,1,1,42,79,20,"{""primary_diagnosis"": ""Talaromycosis"", ""confidence"": ""high"", ""differential_diagnoses"": [""Paracoccidioidomycosis"", ""Melioidosis""], ""key_evidence"": [""The patient had a history of HIV infection, which predisposed to disseminated talaromycosis."", ""The patient had a history of residing in Guangzhou, China, which is an endemic focus for talaromycosis."", ""The patient had a history of residing in Hebei Province, China, which is an endemic focus for talaromycosis."", ""The patient had a history of HIV infection, which contributed to underlying immune compromise predisposing to disseminated talaromycosis."", ""The patient had a history of HIV infection, which provided an immunosuppressed background for severe intraocular echinococcosis."", ""The patient had a history of HIV infection, which provided an immunosuppressed background for severe, chronic relapsing visceral leishmaniasis."", ""The patient had a history of HIV infection, which provided an immunosuppressed background for severe crusted scabies."", ""The patient had a history of HIV infection, which provided an immunosuppressed background for disseminated and esophageal tuberculosis."", ""The patient had a history of HIV infection, which provided an immunosuppressed background for cutaneous leishmaniasis.""]}"
PMC11068466_01,Tuberculosis,Papulonecrotic tuberculid,Schistosomiasis | Mycetoma,high,0,0,45,86,20,"{""primary_diagnosis"": ""Papulonecrotic tuberculid"", ""confidence"": ""high"", ""differential_diagnoses"": [""Schistosomiasis"", ""Mycetoma""], ""key_evidence"": [""Multiple hard, mobile, discrete, non-tender cervical lymph nodes with healed ulceration and induration on skin test."", ""Fine needle aspiration cytology showing caseating granulomatous inflammation."", ""Biopsy of the overlying skin showing central necrosis with peripheral granuloma formation."", ""Cutaneous examination demonstrating discrete brown smooth nodules suggestive of cutaneous tuberculosis."", ""Positive Casoni test indicating immune reactivity to hydatid echinococcosis.""]}"
PMC11122169_01,Leishmaniasis,leishmaniasis,malaria | schistosomiasis,high,1,1,43,45,20,"{""primary_diagnosis"": ""leishmaniasis"", ""confidence"": ""high"", ""differential_diagnoses"": [""malaria"", ""schistosomiasis""], ""key_evidence"": [""The patient resided in a mountainous region of Hebei Province, which is an endemic area for visceral leishmaniasis."", ""The patient had a history of tick bites and exposure to undercooked goat meat and blood, which are risk factors for visceral leishmaniasis.""]}"
PMC11178661_01,Echinococcosis,Paracoccidioidomycosis,Melioidosis | Talaromycosis,high,0,0,54,123,20,"{""primary_diagnosis"": ""Paracoccidioidomycosis"", ""confidence"": ""high"", ""differential_diagnoses"": [""Melioidosis"", ""Talaromycosis""], ""key_evidence"": [""The patient presented with a persistent productive cough, which is a primary presenting symptom of pulmonary paracoccidioidomycosis."", ""The patient's history of chewing vegetables while working in rural activities is consistent with the risk factors for paracoccidioidomycosis."", ""The patient's biopsy of the hard palate lesions showed moriform appearance and poorly defined borders, which are characteristic of oral lesions in paracoccidioidomycosis.""]}"
PMC11768316_01,Scrub Typhus,Scabies,Leprosy | Paracoccidioidomycosis,high,0,0,46,75,20,"{""primary_diagnosis"": ""Scabies"", ""confidence"": ""high"", ""differential_diagnoses"": [""Leprosy"", ""Paracoccidioidomycosis""], ""key_evidence"": [""The patient presented with a generalized erythematous rash without infiltration on the face, trunk, and limbs, which is a characteristic feature of scabies."", ""The patient's history of living in a forest area and working on a farm adjacent to her house, combined with the presence of a scab wound on the left calf, supports the possibility of a vector-borne disease such as scabies.""]}"
PMC12178708_01,Amebiasis,Melioidosis,Leishmaniasis | Tuberculosis,high,0,0,51,100,20,"{""primary_diagnosis"": ""Melioidosis"", ""confidence"": ""high"", ""differential_diagnoses"": [""Leishmaniasis"", ""Tuberculosis""], ""key_evidence"": [""The patient had a history of diarrhea and abdominal pain two months before presentation, which resolved spontaneously without treatment."", ""Laboratory results revealed a positive HIV antibody test, and further tests showed a CD4 count (163.4 cells/muL) and viral load (153,270 copies/mL)."", ""Enhanced abdominal CT scan revealed low-density areas in the right lobe of the liver, with a CT value of approximately 30 Hounsfield Unit (HU) and peripheral ring enhancement observed after the administration of contrast material, suggestive of an abscess."", ""The patient had pleuropulmonary involvement and CT findings suggestive of abscess rupture into the pleural space, with ultrasound-guided thoracentesis yielding 1500 mL of a 'fishy-smelling' fluid with a pH of 6.0 and a positive Gram stain for gram-negative bacilli."", ""The patient was administered amoxicillin-clavulanic acid empirically without clinical improvement, and oral amoxicillin-clavulanate was prescribed for five months as maintenance therapy for melioidosis.""]}"
PMC12745226_01,Tuberculosis,Talaromycosis,Echinococcosis | Melioidosis,high,0,0,47,99,20,"{""primary_diagnosis"": ""Talaromycosis"", ""confidence"": ""high"", ""differential_diagnoses"": [""Echinococcosis"", ""Melioidosis""], ""key_evidence"": [""The patient had a left thoracic space-occupying lesion that had gradually enlarged over six months, with a heterogeneous mass beneath the pleura in the posterior basal segment of the left lower lobe, containing multiple calcifications."", ""The patient had extensive filamentous fibrous adhesions in the left thoracic cavity, resulting in injury to the lung lobe during port creation and difficulty in locating the lesion."", ""The intraoperative findings included a firm lesion measuring approximately 25 mm x 20 mm in the posterior basal segment of the left lower lobe, with a large, amorphous, eosinophilic acellular necrotic area consistent with caseation, surrounded by dense fibrous encapsulation with focal hyalinization."", ""The patient's postoperative histopathology revealed a large, amorphous, eosinophilic acellular necrotic area consistent with caseation, surrounded by dense fibrous encapsulation with focal hyalinization."", ""The patient's clinical presentation and imaging findings are consistent with talaromycosis, a systemic or focal fungal infection caused by Talaromyces marneffei, manifesting as acute mediastinitis.""]}"
PMC2827381_01,Tuberculosis,Tuberculosis,Paracoccidioidomycosis | Melioidosis,high,1,1,51,68,20,"{""primary_diagnosis"": ""Tuberculosis"", ""confidence"": ""high"", ""differential_diagnoses"": [""Paracoccidioidomycosis"", ""Melioidosis""], ""key_evidence"": [""The patient presented with generalized lymphadenopathy involving the left cervical lymph nodes, which is a characteristic feature of tuberculosis."", ""The patient had proptosis in the left eye, which can be a manifestation of orbital tuberculosis."", ""The patient had a positive Mantoux test, which supports the diagnosis of presumed ocular tuberculosis."", ""The patient's ocular examination showed proptosis, chemosis, and limitation of extraocular movements, which are consistent with ocular tuberculosis."", ""The patient's orbital CT scan showed an extraconal soft tissue mass extending into the infratemporal fossa, which is consistent with orbital tuberculosis."", ""The patient's ocular biopsy revealed features consistent with tuberculosis, including ectatic lymphatics and CD68 positivity.""]}"
PMC2909728_01,Paracoccidioidomycosis,Schistosomiasis,Paracoccidioidomycosis | Melioidosis,high,0,1,48,165,20,"{""primary_diagnosis"": ""Schistosomiasis"", ""confidence"": ""high"", ""differential_diagnoses"": [""Paracoccidioidomycosis"", ""Melioidosis""], ""key_evidence"": [""Multiple patchy exudative ulcers from rectum to cecum on colonoscopy with normal mucosa, suggestive of chronic schistosomal enteropathy."", ""The patient's history of weight loss, anemia, and the presence of schistosomal eggs in the ileal fluid on small bowel videocapsule endoscopy (SBVCE) study.""]}"
PMC3201596_03,Echinococcosis,Melioidosis,Paracoccidioidomycosis | Tuberculosis,high,0,0,43,86,20,"{""primary_diagnosis"": ""Melioidosis"", ""confidence"": ""high"", ""differential_diagnoses"": [""Paracoccidioidomycosis"", ""Tuberculosis""], ""key_evidence"": [""The patient had a history of hepatic lesions and a ruptured hepatic cyst, which are common findings in Melioidosis."", ""The patient developed a cutaneous rush with hypotension, which can be a manifestation of Melioidosis."", ""The patient's history of hepatic lesions and the presence of hepatic cysts are consistent with the development of liver abscesses, a feature of Melioidosis.""]}"
PMC3201596_04,Echinococcosis,Echinococcosis,Schistosomiasis | Mycetoma,high,1,1,45,93,20,"{""primary_diagnosis"": ""Echinococcosis"", ""confidence"": ""high"", ""differential_diagnoses"": [""Schistosomiasis"", ""Mycetoma""], ""key_evidence"": [""The patient presented with left lumbar pain and hematuria, and an ultrasound and CT-scan confirmed a type 3 renal cyst. The CT-scan also revealed a left lumbar mass, which is consistent with echinococcosis."", ""The patient had a history of a short stay in a region where urinary schistosomiasis was prevalent, which could explain the hematuria and dysuria."", ""The presence of a multivesicular formation with a 'honeycomb like' appearance on ultrasound is characteristic of hydatid cysts, which is a form of echinococcosis.""]}"
PMC3310273_04,Tuberculosis,Tuberculosis,Mucocutaneous Leishmaniasis | Leprosy,high,1,1,39,53,20,"{""primary_diagnosis"": ""Tuberculosis"", ""confidence"": ""high"", ""differential_diagnoses"": [""Mucocutaneous Leishmaniasis"", ""Leprosy""], ""key_evidence"": [""Bilateral enlargement of the palatine tonsils causing progressive difficulty in deglutition."", ""Persistent odynophagia and dysphagia associated with tonsillar enlargement."", ""Histopathological examination of the laryngeal biopsy confirmed tuberculosis."", ""Multiple enlarged cervical lymph nodes with matted, nontender, firm, and fixed to underlying structure."", ""PET/CT showing increased metabolic uptake bilaterally in the palatine tonsils.""]}"
PMC3323263_01,Dengue,Melioidosis,Dengue | Talaromycosis,high,0,1,46,50,20,"{""primary_diagnosis"": ""Melioidosis"", ""confidence"": ""high"", ""differential_diagnoses"": [""Dengue"", ""Talaromycosis""], ""key_evidence"": [""The patient's travel history included Cambodia and Thailand, both endemic regions for melioidosis."", ""The patient developed a maculopapular rash, which is a characteristic cutaneous manifestation of melioidosis."", ""The patient's travel history included a visit to Thailand, where melioidosis is endemic.""]}"
PMC3326964_01,Tuberculosis,tuberculous meningitis,neurocysticercosis | melioidosis,high,0,0,45,136,20,"{""primary_diagnosis"": ""tuberculous meningitis"", ""confidence"": ""high"", ""differential_diagnoses"": [""neurocysticercosis"", ""melioidosis""], ""key_evidence"": [""The patient had a history of systemic lupus erythematosus (SLE) and was on prednisolone for treatment, which predisposed her to severe melioidosis."", ""The patient had papilledema, which is a hallmark of increased intracranial pressure, and the presence of a calcified mass in the suprasellar region with perilesional edema on CT scan, suggestive of a central nervous system (CNS) infection."", ""The patient's history of contact with a sputum positive case of tuberculosis 3 months prior to admission, and the presence of a calcified mass in the suprasellar region, which is a common finding in tuberculous meningitis."", ""The patient's presentation of severe headache, vomiting, and dimness of vision, along with the presence of a calcified mass in the suprasellar region, is consistent with tuberculous meningitis.""]}"
PMC3361784_01,Dengue,Leishmaniasis,Schistosomiasis | Malaria,high,0,0,48,151,20,"{""primary_diagnosis"": ""Leishmaniasis"", ""confidence"": ""high"", ""differential_diagnoses"": [""Schistosomiasis"", ""Malaria""], ""key_evidence"": [""The patient presented with a history of low-grade intermittent fever of three-months duration, which is consistent with the clinical presentation of visceral leishmaniasis (VL)."", ""The patient had pancytopenia (hemoglobin = 6.8 g/dL, total leukocyte count = 2800/mm3, and thrombocyte count = 45 000/muL) and polyclonal hypergammaglobulinemia, which are common hematological findings in visceral leishmaniasis."", ""The patient had palpable purpura over both thighs and buttocks, which is a characteristic skin manifestation of visceral leishmaniasis.""]}"
PMC3593512_01,Soil-Transmitted Helminths,Amebiasis,Schistosomiasis | Melioidosis,high,0,0,41,89,20,"{""primary_diagnosis"": ""Amebiasis"", ""confidence"": ""high"", ""differential_diagnoses"": [""Schistosomiasis"", ""Melioidosis""], ""key_evidence"": [""The patient presented with excessive crying, bilious vomiting, and abdominal distension, which are common symptoms of amebiasis (Amebiasis)."", ""The patient's presentation of anemia, leucocytosis, and multiple worms in the vomitus is consistent with amebiasis."", ""The patient's history of worm-like masses in the vomitus and the presence of worms in the small bowel on imaging are indicative of amebiasis.""]}"
PMC3937491_01,Leprosy,Paracoccidioidomycosis,Leprosy | Cutaneous tuberculosis,high,0,1,47,73,20,"{""primary_diagnosis"": ""Paracoccidioidomycosis"", ""confidence"": ""high"", ""differential_diagnoses"": [""Leprosy"", ""Cutaneous tuberculosis""], ""key_evidence"": [""Multiple well-defined, irregular erythematous mildly scaly plaques over the forehead, cheeks, ears, V area of neck"", ""Multiple progressive, destructive ulcerations and exudative plaques on the mid-face, dorsal hands, and heels"", ""Multiple mulberry-like erythematous eroded papules giving to the lesion a cobblestone appearance (Aguiar-Pupo stomatitis)""]}"
PMC4430140_01,Echinococcosis,Echinococcosis,Melioidosis | Schistosomiasis,high,1,1,37,108,20,"{""primary_diagnosis"": ""Echinococcosis"", ""confidence"": ""high"", ""differential_diagnoses"": [""Melioidosis"", ""Schistosomiasis""], ""key_evidence"": [""The patient had a history of living in rural areas, which is a common setting for echinococcosis."", ""The patient presented with a large hypoechoic cystic mass in the left ventricle, which is consistent with echinococcosis."", ""The presence of a large cystic lesion in the left ventricle with liquid content is a characteristic finding in echinococcosis."", ""The patient's history of cardiovascular symptoms and the presence of a large cystic mass in the heart are consistent with echinococcosis."", ""The chest CT scan revealed a multivesicular hepatic cyst, which is a common finding in echinococcosis."", ""The echinococcosis graph evidence supports the presence of a large cystic mass in the heart, which is consistent with echinococcosis.""]}"
PMC4468588_01,Echinococcosis,Echinococcosis,Schistosomiasis | Malaria,high,1,1,40,121,20,"{""primary_diagnosis"": ""Echinococcosis"", ""confidence"": ""high"", ""differential_diagnoses"": [""Schistosomiasis"", ""Malaria""], ""key_evidence"": [""The patient had a history of trauma causing a fall, which is a common route of infection for echinococcosis (Echinococcus multilocularis)."", ""Computed tomography (CT) scan of the chest confirmed the presence of multiple cysts filling the entire right pleural area, which is characteristic of echinococcosis."", ""The patient had a history of chest pain and respiratory distress, which can be associated with echinococcosis, particularly if the cysts are located in the lung parenchyma.""]}"
PMC4489418_01,Tuberculosis,Paracoccidioidomycosis,Mycetoma | Talaromycosis,high,0,0,46,107,20,"{""primary_diagnosis"": ""Paracoccidioidomycosis"", ""confidence"": ""high"", ""differential_diagnoses"": [""Mycetoma"", ""Talaromycosis""], ""key_evidence"": [""Multiple draining sinuses and abscesses over both thighs and buttocks associated with stiffness in both hips and knees over the past 10 years."", ""Severe wasting of the gluteal muscles and quadriceps on both sides, skin leathery thick and adherent to the underlying tissues."", ""Histopathology suggestive of acellular myofibrosis with necrotizing fasciitis and micro abscesses."", ""Multiple abscesses and draining sinuses over the thighs and buttocks, consistent with chronic infection."", ""Patient's history of chronic alcoholism and multiple abscesses over the injection sites, which could be related to paracoccidioidomycosis."", ""The patient's history of chronic pancreatitis and diabetes mellitus, which are risk factors for paracoccidioidomycosis.""]}"
PMC4677577_01,Tuberculosis,Tuberculosis,Melioidosis | Leprosy,high,1,1,40,130,20,"{""primary_diagnosis"": ""Tuberculosis"", ""confidence"": ""high"", ""differential_diagnoses"": [""Melioidosis"", ""Leprosy""], ""key_evidence"": [""The patient had a history of emigration from China, which is an endemic region for tuberculosis."", ""The patient had a history of close and direct exposure, which is a risk factor for tuberculosis."", ""The patient's chest X-Ray revealed bilateral hilar lymphadenopathy, which is a finding consistent with tuberculosis."", ""The patient's response to anti-tuberculosis treatment was impressive, indicating the correct diagnosis of tuberculosis.""]}"
PMC4759996_01,Soil-Transmitted Helminths,Melioidosis,Paracoccidioidomycosis | Tuberculosis,high,0,0,46,64,20,"{""primary_diagnosis"": ""Melioidosis"", ""confidence"": ""high"", ""differential_diagnoses"": [""Paracoccidioidomycosis"", ""Tuberculosis""], ""key_evidence"": [""The patient had a history of chronic liver disease due to autoimmune hepatitis, which can be exacerbated by tuberculosis. The presence of pulmonary tuberculosis and the development of disseminated paracoccidioidomycosis are consistent with the patient's clinical presentation."", ""The patient's history of chronic liver disease and the presence of disseminated cutaneous leishmaniasis are consistent with liver cirrhosis, which can be a complication of tuberculosis."", ""The patient's presentation of abdominal distension, generalized weakness, productive cough, purpuric rashes, and fever, along with the laboratory findings of anemia, neutrophilia, and deranged liver function tests, are consistent with disseminated cutaneous leishmaniasis and tuberculosis.""]}"
PMC4857688_01,Scabies,Scabies,Leprosy | Tuberculosis,high,1,1,47,156,20,"{""primary_diagnosis"": ""Scabies"", ""confidence"": ""high"", ""differential_diagnoses"": [""Leprosy"", ""Tuberculosis""], ""key_evidence"": [""Severe generalized pruritus with night aggravation, diffuse scaling on the scalp, whitish plaque on buccal mucosa suggestive of oral candidiasis, and bilateral multiple yellowish crusted plaques on the face, chest, back, abdomen, both upper limbs, and lower limbs including palms and soles.""]}"
PMC5215530_01,Tuberculosis,Tuberculosis,Mycetoma | Scabies,high,1,1,40,62,20,"{""primary_diagnosis"": ""Tuberculosis"", ""confidence"": ""high"", ""differential_diagnoses"": [""Mycetoma"", ""Scabies""], ""key_evidence"": [""The patient had a 15-year history of painless neck swelling and a 5-month history of purulent discharging sinus over it, which is consistent with thyroid tuberculosis."", ""The patient's thyroid swelling was associated with a single purulent discharging sinus, which is a characteristic feature of thyroid tuberculosis."", ""The patient's thyroid function test showed elevated free T3 and free T4 levels with suppressed TSH, which is consistent with thyroid tuberculosis."", ""The patient's thyroid ultrasonography revealed heterogeneous contents with calcifications, which is a finding consistent with thyroid tuberculosis."", ""The patient's histopathological examination showed destruction of thyroid follicles and extensive fibrosis, with areas of necrosis and granulomatous inflammation, which are hallmarks of thyroid tuberculosis."", ""The patient's positive tuberculin skin test supported the diagnosis of tuberculosis."", ""The patient's antitubercular drugs regimen was continued for 9 months post-surgery, which is a common treatment for thyroid tuberculosis.""]}"
PMC5574469_01,Scrub Typhus,Typhoid fever,Paracoccidioidomycosis | Melioidosis,high,0,0,46,159,18,"{""primary_diagnosis"": ""Typhoid fever"", ""confidence"": ""high"", ""differential_diagnoses"": [""Paracoccidioidomycosis"", ""Melioidosis""], ""key_evidence"": [""The patient had a prolonged fever of 1 month duration, with maximum temperatures above 40 C, and was diagnosed with typhoid fever based on a very high antibody titer on Widal test and positive blood cultures for Salmonella typhi."", ""The patient's hematological investigations showed pancytopenia, which is a common finding in typhoid fever."", ""The patient's travel history to rural areas in Kerala and Bangalore, India, where typhoid fever is endemic, supports the diagnosis of typhoid fever.""]}"
PMC5629881_01,Leptospirosis,paragonimiasis,spinal neurocysticercosis | disseminated hydatid disease,high,0,0,54,149,20,"{""primary_diagnosis"": ""paragonimiasis"", ""confidence"": ""high"", ""differential_diagnoses"": [""spinal neurocysticercosis"", ""disseminated hydatid disease""], ""key_evidence"": [""The patient presented with recurrent fever episodes, which were caused by ongoing systemic inflammatory responses to migrating lung flukes.""]}"
PMC5987074_01,Tuberculosis,Melioidosis,Malaria | Tuberculosis,high,0,1,47,86,20,"{""primary_diagnosis"": ""Melioidosis"", ""confidence"": ""high"", ""differential_diagnoses"": [""Malaria"", ""Tuberculosis""], ""key_evidence"": [""The patient had a history of working in paddy fields, which is a known risk factor for melioidosis."", ""The patient presented with pleuritic chest pain, which can be a symptom of pulmonary paragonimiasis, but melioidosis is also known to cause pleuritic chest pain."", ""The patient had a high ESR and CRP, which is commonly seen in disseminated intravascular coagulation (DIC), a complication of melioidosis.""]}"
PMC6417330_01,Dengue,Melioidosis,Dengue | Leptospirosis,high,0,1,52,96,20,"{""primary_diagnosis"": ""Melioidosis"", ""confidence"": ""high"", ""differential_diagnoses"": [""Dengue"", ""Leptospirosis""], ""key_evidence"": [""The patient had a history of chronic headaches for the past year, which had intensified over the past week. Similar to Patient 1, there were no other associated symptoms such as seizures, nausea, vomiting, weakness in the extremities, or sensory complaints."", ""Computed tomography (CT) scan done at this juncture was uneventful with only postoperative changes [Figure 1]."", ""The patient had a history of hydrocephalus treated in 2017 with the insertion of a VP shunt at the right Kocher point.""]}"
PMC6417330_02,Dengue,Dengue,Leishmaniasis | Malaria,high,1,1,48,91,20,"{""primary_diagnosis"": ""Dengue"", ""confidence"": ""high"", ""differential_diagnoses"": [""Leishmaniasis"", ""Malaria""], ""key_evidence"": [""The patient had a fever of 1-week duration and altered sensorium, which are classic symptoms of dengue."", ""The patient had low platelet count (30,000/mm3) and positive reaction to [MASK], which is indicative of dengue."", ""The patient's clinical presentation, including the development of severe thrombocytopenia and hydrocephalus, is consistent with severe dengue."", ""The patient's history and clinical presentation are consistent with dengue hemorrhagic fever, a severe form of dengue.""]}"
PMC6417330_04,Dengue,Melioidosis,Dengue | Tuberculosis,high,0,1,40,155,20,"{""primary_diagnosis"": ""Melioidosis"", ""confidence"": ""high"", ""differential_diagnoses"": [""Dengue"", ""Tuberculosis""], ""key_evidence"": [""The patient presented with fever, headache, and weakness, which are common symptoms of melioidosis. The patient's age and the presence of a history of trauma (despite the patient being otherwise healthy) are also suggestive of melioidosis, especially in endemic areas."", ""The patient's presentation of fever, headache, and neurological symptoms, including weakness and spinal involvement, are also consistent with dengue and tuberculosis. However, the patient's history of trauma and the presence of thrombocytopenia, along with the neurological findings, lean more towards melioidosis.""]}"
PMC6526580_01,Leprosy,scrub typhus,dengue | melioidosis,high,0,0,44,117,20,"{""primary_diagnosis"": ""scrub typhus"", ""confidence"": ""high"", ""differential_diagnoses"": [""dengue"", ""melioidosis""], ""key_evidence"": [""The patient presented with fever, swelling of the face and neck, dysphagia, and difficulty in breathing. These symptoms are consistent with scrub typhus, which can cause a variety of clinical manifestations including facial swelling, trismus, and severe mucositis."", ""The patient's laboratory findings, including thrombocytopenia (platelet count of 25 x 10^9/L) and elevated inflammatory markers (CRP level of 61.2 mg/L), are consistent with scrub typhus. The patient's history of living in a region endemic for scrub typhus (Xichang, bordering Yunnan Province) further supports this diagnosis."", ""The patient's history of neutropenia (ANC of zero) and the presence of a deep-seated abscess in the submandibular region suggest a severe infection, which is consistent with the clinical presentation of scrub typhus, which can cause abscesses and abscess-related complications.""]}"
PMC6556212_01,Talaromycosis,Talaromycosis,Melioidosis | Paracoccidioidomycosis,high,1,1,49,86,20,"{""primary_diagnosis"": ""Talaromycosis"", ""confidence"": ""high"", ""differential_diagnoses"": [""Melioidosis"", ""Paracoccidioidomycosis""], ""key_evidence"": [""The patient presented with abdominal pain, particularly in the left upper quadrant, and a history of HIV/AIDS, which is a risk factor for disseminated fungal infections such as talaromycosis."", ""The patient had a history of travel to southern regions of Saudi Arabia, which is an endemic region for talaromycosis."", ""The patient's presentation with abdominal pain, lymphadenopathy, and a small hypodense lesion at the spleen on CT scan are consistent with talaromycosis.""]}"
PMC6694717_02,Tuberculosis,,,unknown,1,0,52,86,20,"{""error"": """", ""primary_diagnosis"": """", ""differential_diagnoses"": []}"
PMC6754851_04,Tuberculosis,Tuberculosis,Paracoccidioidomycosis | Melioidosis,high,1,1,43,115,20,"{""primary_diagnosis"": ""Tuberculosis"", ""confidence"": ""high"", ""differential_diagnoses"": [""Paracoccidioidomycosis"", ""Melioidosis""], ""key_evidence"": [""Nasopharyngeal tuberculosis is an extrapulmonary manifestation of tuberculosis infection, initially suspected of malignancy."", ""Cervical lymphadenopathy was enlarged and mobile, with the largest measuring 4 cm, prompting surgical referral."", ""Nasopharyngeal tuberculosis presented with inflammatory masses located in the nasopharynx."", ""Nasopharyngeal tuberculosis developed secondary to active pulmonary tuberculosis."", ""Nasopharyngeal tuberculosis is an extrapulmonary presentation of tuberculosis infection."", ""Nasopharyngeal tuberculosis is an extrapulmonary manifestation of tuberculosis infection, initially suspected of malignancy.""]}"
PMC6837831_01,Amebiasis,Melioidosis,Paracoccidioidomycosis | Schistosomiasis,high,0,0,48,150,20,"{""primary_diagnosis"": ""Melioidosis"", ""confidence"": ""high"", ""differential_diagnoses"": [""Paracoccidioidomycosis"", ""Schistosomiasis""], ""key_evidence"": [""The patient's presentation of persistent abdominal pain, diarrhea, and fever, along with the absence of typical symptoms of other tropical diseases."", ""The patient's history of uncontrolled HIV infection, which predisposes to severe infections such as melioidosis."", ""The presence of disseminated abscesses and the absence of typical signs of other tropical diseases like leishmaniasis or tuberculosis."", ""The abdominal CT scan showing a hypovascular tumor, which is consistent with the imaging findings of disseminated melioidosis."", ""The patient's history of uncontrolled HIV infection, which is a known risk factor for severe infections such as melioidosis.""]}"
PMC7687509_01,Tuberculosis,Tuberculosis,Leishmaniasis | Melioidosis,high,1,1,35,104,20,"{""primary_diagnosis"": ""Tuberculosis"", ""confidence"": ""high"", ""differential_diagnoses"": [""Leishmaniasis"", ""Melioidosis""], ""key_evidence"": [""The patient had a history of HIV infection, which predisposes to opportunistic infections including tuberculosis."", ""The patient presented with influenza-like symptoms, fever, and multiple micronodules on thoracic computed tomography, which are consistent with miliary tuberculosis."", ""The patient's laboratory findings, including CD4 T lymphocytes count of 32 elements/microliter, indicate severe immunosuppression, a hallmark of advanced HIV infection."", ""The patient's history of HIV infection and the presence of multiple micronodules on thoracic computed tomography are strong indicators of tuberculosis.""]}"
PMC8202357_01,Neurocysticercosis,Melioidosis,Leprosy | Scabies,high,0,0,48,71,20,"{""primary_diagnosis"": ""Melioidosis"", ""confidence"": ""high"", ""differential_diagnoses"": [""Leprosy"", ""Scabies""], ""key_evidence"": [""The patient presented with a rapid progressive loss of vision of the left eye and headache, which are common symptoms of Melioidosis. The MRI findings of a well-defined lobulated cystic lesion with thin enhancing wall without internal enhancing lesion located in the suprasellar region extending into the sellar region is consistent with a brain abscess or granuloma, which can be seen in Melioidosis. The provisional diagnosis of craniopharyngioma was made, but the cystic structure seen during surgery is more consistent with a granulomatous lesion.""]}"
PMC8683165_01,Tuberculosis,Malaria,Schistosomiasis | Leishmaniasis,high,0,0,47,123,20,"{""primary_diagnosis"": ""Malaria"", ""confidence"": ""high"", ""differential_diagnoses"": [""Schistosomiasis"", ""Leishmaniasis""], ""key_evidence"": [""The patient had a history of travel to Nigeria, a known malaria endemic area."", ""The patient presented with anemia, thrombocytopenia, and gastrointestinal bleeding, which are common in severe malaria."", ""Laboratory findings showed thrombocytopenia and anemia, consistent with severe malaria."", ""The patient's history of heavy alcohol use and prior cirrhosis, combined with the presence of thrombocytopenia, suggests the possibility of disseminated intravascular coagulation (DIC) complicating malaria."", ""The presence of thrombocytopenia and anemia, along with the gastrointestinal bleeding, supports the diagnosis of severe malaria.""]}"
PMC9198831_01,Tuberculosis,Tuberculosis,Leprosy | Melioidosis,high,1,1,49,60,20,"{""primary_diagnosis"": ""Tuberculosis"", ""confidence"": ""high"", ""differential_diagnoses"": [""Leprosy"", ""Melioidosis""], ""key_evidence"": [""The patient presented with low back pain, which is a common symptom of spinal tuberculosis. The MRI and CT scans showed bone destruction at T11-L1, which is consistent with spinal tuberculosis."", ""The patient had a history of right hemiplegia, dysphagia, and aphasia, which are symptoms of cerebral hemorrhage. This could be a sequelae of tuberculosis, as the patient had a history of tuberculosis 18 months prior to the current hospitalization."", ""The patient had a 16.5 cm x 15.5 cm pressure ulcer with Escherichia coli and methicillin-resistant Staphylococcus detected, which is consistent with a chronic infection such as tuberculosis.""]}"
PMC9201408_01,Tuberculosis,Tuberculosis,Dengue | Melioidosis,high,1,1,43,92,20,"{""primary_diagnosis"": ""Tuberculosis"", ""confidence"": ""high"", ""differential_diagnoses"": [""Dengue"", ""Melioidosis""], ""key_evidence"": [""The patient presented with left arm pain and left elbow joint swelling, with skin perforation and yellowish discharge. The physical examination revealed swelling and discharge from the perforated skin, and erosion of the distal cortex of the humerus and radial bone."", ""Histopathological examination showed granulomatous inflammation, swollen connective tissues containing epithelioid tubercle nests with necrotization, and datia Langhans cells, which are characteristic of tuberculosis."", ""The patient had a history of seeking traditional massage therapy, which is known to be uncertified and can lead to worsening of symptoms, which is consistent with the progression of a chronic infection like tuberculosis.""]}"
PMC9447446_01,Tuberculosis,Leptospirosis,Talaromycosis | Melioidosis,high,0,0,46,125,19,"{""primary_diagnosis"": ""Leptospirosis"", ""confidence"": ""high"", ""differential_diagnoses"": [""Talaromycosis"", ""Melioidosis""], ""key_evidence"": [""The patient presented with fever, edema of the lower limbs, and kidney dysfunction, which are common symptoms of leptospirosis. The patient also had lymphadenopathy, which is often associated with leptospirosis, particularly in the context of a history of kidney transplantation and immunosuppressive therapy."", ""The patient's renal function deteriorated rapidly, with a serum creatinine level increasing from 1429 mumol/L to 222 mumol/L, which is consistent with the development of acute kidney injury in leptospirosis."", ""The patient's lymph node biopsy showed inflammatory necrosis with granulomatous formation, which is consistent with the granulomatous inflammation seen in leptospirosis."", ""The patient's PCT levels increased significantly, which is a hallmark of leptospirosis and other severe infections."", ""The patient's history of kidney transplantation and immunosuppressive therapy increased the risk of opportunistic infections, including leptospirosis.""]}"
PMC9759007_07,Malaria,Melioidosis,Leptospirosis | Tuberculosis,high,0,0,54,68,20,"{""primary_diagnosis"": ""Melioidosis"", ""confidence"": ""high"", ""differential_diagnoses"": [""Leptospirosis"", ""Tuberculosis""], ""key_evidence"": [""The patient had a 3-day history of weakness and reduced activity, which is consistent with the presentation of lower limb weakness seen in neuroschistosomiasis, but also seen in melioidosis. The patient's laboratory results showed a severe anemia (HB 2.2 g/dL), which is consistent with severe iron deficiency anemia, a common complication of melioidosis."", ""The patient's severe anemia (HB 2.2 g/dL) is consistent with severe iron deficiency anemia, which is a known complication of melioidosis."", ""The patient's respiratory distress and hypoxemia are consistent with the presentation of severe hypoxemia seen in pulmonary melioidosis, where the oxygen saturation drops to 56%.""]}"
PMC9922052_01,Leishmaniasis,Amebiasis,Schistosomiasis | Melioidosis,high,0,0,47,109,20,"{""primary_diagnosis"": ""Amebiasis"", ""confidence"": ""high"", ""differential_diagnoses"": [""Schistosomiasis"", ""Melioidosis""], ""key_evidence"": [""Multiple hypo and hyperpigmented macular and maculopapular non-scaly skin lesions all over the body, mainly on the back of the chest and abdomen, with a history of [MASK] 15 years back and treated with injectable medication but could not mention the name of the drug."", ""An abdominal lump that was very slowly increasing in size, painless, causing a mild dragging sensation, and the skin lesions were present primarily on his back and abdomen, depigmented, painless, and non-itchy."", ""Multiple subcutaneous masses on the neck, axilla, arms, and head, which is a characteristic finding in nodular scabies."", ""Multiple hypo and hyperpigmented skin lesions, which can be seen in amebiasis."", ""The patient's history of chronic hepatitis-B and antiviral treatment with Entecavir, which is not consistent with the symptoms of amebiasis but could be a coexisting condition."", ""The absence of fever, jaundice, and other typical symptoms of amebiasis, such as abdominal pain and bloody diarrhea.""]}"
PMC10122573_01,Leishmaniasis,Paracoccidioidomycosis,Leprosy | Melioidosis,high,0,0,39,83,20,"{""primary_diagnosis"": ""Paracoccidioidomycosis"", ""confidence"": ""high"", ""differential_diagnoses"": [""Leprosy"", ""Melioidosis""], ""key_evidence"": [""The patient had a perianal 4 cm by 2 cm mass with central ulceration, which had decreased in size but still showed an active ulceration lesion."", ""The patient had a spleen palpable 5 cm below the left costal margin, a liver palpable 2 cm below the right costal margin, and a 5 cm by 5 cm erythematous nontender plaque over the inner right buttock, perianal area."", ""The patient had a CD4 count of 306, indicating severe immunosuppression."", ""The patient had HIV infection, providing the background of severe immunosuppression from which immune reconstitution developed."", ""The patient had a history of HIV infection and was on antiretroviral therapy."", ""The patient had a perianal ulceration that had decreased in size but still showed an active ulceration lesion."", ""The patient had a perianal abscess that had recurred and contributed to the chronic perianal ulceration."", ""The patient had a perianal ulceration that had decreased in size but still showed an active ulceration lesion."", ""The patient had a perianal ulceration that had decreased in size but still showed an active ulceration lesion.""]}"
PMC10122573_02,Leishmaniasis,Melioidosis,Cholera | Tuberculosis,high,0,0,55,82,20,"{""primary_diagnosis"": ""Melioidosis"", ""confidence"": ""high"", ""differential_diagnoses"": [""Cholera"", ""Tuberculosis""], ""key_evidence"": [""The patient presented with a 7-month history of bleeding per-rectum, fever, loss of appetite, weight loss, and stool incontinence, which are common symptoms of melioidosis. The patient's presentation of a 4 cm long polypoid enhancing mass in the anorectal junction with adjacent nodular fat stranding in the mesorectum, as well as ascites and bilateral pleural effusion, are consistent with the imaging findings of peritoneal melioidosis."", ""The patient's history of a 10-year mass around the anus, which he considered as hemorrhoids, and the development of a 6 by 3 cm indurated ulcerating mass surrounding the anus and a fungating circumferential rectal mass 8 cm above the proximal anal verge, with loss of anal tone, are consistent with the clinical presentation of anal tuberculosis, which can coexist with anal mucinous adenocarcinoma in melioidosis."", ""The patient's history of gastritis with intractable vomiting, severe hypokalemia, and massive uncontrollable colostomy diarrhea, which developed after the diverting loop sigmoid colostomy, are consistent with the gastrointestinal symptoms seen in melioidosis, including gastrointestinal bleeding and perforation.""]}"
PMC10243522_01,Leishmaniasis,Melioidosis,Paracoccidioidomycosis | Talaromycosis,high,0,0,48,166,20,"{""primary_diagnosis"": ""Melioidosis"", ""confidence"": ""high"", ""differential_diagnoses"": [""Paracoccidioidomycosis"", ""Talaromycosis""], ""key_evidence"": [""The patient lived in the metropolitan area of Sao Paulo, which is considered endemic for Melioidosis in Southeastern Brazil."", ""The patient had a history of touring to many places, including the north and coastal areas of Sao Paulo State and the south region of Minas Gerais State, all considered endemic areas for Melioidosis in Southeastern Brazil."", ""The patient presented with fever, arthralgia, malaise, pallor, increased abdominal volume, and involuntary weight loss, which are common symptoms of Melioidosis."", ""The patient's laboratory tests showed pancytopenia, increased erythrocyte sedimentation rate, and C-reactive protein, which are consistent with the systemic inflammatory response seen in Melioidosis."", ""The patient's bone marrow aspirate did not show any hematological diseases or etiological agents, which is consistent with the hematological manifestations of Melioidosis."", ""The patient's clinical history and geographical exposure to endemic areas for Melioidosis in Southeastern Brazil.""]}"
PMC10367195_01,Tuberculosis,Melioidosis,Leptospirosis | Malaria,high,0,0,40,140,20,"{""primary_diagnosis"": ""Melioidosis"", ""confidence"": ""high"", ""differential_diagnoses"": [""Leptospirosis"", ""Malaria""], ""key_evidence"": [""The patient presented with fever and night sweats for 30 days, which is a common symptom of melioidosis."", ""The patient had a history of recent surgery (videolaparoscopic cholecystectomy) and a history of thrombocytopenia, which can be seen in melioidosis."", ""The chest tomography showed mediastinal adenomegaly and lymph nodes forming clusters, which can be associated with melioidosis."", ""The patient's platelet count fell to 4,000/microL and was associated with disseminated ecchymoses and petechiae, which is consistent with melioidosis."", ""The patient's biopsy of the para-aortic lymph node showed foci of caseous necrosis associated with lymphocytic inflammatory infiltrates, which is a characteristic finding in melioidosis."", ""The patient's lung biopsy showed caseous necrosis, adjacent epithelioid histiocytes, organized alveolar pneumonia, and alveolar septal or interstitial fibrosis, which are consistent with melioidosis.""]}"
PMC10440106_01,Dengue,Dengue,Leptospirosis | Melioidosis,high,1,1,46,164,20,"{""primary_diagnosis"": ""Dengue"", ""confidence"": ""high"", ""differential_diagnoses"": [""Leptospirosis"", ""Melioidosis""], ""key_evidence"": [""The patient had a history of fever and body aches 6 days prior to presentation, which is consistent with dengue fever."", ""The patient's presentation included dizziness, syncope, weakness, and fatigue, which are common symptoms of dengue fever."", ""The electrocardiogram showed ST segment depressions, which can be seen in dengue myocarditis."", ""The patient's history of thrombocytopenia and elevated transaminases are consistent with dengue infection."", ""The patient's history of fever and body aches is consistent with dengue fever, which occurred simultaneously with malaria in the provided medical knowledge graph evidence.""]}"
PMC10753637_01,Tuberculosis,Tuberculosis,Leprosy | Melioidosis,high,1,1,45,76,20,"{""primary_diagnosis"": ""Tuberculosis"", ""confidence"": ""high"", ""differential_diagnoses"": [""Leprosy"", ""Melioidosis""], ""key_evidence"": [""The patient presented with a history of weight loss (20 kg) in the past 6 months, which is a common symptom of tuberculosis."", ""The patient had a history of weight loss, which is a known symptom of tuberculosis."", ""The patient's MRI showed features suggestive of spondylodiscitis, which is consistent with tuberculosis involvement in the spine."", ""The patient's history of weight loss and the presence of a large abdominopelvic mass on CT are consistent with extrapulmonary dissemination of tuberculosis."", ""The patient's MRI showed bone destruction and calcified paraspinal mass, which are characteristic of tuberculosis involvement in the spine."", ""The patient's MRI showed features of spondylodiscitis, which is consistent with tuberculosis involvement in the spine.""]}"
PMC10768651_01,Tuberculosis,Talaromycosis,Melioidosis | Leishmaniasis,high,0,0,50,113,20,"{""primary_diagnosis"": ""Talaromycosis"", ""confidence"": ""high"", ""differential_diagnoses"": [""Melioidosis"", ""Leishmaniasis""], ""key_evidence"": [""Severe gastrointestinal disorders (diarrhea, nausea, and unrelenting vomiting), hemodynamic decompensation, and signs of pre-shock, requiring hospitalization."", ""Severe hyperglycemia, acute kidney injury, and severe leukocytosis upon admission."", ""Severe ulcerative esophagitis diagnosed during hospitalization."", ""Whitish plaques in the esophagus compatible with esophageal candidiasis diagnosed during hospitalization."", ""High fever, severe dyspnea, and neurological disorders requiring orotracheal intubation and hemodialysis."", ""Disseminated Mycobacterium tuberculosis bacteremia induced life-threatening septic shock."", ""Empiric antituberculous therapy was started due to granulomatous inflammation but discontinued upon molecular diagnosis of neurocysticercosis."", ""The patient had a history of severe gastric intolerance and dehydration, which could be indicative of a gastrointestinal infection or disease.""]}"
PMC10784276_01,Leptospirosis,Melioidosis,Leptospirosis | Paracoccidioidomycosis,high,0,1,43,127,20,"{""primary_diagnosis"": ""Melioidosis"", ""confidence"": ""high"", ""differential_diagnoses"": [""Leptospirosis"", ""Paracoccidioidomycosis""], ""key_evidence"": [""The patient presented with jaundice, lower limb weakness, and neurological findings compatible with sensorimotor polyradiculopathy possibly because of AIDP (Acute Inflammatory Demyelinating Polyneuropathy). These findings are consistent with the neurological manifestations of Melioidosis."", ""The patient's bicytopenia (anemia and thrombocytopenia) and acute kidney injury are consistent with the hematologic and renal complications seen in Melioidosis."", ""The patient's history of living in an informal dwelling without access to municipal water and sanitation, and his lack of recent travel history, supports the endemic nature of Melioidosis in the region."", ""The patient's presentation of fever, lower limb weakness, and neurological symptoms without a clear infectious etiology, fits the clinical profile of Melioidosis, which can present with a wide range of symptoms including fever, muscle pain, and neurological deficits.""]}"
PMC10838024_01,Malaria,Tuberculosis,Melioidosis | Leishmaniasis,high,0,0,46,161,20,"{""primary_diagnosis"": ""Tuberculosis"", ""confidence"": ""high"", ""differential_diagnoses"": [""Melioidosis"", ""Leishmaniasis""], ""key_evidence"": [""The patient had a history of fever that recurred at 6-months gestation in Canada, which is a key symptom of congenital scrub typhus."", ""The infant had a history of fever that recurred at 6-months gestation in Canada, which is a key symptom of congenital scrub typhus."", ""The infant had a history of fever that recurred at 6-months gestation in Canada, which is a key symptom of congenital scrub typhus.""]}"
PMC10846756_01,Tuberculosis,Melioidosis,Cholera | Tuberculosis,high,0,1,43,78,20,"{""primary_diagnosis"": ""Melioidosis"", ""confidence"": ""high"", ""differential_diagnoses"": [""Cholera"", ""Tuberculosis""], ""key_evidence"": [""A 4 cm fixed swelling in the right upper anterior chest wall with fluctuant, tender, and irregular borders, which is suggestive of a collection or abscess formation, consistent with a primary diagnosis of Melioidosis."", ""The patient's history of a large, fluctuant swelling in the chest wall, along with the absence of fever, weight loss, and other systemic symptoms, is consistent with a primary diagnosis of Melioidosis. The absence of fever and the presence of a fluctuant swelling are atypical for tuberculosis and cholera."", ""The high-resolution ultrasonography and computed tomography findings of an intramuscular heterogeneous collection and pleural-based soft tissue density area in the right chest wall are consistent with a primary diagnosis of Melioidosis.""]}"
PMC10854397_01,Echinococcosis,Leishmaniasis,Melioidosis | Tuberculosis,high,0,0,49,68,20,"{""primary_diagnosis"": ""Leishmaniasis"", ""confidence"": ""high"", ""differential_diagnoses"": [""Melioidosis"", ""Tuberculosis""], ""key_evidence"": [""The patient is a 60-year-old female sheep herder from Eritrea, which is endemic for Leishmaniasis."", ""The patient presented with a 3-month history of painless left eye protrusion associated with progressive decreased vision of the left eye, which is a known ocular manifestation of Leishmaniasis."", ""The CT scan of the brain and orbit showed a well-defined thin-walled non-enhancing fluid density cystic mass in the left orbital cavity, which is suggestive of a cystic lesion, which can be seen in Leishmaniasis.""]}"
PMC11021106_01,Echinococcosis,Schistosomiasis,Paracoccidioidomycosis | Melioidosis,high,0,0,52,133,20,"{""primary_diagnosis"": ""Schistosomiasis"", ""confidence"": ""high"", ""differential_diagnoses"": [""Paracoccidioidomycosis"", ""Melioidosis""], ""key_evidence"": [""The patient presented with a solitary cystic lesion in the right temporal region, extending into the temporal horn of the right lateral ventricle and surrounded by mild edema, which is consistent with a parasitic cystic lesion such as Schistosomiasis."", ""Diffuse non-specific cystic lesions in the liver and spleen, as well as numerous pulmonary nodules/cysts, were observed on CT scans, which is a common finding in Schistosomiasis."", ""The patient's history of smoking and the presence of multiple cystic lesions in the liver and spleen are consistent with Schistosomiasis, a parasitic infection that can cause such findings.""]}"
PMC11041532_01,Tuberculosis,Tuberculosis,Paracoccidioidomycosis | Melioidosis,high,1,1,37,164,20,"{""primary_diagnosis"": ""Tuberculosis"", ""confidence"": ""high"", ""differential_diagnoses"": [""Paracoccidioidomycosis"", ""Melioidosis""], ""key_evidence"": [""Multiple lytic lesions of the axial and peripheral skeleton with cortical destruction, associated with centrilobular small nodules, branching linear and nodular opacities forming a tree-in-bud appearance with some lobular areas of consolidation, and irregular cavitation on CT scan."", ""Lumbar spine X-RAY showing lytic changes in the spine, with clinical improvement after starting therapy."", ""Positive tuberculin sensitivity test in a BCG-vaccinated patient."", ""Histopathological examination of the vertebral lesion confirmed chronic granulomatous inflammation and caseous necrosis diagnostic of Spinal Tuberculosis."", ""Abdomen and pelvis CT revealed L4-L5 diskitis, osteomyelitis, and associated abscesses consistent with spinal tuberculosis."", ""Weight loss observed as a constitutional consequence of Spinal Tuberculosis.""]}"
PMC11290868_01,Paracoccidioidomycosis,Talaromycosis,Melioidosis | Paracoccidioidomycosis,high,0,1,46,69,20,"{""primary_diagnosis"": ""Talaromycosis"", ""confidence"": ""high"", ""differential_diagnoses"": [""Melioidosis"", ""Paracoccidioidomycosis""], ""key_evidence"": [""The patient had a history of systemic lupus erythematosus (SLE) and was on immunosuppressive therapy, which predisposed to invasive fungal infections including talaromycosis."", ""Thoracic vertebrae involvement with osteolytic destruction and signs of spondylodiscitis, which is consistent with disseminated talaromycosis."", ""The patient's thoracic vertebrae involvement and diffuse nodular pulmonary opacities are consistent with disseminated talaromycosis.""]}"
PMC11334117_01,Tuberculosis,Melioidosis,Talaromycosis | Mycetoma,high,0,0,49,57,20,"{""primary_diagnosis"": ""Melioidosis"", ""confidence"": ""high"", ""differential_diagnoses"": [""Talaromycosis"", ""Mycetoma""], ""key_evidence"": [""The patient presented with a painful and swollen right ankle without fever or weight loss, with MRI showing narrowing of the tibiotalar joint space, with thick fluid collection and destruction of the cartilage tibial subchondral bone (at the tibial talar dome), talus bone and the fibular lateral malleolus."", ""The patient had a history of working as an electric welder for over thirty years, which can cause pulmonary siderosis, and the patient developed dyspnea and a new fever after the debridement of the ankle."", ""The patient's MRI showed ring-enhancing lesions, which is consistent with CNS toxoplasmosis, but the radiological diagnosis was [MASK].""]}"
PMC11445011_01,Tuberculosis,disseminated tuberculosis,malaria | dengue,high,1,1,47,83,20,"{""primary_diagnosis"": ""disseminated tuberculosis"", ""confidence"": ""high"", ""differential_diagnoses"": [""malaria"", ""dengue""], ""key_evidence"": [""Bilateral opacities on the portable chest radiograph, positive tuberculin skin test, and diffusely distributed nodules on chest radiograph.""]}"
PMC11743283_01,Talaromycosis,Miliary Tuberculosis,Non-Hodgkin High Grade B-Cell Lymphoma | Chronic Lymphocytic Leukemia,high,0,0,46,165,17,"{""primary_diagnosis"": ""Miliary Tuberculosis"", ""confidence"": ""high"", ""differential_diagnoses"": [""Non-Hodgkin High Grade B-Cell Lymphoma"", ""Chronic Lymphocytic Leukemia""], ""key_evidence"": [""Multiple enlarged lymph nodes in the mesenteric and retroperitoneal regions, along with masses in the bilateral adrenal glands and kidneys, as depicted in Figures 2A, B."", ""Histopathology of the excised lymph node confirmed tuberculosis by demonstrating caseous necrosis, epithelioid cells, and acid-fast bacilli."", ""The patient had a history of tuberculosis, including extrapulmonary involvement, which is consistent with miliary tuberculosis.""]}"
PMC11786606_01,Leprosy,,,unknown,1,0,48,105,20,"{""error"": """", ""primary_diagnosis"": """", ""differential_diagnoses"": []}"
PMC11821501_01,Tuberculosis,Tuberculosis,Paracoccidioidomycosis | Melioidosis,high,1,1,50,136,19,"{""primary_diagnosis"": ""Tuberculosis"", ""confidence"": ""high"", ""differential_diagnoses"": [""Paracoccidioidomycosis"", ""Melioidosis""], ""key_evidence"": [""The patient had a history of spontaneous abortion and subsequent uterine evacuation, which preceded the onset of acute disseminated infection."", ""The patient presented with diffuse miliary changes on chest X-ray, micronodular changes in lungs, and multiple nodular lesions in the brain, which are characteristic of disseminated tuberculosis."", ""The patient's HIV seronegative status and the presence of disseminated tuberculosis despite uncontrolled HIV infection suggest an opportunistic infection."", ""The patient's history of fever, cough, abdominal pain, and vaginal bleeding, along with the presence of disseminated tuberculosis, supports a diagnosis of hematogenous disseminated pulmonary tuberculosis."", ""The patient's positive response to [MASK] treatment, a common antibiotic used in tuberculosis treatment, further supports the diagnosis of tuberculosis.""]}"
PMC12224322_01,Tuberculosis,Melioidosis,Tuberculosis | Leishmaniasis,high,0,1,46,97,20,"{""primary_diagnosis"": ""Melioidosis"", ""confidence"": ""high"", ""differential_diagnoses"": [""Tuberculosis"", ""Leishmaniasis""], ""key_evidence"": [""The patient had a history of immunosuppression due to long-term use of immunosuppressive therapy, including methotrexate, prednisone, and TNF-alpha inhibitor."", ""The patient had a history of travel to the Philippines, a region endemic for Melioidosis."", ""The patient's clinical presentation, including the presence of necrotic granulomas, pleural effusions, and mesenteric lymphadenopathy, are consistent with Melioidosis."", ""The patient's negative TB1 and TB2 tests, despite a history of tuberculosis, could be explained by the presence of MDR Melioidosis in the Philippines."", ""The patient's positive F-18 FDG PET/CT scan demonstrated multifocal hypermetabolic lesions characteristic of disseminated Melioidosis.""]}"
PMC13006511_01,Neurocysticercosis,Tuberculosis,Leishmaniasis | Melioidosis,high,0,0,45,65,20,"{""primary_diagnosis"": ""Tuberculosis"", ""confidence"": ""high"", ""differential_diagnoses"": [""Leishmaniasis"", ""Melioidosis""], ""key_evidence"": [""The patient presented with a history of febrile illness, which is a common presenting symptom of tuberculosis, and the patient's mental status changes could be secondary to a concurrent central nervous system tuberculosis (tuberculous encephalitis)."", ""The patient's presentation of altered mental status, including paranoia and delusions, could be secondary to drug-induced psychosis, which is a known side effect of isoniazid, a component of the antituberculous therapy regimen."", ""The patient's history of febrile illness and the development of mental status changes could also be secondary to disseminated peritoneal tuberculosis, which is a known complication of tuberculosis.""]}"
PMC2816346_01,Foodborne Trematodes,Echinococcosis,Melioidosis | Scabies,high,0,0,48,112,20,"{""primary_diagnosis"": ""Echinococcosis"", ""confidence"": ""high"", ""differential_diagnoses"": [""Melioidosis"", ""Scabies""], ""key_evidence"": [""The patient presented with a history of ingesting undercooked freshwater crabs, which is an epidemiological risk factor for Echinococcosis."", ""The patient's liver CT scan showed a cluster of small, rim-enhancing cysts at the subcapsular area of the segment VII and wedge-shaped enhancement of adjacent parenchyma, which is consistent with Echinococcosis."", ""The patient's chest CT scan revealed a round cystic lesion with an air-fluid level in the right lower lobe, which is a characteristic finding in Alveolar Echinococcosis.""]}"
PMC3206365_01,Neurocysticercosis,Melioidosis,Paracoccidioidomycosis | Tuberculosis,high,0,0,45,57,20,"{""primary_diagnosis"": ""Melioidosis"", ""confidence"": ""high"", ""differential_diagnoses"": [""Paracoccidioidomycosis"", ""Tuberculosis""], ""key_evidence"": [""The patient presented with bilateral frontotemporal headache with vomiting, followed by generalized crisis. The lumbar puncture confirmed subarachnoid haemorrhage. The angiography showed an aneurysm at the right middle cerebral artery bifurcation. A right pterional approach to clip the aneurysm was performed. During surgery, a 2 cm diameter cyst with clots and citrine liquid was found in the distal portion of the aneurysm. Dissection and extirpation of the cyst were performed and followed by resection of the aneurysm body after its clipping."", ""The patient had a history of poorly controlled diabetes mellitus, which is a risk factor for melioidosis. Melioidosis can present with subarachnoid hemorrhage and cerebral cysts."", ""The presence of a 2 cm diameter cyst with clots and citrine liquid in the aneurysm, which was found during surgery, is consistent with the presence of a hydatid cyst, which is a known complication of melioidosis.""]}"
PMC3227237_01,Leishmaniasis,Paracoccidioidomycosis,Scabies | Leprosy,high,0,0,45,91,20,"{""primary_diagnosis"": ""Paracoccidioidomycosis"", ""confidence"": ""high"", ""differential_diagnoses"": [""Scabies"", ""Leprosy""], ""key_evidence"": [""The patient had a history of an ulcer at the age of 10, which was suspicious for [MASK]."", ""The patient presented with a depressed papular lesion in her right leg, which was suspicious for folliculitis."", ""The patient had a well-defined atrophic scar in the left thigh, measuring 30 x 20 mm, which was typical of [MASK]."", ""The patient's skin biopsy showed chronic perivascular inflammation with granuloma formation and the presence of neutrophils, lymphocyte, monocyte, and plasma cells."", ""The patient's culture of the aspirated material from the lesion was negative for [MASK]."", ""The patient's histopathological analysis showed chronic perivascular inflammation with granuloma formation and the presence of neutrophils, lymphocyte, monocyte, and plasma cells."", ""The patient's ELISA results showed TNF-alpha and IFN-gamma levels similar to those detected in 3 patients with [MASK] who were evaluated on the same day.""]}"
PMC3253394_02,Tuberculosis,Melioidosis,Talaromycosis | Pneumonia,high,0,0,50,113,20,"{""primary_diagnosis"": ""Melioidosis"", ""confidence"": ""high"", ""differential_diagnoses"": [""Talaromycosis"", ""Pneumonia""], ""key_evidence"": [""The patient had a history of diabetes and pneumonia six and two years prior, respectively."", ""Computed tomography (CT) showed no enlarged bronchial arteries, and angiography of the descending thoracic aorta and left subclavian artery showed no systemic hypervascularization in either lung."", ""The patient experienced hemoptysis, which is a common presentation of melioidosis, especially in immunocompromised individuals."", ""The patient had a history of diabetes, which is a risk factor for melioidosis."", ""The patient's presentation of hemoptysis, fever, and hypovolemia is consistent with severe melioidosis, particularly in the context of a history of diabetes."", ""The patient's history of pulmonary embolism and the presence of pulmonary nodules and miliary lesions are consistent with the pulmonary involvement seen in melioidosis.""]}"
PMC3284420_01,Dengue,Melioidosis,Dengue | Leptospirosis,high,0,1,41,133,20,"{""primary_diagnosis"": ""Melioidosis"", ""confidence"": ""high"", ""differential_diagnoses"": [""Dengue"", ""Leptospirosis""], ""key_evidence"": [""The patient presented with high fever, myalgia, arthralgia, and vomiting, which are common symptoms of melioidosis."", ""The patient's history of agricultural work in Sri Lanka, an endemic region for melioidosis, supports the diagnosis."", ""The patient's laboratory findings, including the high white blood cell count (4400/muL) and the presence of lymphocytes (24%), are consistent with a febrile illness, which can be seen in melioidosis."", ""The patient's history of malaise and easy fatigability, along with the presence of splenomegaly and hepatomegaly, is consistent with the findings in melioidosis patients.""]}"
PMC3323271_01,Viral Hemorrhagic Fevers,Schistosomiasis,Dengue | Malaria,high,0,0,52,55,20,"{""primary_diagnosis"": ""Schistosomiasis"", ""confidence"": ""high"", ""differential_diagnoses"": [""Dengue"", ""Malaria""], ""key_evidence"": [""The patient lived in close proximity to goats and cattle, which is a common mode of transmission for schistosomiasis."", ""The patient had a history of fever, arthralgia, myalgia, and dark urine, which are common symptoms of schistosomiasis."", ""The patient's clinical presentation, including fever, arthralgia, myalgia, and dark urine, is consistent with schistosomiasis."", ""The patient's history of living in close proximity to animals and the presence of ticks on nearby animals suggest a potential exposure to schistosomiasis."", ""The patient's history of no travel, no tick bites, and no contact with people with fever for several weeks before his illness is consistent with a local transmission of schistosomiasis.""]}"
PMC3336218_01,Soil-Transmitted Helminths,Gastric perforation,Echinococcosis | Leptospirosis,high,0,0,41,60,20,"{""primary_diagnosis"": ""Gastric perforation"", ""confidence"": ""high"", ""differential_diagnoses"": [""Echinococcosis"", ""Leptospirosis""], ""key_evidence"": [""Severe epigastric pain involved the gastric region."", ""Gastric perforation presented with intense epigastric and generalized abdominal pain."", ""Epigastric pain was the chief presenting complaint in the patient with hepatic fascioliasis."", ""Severe epigastric pain was the primary symptom of acute pancreatitis.""]}"
PMC3343675_01,Tuberculosis,Tuberculosis,Schistosomiasis | Melioidosis,high,1,1,37,50,20,"{""primary_diagnosis"": ""Tuberculosis"", ""confidence"": ""high"", ""differential_diagnoses"": [""Schistosomiasis"", ""Melioidosis""], ""key_evidence"": [""The patient's history of irregular vaginal bleeding, abdominal pain, and the presence of an abnormal endometrial echo pattern on ultrasound, which is consistent with granulomatous endometritis, a complication of tuberculous endometritis."", ""The patient's postmenopausal bleeding, which is a symptom of genital tuberculosis, a form of tuberculous endometritis."", ""The patient's history of irregular vaginal bleeding and the presence of an irregular endometrial echo pattern, which are consistent with endometrial tuberculosis."", ""The patient's history of irregular vaginal bleeding and the presence of an abnormal endometrial echo pattern, which are consistent with endometrial tuberculosis."", ""The patient's history of irregular vaginal bleeding and the presence of an abnormal endometrial echo pattern, which are consistent with endometrial tuberculosis.""]}"
PMC3375743_01,Foodborne Trematodes,Schistosomiasis,Paracoccidioidomycosis | Melioidosis,high,0,0,52,136,20,"{""primary_diagnosis"": ""Schistosomiasis"", ""confidence"": ""high"", ""differential_diagnoses"": [""Paracoccidioidomycosis"", ""Melioidosis""], ""key_evidence"": [""The patient had eaten raw watercress on riverside 3 months before his hospital admission."", ""The patient had a history of travel to a rural farm in South Korea, which is an endemic area for scrub typhus."", ""The patient had a history of travel to a rural farm in South Korea, which is an endemic area for scrub typhus."", ""The patient had a history of travel to a rural farm in South Korea, which is an endemic area for scrub typhus."", ""The patient had a history of travel to a rural farm in South Korea, which is an endemic area for scrub typhus."", ""The patient had a history of travel to a rural farm in South Korea, which is an endemic area for scrub typhus.""]}"
PMC3415050_01,Tuberculosis,Tuberculosis,Paracoccidioidomycosis | Melioidosis,high,1,1,49,58,20,"{""primary_diagnosis"": ""Tuberculosis"", ""confidence"": ""high"", ""differential_diagnoses"": [""Paracoccidioidomycosis"", ""Melioidosis""], ""key_evidence"": [""The patient had a history of low back pain, which is a common presenting symptom of spinal tuberculosis."", ""The patient had a history of low backache, which is an initial presenting symptom of spinal neurocysticercosis. However, the clinical presentation and imaging findings are more consistent with spinal tuberculosis."", ""The patient had a history of low back pain, which is a common presenting symptom of spinal tuberculosis."", ""The patient had a history of low back pain, which is a common presenting symptom of spinal tuberculosis."", ""The patient had a history of low back pain, which is a common presenting symptom of spinal tuberculosis."", ""The patient had a history of low back pain, which is a common presenting symptom of spinal tuberculosis.""]}"
PMC3716239_01,Tuberculosis,Echinococcosis,Melioidosis | Scabies,high,0,0,49,81,20,"{""primary_diagnosis"": ""Echinococcosis"", ""confidence"": ""high"", ""differential_diagnoses"": [""Melioidosis"", ""Scabies""], ""key_evidence"": [""The patient presented with a painless, gradually increasing swelling over the anterior abdominal wall for the last three years, which was described as a cystic lump in the right periumbilical area (3x3 cm)."", ""The ultrasonography and CT scan revealed two cystic masses, one 3.7 x 5.2 cm and another 7.4 x 5.4 cm, of mixed echogenicity, extending to the umbilical region with peripheral enhancement. These findings are consistent with the imaging characteristics of hydatid cysts."", ""The patient's history and clinical presentation, including the presence of a cystic swelling over the anterior abdominal wall, are consistent with the clinical features of hydatid cysts, which are a form of Echinococcosis.""]}"
PMC3730476_01,Tuberculosis,Tuberculosis,Leishmaniasis | Melioidosis,high,1,1,47,159,20,"{""primary_diagnosis"": ""Tuberculosis"", ""confidence"": ""high"", ""differential_diagnoses"": [""Leishmaniasis"", ""Melioidosis""], ""key_evidence"": [""Multiple purplish and black colored skin lesions around the mouth and extremities, suggestive of cutaneous manifestations of tuberculosis."", ""Patient had a history of pulmonary tuberculosis, which could have reactivated and led to cutaneous manifestations."", ""The patient's poor general condition, multiple purple to black ecchymotic patches, and resolving grouped vesicular lesions involving dermatome, suggestive of Herpes zoster, could be secondary to reactivation of tuberculosis.""]}"
PMC3738493_02,Dengue,Malaria,Dengue | Leptospirosis,high,0,1,43,88,20,"{""primary_diagnosis"": ""Malaria"", ""confidence"": ""high"", ""differential_diagnoses"": [""Dengue"", ""Leptospirosis""], ""key_evidence"": [""The patient had a history of living in an endemic area for malaria, which raised suspicion of malaria infection."", ""The patient had a high fever (38.5 degree C) and jaundice, which are common symptoms of malaria."", ""The rapid diagnostic test was positive for P. falciparum, the most common species causing severe malaria."", ""The patient had a significant decrease in hemoglobin and an increase in creatinine, which are indicative of severe malaria."", ""The patient's laboratory values, including white blood cell count and platelet count, were within normal ranges, which is consistent with malaria.""]}"
PMC4759997_01,Dengue,Dengue,Malaria | Tuberculosis,high,1,1,43,120,20,"{""primary_diagnosis"": ""Dengue"", ""confidence"": ""high"", ""differential_diagnoses"": [""Malaria"", ""Tuberculosis""], ""key_evidence"": [""The patient presented with a high-grade fever, arthralgia, back pain, and myalgia, which are common symptoms of dengue fever."", ""The patient's hematological parameters showed pancytopenia with a hemoglobin level of 8.8 g/dL, leukocyte count 1510/mm3, and platelets were 19,000/mm3, which is consistent with dengue fever."", ""The patient's bone marrow aspiration showed mild hypocellular marrow with increase in macrophages and monocytes activity, which is a characteristic finding in dengue fever."", ""The patient's laboratory findings, including elevated aspartate aminotransferase (AST) and alanine aminotransferase (ALT) levels, were within the normal range for dengue fever, but were elevated for other differential diagnoses like tuberculosis and malaria.""]}"
PMC4761126_01,Tuberculosis,Tuberculosis,Schistosomiasis | Mycetoma,high,1,1,50,104,20,"{""primary_diagnosis"": ""Tuberculosis"", ""confidence"": ""high"", ""differential_diagnoses"": [""Schistosomiasis"", ""Mycetoma""], ""key_evidence"": [""Multiple small nodules scattered across the peritoneum, omentum, bowel loops, and fallopian tubes (peritoneal nodules)."", ""Peritoneal carcinomatosis (disseminated tuberculosis closely mimicked peritoneal carcinomatosis both endoscopically and on radiological imaging)."", ""Peritoneal tuberculosis diffusely involved the visceral and parietal peritoneal surfaces (peritoneal tuberculosis)."", ""Culture of the peritoneal biopsy specimen grew Mycobacterium tuberculosis complex (peritoneal biopsy).""]}"
PMC5012831_01,Tuberculosis,Spinal tuberculosis,Melioidosis | Echinococcosis,high,1,1,51,90,20,"{""primary_diagnosis"": ""Spinal tuberculosis"", ""confidence"": ""high"", ""differential_diagnoses"": [""Melioidosis"", ""Echinococcosis""], ""key_evidence"": [""CT scan of the chest shows the right chest wall mass with abscess formation and calcified shadow, CT scan of the sacroiliac joint shows obvious bone destruction and the huge abscess."", ""MRI of the spine shows areas of bone destruction in multiple vertebral bodies, looking like round of bone destruction."", ""The patient had a brief-history of waist pain and chest wall mass, and the pain disappeared after the use of pain-killer pills."", ""CT features of spinal tuberculosis are changing after [MASK] treatment for more than 1 years later."", ""The patient had a significant weight gain of 8 kgs after the surgery, which is not typical for tuberculosis.""]}"
PMC5288886_01,Mycetoma,Melioidosis,Echinococcosis | Leishmaniasis,high,0,0,43,81,20,"{""primary_diagnosis"": ""Melioidosis"", ""confidence"": ""high"", ""differential_diagnoses"": [""Echinococcosis"", ""Leishmaniasis""], ""key_evidence"": [""The patient had a right foot chronic lesion for 25 years, with several repeated histological biopsies revealing keloid scar, non-specific inflammation, or Kaposi's Sarcoma. The physical examination showed chronic skin changes on the right foot and leg, with multiple scars and hard abscessed ulcerations on the plantar face of the foot."", ""The culture of the abscess showed Staphylococcus aureus species. X-ray of the right foot showed extensive destruction of the tarse, metatarse and phalanges (Fig. 1). Other radiological evaluation did not found further lesions."", ""The patient had a history of barefoot contact with soil, which is a risk factor for melioidosis."", ""The patient had a history of recurrent bacterial skin infections, which is consistent with melioidosis."", ""The patient had a history of septic arthritis with effusion due to melioidosis, which is a known complication of melioidosis.""]}"
PMC5340087_01,Tuberculosis,Tuberculosis,Paracoccidioidomycosis | Melioidosis,high,1,1,48,75,20,"{""primary_diagnosis"": ""Tuberculosis"", ""confidence"": ""high"", ""differential_diagnoses"": [""Paracoccidioidomycosis"", ""Melioidosis""], ""key_evidence"": [""The patient had a history of hysterectomy a year and a half ago, which strongly considered choroidal metastases. However, the presence of multiple 18F-fluorodeoxyglucose (FDG) avid nodes (up to level IV) in cervical, mediastinal and retroperitoneal region - suggestive of an inflammatory pathology (TB) or metastases on PET scan.""]}"
PMC5445650_01,Paracoccidioidomycosis,Tuberculosis,Paracoccidioidomycosis | Mycetoma,high,0,1,41,159,20,"{""primary_diagnosis"": ""Tuberculosis"", ""confidence"": ""high"", ""differential_diagnoses"": [""Paracoccidioidomycosis"", ""Mycetoma""], ""key_evidence"": [""The patient presented with bilateral occipital headache, which is a primary symptom of cerebral tuberculosis."", ""The patient had a history of mild occipitotemporal injury 3 months ago, which could be a predisposing factor for central nervous system tuberculosis."", ""The radiological findings of a nodular hypodense lesion with ring enhancement and associated perilesional edema in the left cerebellar hemisphere are consistent with a cerebellar abscess or neoplasy, which could be secondary to tuberculosis."", ""The patient's history of active smoking and previous use of alcohol, along with the presence of cervical lymphadenopathy, could suggest a systemic infection such as tuberculosis."", ""The MRI and CT scans showed multiple cerebral infarctions and nodular enhancement in the left pontine cistern, which is consistent with central nervous system tuberculosis."", ""The patient's history of active tuberculosis infection in the cervical lymph nodes could explain the lymphadenopathy and the presence of a cerebellar lesion.""]}"
PMC5820895_01,Dengue,Malaria,Leishmaniasis | Tuberculosis,high,0,0,36,107,20,"{""primary_diagnosis"": ""Malaria"", ""confidence"": ""high"", ""differential_diagnoses"": [""Leishmaniasis"", ""Tuberculosis""], ""key_evidence"": [""The patient had a history of thrombocytopenia, which is a common hematologic manifestation of malaria."", ""The patient presented with fever, headache, myalgia, vomiting, hematemesis, and seizures, which are symptoms consistent with severe malaria."", ""The patient's Glasgow Coma Scale (GCS) was 3/15, indicating severe neurological compromise, which is consistent with severe malaria."", ""The patient's laboratory findings showed thrombocytopenia, which is a hallmark feature of severe malaria."", ""The patient's computed tomography (CT) brain showed generalized cerebral edema with loss of grey-white matter differentiation, effacement of sulci and basal cisterns, bilateral thalamic bleeds, and midline shift, which are consistent with severe malaria-induced cerebral edema and hemorrhage.""]}"
PMC6016156_01,Tuberculosis,Tuberculosis,Schistosomiasis | Malaria,high,1,1,52,74,20,"{""primary_diagnosis"": ""Tuberculosis"", ""confidence"": ""high"", ""differential_diagnoses"": [""Schistosomiasis"", ""Malaria""], ""key_evidence"": [""Colonoscopy and upper digestive endoscopy revealed ulcerated mucosal lesions with irregular and raised edges, suggesting a single etiology."", ""The patient's history of HIV infection and HCV coinfection, along with the presence of ulcerated mucosal lesions, supports the diagnosis of tuberculosis."", ""The patient's history of travel to Nigeria, which is an epidemiological risk factor for tuberculosis, further supports this diagnosis.""]}"
PMC6263537_01,Schistosomiasis,Tuberculosis,Melioidosis | Paracoccidioidomycosis,high,0,0,51,124,20,"{""primary_diagnosis"": ""Tuberculosis"", ""confidence"": ""high"", ""differential_diagnoses"": [""Melioidosis"", ""Paracoccidioidomycosis""], ""key_evidence"": [""Granulomatous inflammatory reaction made of epithelioid and gigantocellular granulomas punctuated by eosinophilic polynuclear cells on histological examination of the biopsies."", ""Histopathological study demonstrating granulomatous inflammation, epithelioid macrophages, Langhans giant cells, and necrosis."", ""The patient's history of prolonged employment and residence in Mauritania, a country with high prevalence of tuberculosis, and the presence of granulomatous inflammation in the biopsies.""]}"
PMC6304869_01,Tuberculosis,Tuberculosis,Melioidosis | Leptospirosis,high,1,1,51,117,20,"{""primary_diagnosis"": ""Tuberculosis"", ""confidence"": ""high"", ""differential_diagnoses"": [""Melioidosis"", ""Leptospirosis""], ""key_evidence"": [""The patient had a history of RA and received various DMARDs, including adalimumab, which predisposed the patient to tuberculosis reactivation."", ""The patient had a history of RA and received various DMARDs, including adalimumab, which impaired cell-mediated immunity predisposing to tuberculosis reactivation."", ""The patient had a history of RA and received various DMARDs, including adalimumab, which predisposed the patient to tuberculosis reactivation."", ""The patient had a history of RA and received various DMARDs, including adalimumab, which impaired cell-mediated immunity predisposing to tuberculosis reactivation.""]}"
PMC6304869_02,Tuberculosis,Tuberculosis,Leprosy | Melioidosis,high,1,1,27,20,20,"{""primary_diagnosis"": ""Tuberculosis"", ""confidence"": ""high"", ""differential_diagnoses"": [""Leprosy"", ""Melioidosis""], ""key_evidence"": [""Histopathological examination of the bronchial and alveolar specimens obtained through bronchoscopy demonstrated epithelioid cell granulomas, lymphocytes, plasma cells, and necrosis, which is characteristic of granulomatous inflammation and can be seen in tuberculosis."", ""The patient had a history of RA, which can be associated with tuberculosis, especially in the context of immunosuppression."", ""The patient's symptoms of cellulitis, fever, and elevated CRP are consistent with a systemic inflammatory response seen in tuberculosis, particularly in the context of granulomatous inflammation.""]}"
PMC6304869_03,Tuberculosis,Tuberculosis,Melioidosis | Neurocysticercosis,high,1,1,49,50,20,"{""primary_diagnosis"": ""Tuberculosis"", ""confidence"": ""high"", ""differential_diagnoses"": [""Melioidosis"", ""Neurocysticercosis""], ""key_evidence"": [""The patient had fever, headache, and malaise, which are common symptoms of tuberculosis. The lumbar puncture revealed a low level of glucose in the cerebrospinal fluid (CSF), which is consistent with tuberculous meningitis."", ""The patient's MRI showed hyperintense demyelinating lesions in the periventricular white matter, which is a finding associated with tuberculous meningitis."", ""The patient's MRI also showed pachymeningeal enhancement, which is a hallmark of tuberculous meningitis."", ""The patient's history of RA and the presence of reactive sacroiliitis, which can be associated with disseminated tuberculosis, further supports the diagnosis of tuberculosis.""]}"
PMC6452622_01,Echinococcosis,Echinococcosis,Leishmaniasis | Melioidosis,high,1,1,58,50,20,"{""primary_diagnosis"": ""Echinococcosis"", ""confidence"": ""high"", ""differential_diagnoses"": [""Leishmaniasis"", ""Melioidosis""], ""key_evidence"": [""The patient presented with a painful, hard, and fluctuant mass in the forearm, which is a characteristic feature of echinococcosis."", ""The patient's history of working as a butcher and having multiple contacts with sheep and dogs in Isfahan, Iran, is consistent with the epidemiology of echinococcosis."", ""The MRI scan of the forearm showed a cyst without any invasion, which is suggestive of echinococcosis."", ""The patient's history of living in Isfahan, Iran, where echinococcosis is endemic, supports the diagnosis of echinococcosis.""]}"
PMC6589246_01,Tuberculosis,septic shock,leptospirosis | melioidosis,high,0,0,41,140,20,"{""primary_diagnosis"": ""septic shock"", ""confidence"": ""high"", ""differential_diagnoses"": [""leptospirosis"", ""melioidosis""], ""key_evidence"": [""The patient developed severe septic shock with acute respiratory distress syndrome, requiring intubation and transfer to the respiratory intensive care unit (RICU)."", ""Disseminated melioidosis progressed to life-threatening septic shock in the patient, with persistent high-grade fever, jaundice, and hypotension.""]}"
PMC6679641_01,Tuberculosis,Silicotuberculosis,Tuberculosis | Miliary Tuberculosis,high,1,1,43,86,20,"{""primary_diagnosis"": ""Silicotuberculosis"", ""confidence"": ""high"", ""differential_diagnoses"": [""Tuberculosis"", ""Miliary Tuberculosis""], ""key_evidence"": [""The patient had a history of silicosis, which predisposed to recurrent, cavitary pulmonary tuberculosis as evidenced by the presence of esophageal and bronchial fistula, and the development of pulmonary nodules and calcification on imaging studies."", ""The patient's symptoms of cough, dysphagia, and chest pain were consistent with silicosis and concurrent pulmonary tuberculosis, as seen in silicotuberculosis."", ""The presence of pulmonary nodules, calcification, and esophageal and bronchial fistula, along with the history of silicosis, strongly supports the diagnosis of silicotuberculosis.""]}"
PMC7370326_01,Talaromycosis,Melioidosis,Paracoccidioidomycosis | Histoplasmosis,high,0,0,54,167,20,"{""primary_diagnosis"": ""Melioidosis"", ""confidence"": ""high"", ""differential_diagnoses"": [""Paracoccidioidomycosis"", ""Histoplasmosis""], ""key_evidence"": [""Multiple segmental colon ulcers with chronic inflammatory cells infiltration in lamina propria, submucosa, and muscle layer, and multiple granulomatous lesions without obvious caseous necrosis."", ""Pathology showed a large number of tissue cells with large number of blue purple granules, positive PAS staining, and Gomori's Methenamine-Silver (GMS) staining, which was considered to be histoplasmosis."", ""The patient had a history of taking methamphetamine, which is a risk factor for histoplasmosis."", ""The patient presented with fever, abdominal pain, and bloody stools, which are common symptoms of melioidosis.""]}"
PMC7553599_01,Tuberculosis,tuberculous pericarditis,melioidosis | pneumonia,high,0,0,44,91,20,"{""primary_diagnosis"": ""tuberculous pericarditis"", ""confidence"": ""high"", ""differential_diagnoses"": [""melioidosis"", ""pneumonia""], ""key_evidence"": [""The patient presented with dyspnea, unintentional weight loss, and a history of right-sided pyothorax secondary to extrapulmonary tuberculosis (EPTB).""]}"
PMC7670735_01,Leprosy|Trypanosomiasis,Tuberculosis,Malaria | Vivax malaria,high,0,0,43,108,20,"{""primary_diagnosis"": ""Tuberculosis"", ""confidence"": ""high"", ""differential_diagnoses"": [""Malaria"", ""Vivax malaria""], ""key_evidence"": [""The patient presented with fatigue, odynophagia, anosmia, ageusia, and headache for the prior 3 days, which are common symptoms of tuberculosis."", ""The patient had a history of malaria, which was initially suspected but ruled out with the positive RT-PCR for SARS-CoV-2."", ""The patient had a history of tuberculosis, as evidenced by the immunoprecipitation test for C-CHFV antigen, which is consistent with the patient's history of tuberculosis."", ""The patient's hematologic findings, including anemia, were consistent with tuberculosis, as tuberculosis can cause anemia of chronic disease."", ""The patient's immunosuppressive treatment for autoimmune haemolytic anaemia likely predisposed to tuberculosis, as tuberculosis is more common in immunocompromised individuals.""]}"
PMC7906555_01,Scabies,Scabies,Leprosy | Neurocysticercosis,high,1,1,52,75,20,"{""primary_diagnosis"": ""Scabies"", ""confidence"": ""high"", ""differential_diagnoses"": [""Leprosy"", ""Neurocysticercosis""], ""key_evidence"": [""The patient had a history of sharing her bed with her grandchildren who had similar rashes for which they had never received treatment."", ""The patient developed intense pruritus, scarring, and blackening of the distal left leg for 5 months, with a history of generalized pruritic vesiculopapular rashes spreading to the arms, trunk, groins, and lower extremities."", ""The patient's history of sharing her bed with her grandchildren who had similar rashes for which they had never received treatment, suggesting a vector-borne or contact-transmitted infection.""]}"
PMC8022158_01,Foodborne Trematodes,tuberculous pericarditis,melioidosis | echinococcosis,high,0,0,41,102,20,"{""primary_diagnosis"": ""tuberculous pericarditis"", ""confidence"": ""high"", ""differential_diagnoses"": [""melioidosis"", ""echinococcosis""], ""key_evidence"": [""A 16-year-old boy presented with a two week history of gradually worsening shortness of breath and abdominal distension, non-productive cough, loss of appetite and weight loss. These became associated with fever three days prior to admission. There were no night sweats, and no sputum. There was no history of trauma.""]}"
PMC8184239_01,Leprosy,Melioidosis,Amebiasis | Leishmaniasis,high,0,0,47,76,20,"{""primary_diagnosis"": ""Melioidosis"", ""confidence"": ""high"", ""differential_diagnoses"": [""Amebiasis"", ""Leishmaniasis""], ""key_evidence"": [""The patient had chronic osteomyelitis of the left foot, which is a known complication of melioidosis."", ""The patient had progressive swelling involving all fingers of both hands, which can be seen in leprosy, but melioidosis can also present with similar symptoms.""]}"
PMC8292084_01,Schistosomiasis,Melioidosis,Schistosomiasis | Talaromycosis,high,0,1,42,163,20,"{""primary_diagnosis"": ""Melioidosis"", ""confidence"": ""high"", ""differential_diagnoses"": [""Schistosomiasis"", ""Talaromycosis""], ""key_evidence"": [""Multiple gall stones in GB were still demonstrated. He was booked for elective laparoscopic cholecystectomy. Intraoperative findings showed omental adhesions to the GB. The GB was also densely adherent to the liver."", ""The patient presented with epigastric and abdominal pain associated with bloody vomiting, right upper quadrant abdominal pain, and yellowish discoloration of the eyes for one week. There was a history of watery diarrhea six days prior to presentation.""]}"
PMC8574110_01,Tuberculosis,Scrub Typhus,Melioidosis | Talaromycosis,high,0,0,46,103,20,"{""primary_diagnosis"": ""Scrub Typhus"", ""confidence"": ""high"", ""differential_diagnoses"": [""Melioidosis"", ""Talaromycosis""], ""key_evidence"": [""Positive scrub typhus IgM and IgG serology established the definitive diagnosis of scrub typhus."", ""Histopathology of the lesion margin confirmed cutaneous leishmaniasis and associated panniculitis."", ""Histopathology of the debrided tissue demonstrated cross-sections of the scabies mite.""]}"
PMC9396231_01,Echinococcosis,Melioidosis,Talaromycosis | Schistosomiasis,high,0,0,46,133,20,"{""primary_diagnosis"": ""Melioidosis"", ""confidence"": ""high"", ""differential_diagnoses"": [""Talaromycosis"", ""Schistosomiasis""], ""key_evidence"": [""The patient had a history of extensive exposure to indoor biomass fuel, which is a risk factor for melioidosis."", ""The patient presented with a 6-month history of daily cough, productive of half a cup of yellow/green sputum that had become white over the past month, and haemoptysis on only two occasions."", ""The chest radiograph showed right upper-lobe volume loss with the trachea deviated to the right, crowding of ribs, right upper-zone patchy opacity with possible intracavity mass with crescent of air and marked pleural thickening, large posterior right lower-lobe round opacity and smaller right middle-lobe round opacity with marked bronchial wall thickening."", ""The CT scan of the chest revealed a large right lower-lobe cyst (8 x 8 cm), with significant right middle- and upper-lobe scarring, traction bronchiectasis/bronchiolectasis and lung cavities containing low-density material with gas locules, in keeping with aspergillomas."", ""The patient had a history of close contact with dogs, cattle and sheep, which is a risk factor for melioidosis."", ""The patient had a history of weight loss (15 kg), with eosinophilia, which is a common finding in melioidosis."", ""The patient had a history of a 6-month history of cough and haemoptysis, which is consistent with melioidosis presentation."", ""The patient had a history of a 10-year history of smoking, which is a risk factor for melioidosis.""]}"
PMC9720788_01,Echinococcosis,Echinococcosis,Schistosomiasis | Melioidosis,high,1,1,43,163,20,"{""primary_diagnosis"": ""Echinococcosis"", ""confidence"": ""high"", ""differential_diagnoses"": [""Schistosomiasis"", ""Melioidosis""], ""key_evidence"": [""The patient had a history of a history of [MASK] cyst surgery 6 years ago, which is consistent with the presentation of hydatid cysts."", ""The patient's ultrasound and laparotomy findings, including the presence of multiple space-occupying hydatid cysts in the pelvic cavity, splenic enlargement, and extensive cysts in the right liver lobe, are consistent with echinococcosis."", ""The patient's history of abdominal pain, the presence of multiple cysts, and the findings of extensive cysts in the liver and spleen are consistent with echinococcosis.""]}"
PMC9742681_01,Tuberculosis,Tuberculosis,Melioidosis | Paracoccidioidomycosis,high,1,1,48,139,18,"{""primary_diagnosis"": ""Tuberculosis"", ""confidence"": ""high"", ""differential_diagnoses"": [""Melioidosis"", ""Paracoccidioidomycosis""], ""key_evidence"": [""Computed tomography of the chest, abdomen, and pelvis with contrast demonstrated left lung upper lobe micronodules, heterogeneous-appearing liver, splenomegaly, and large volume abdominal ascites (Figure 1)."", ""Extensive laboratory testing ruled out viral hepatitis and genetic and autoimmune liver disease."", ""Liver biopsy revealed 40% macrovesicular steatosis, mixed portal inflammation, and moderate fibrosis (stage 2/4) consistent with nonalcoholic steatohepatitis."", ""Diagnostic paracentesis yielded white blood cell (WBC) count of 3300 cells/microL, with lymphocytic predominance (82%) and a low serum albumin ascites gradient (SAAG) of 0.8 g/dL."", ""Repeat paracentesis found an elevated adenosine deaminase (114.4 U/L), ADA."", ""Blood and sputum cultures were negative, and no other sources of infection were identified."", ""A bone marrow biopsy showed normocellular marrow."", ""Diagnostic paracentesis yielded white blood cell (WBC) count of 3300 cells/microL, with lymphocytic predominance (82%) and a low serum albumin ascites gradient (SAAG) of 0.8 g/dL."", ""Extensive laboratory testing ruled out viral hepatitis and genetic and autoimmune liver disease."", ""Liver biopsy revealed 40% macrovesicular steatosis, mixed portal inflammation, and moderate fibrosis (stage 2/4) consistent with nonalcoholic steatohepatitis."", ""Diagnostic paracentesis yielded white blood cell (WBC) count of 3300 cells/microL, with lymphocytic predominance (82%) and a low serum albumin ascites gradient (SAAG) of 0.8 g/dL."", ""Repeat paracentesis found an elevated adenosine deaminase (114.4 U/L), ADA."", ""Blood and sputum cultures were negative, and no other sources of infection were identified."", ""A bone marrow biopsy showed normocellular marrow."", ""Diagnostic paracentesis yielded white blood cell (WBC) count of 3300 cells/microL, with lymphocytic predominance (82%) and a low serum albumin ascites gradient (SAAG) of 0.8 g/dL."", ""Extensive laboratory testing ruled out viral hepatitis and genetic and autoimmune liver disease."", ""Liver biopsy revealed 40% macrovesicular steatosis, mixed portal inflammation, and moderate fibrosis (stage 2/4) consistent with nonalcoholic steatohepatitis."", ""Diagnostic paracentesis yielded white blood cell (WBC) count of 3300 cells/microL, with lymphocytic predominance (82%) and a low serum albumin ascites gradient (SAAG) of 0.8 g/dL."", ""Repeat paracentesis found an elevated adenosine deaminase (114.4 U/L), ADA."", ""Blood and sputum cultures were negative, and no other sources of infection were identified."", ""A bone marrow biopsy showed normocellular marrow.""]}"
PMC9843065_01,Tuberculosis,Tuberculous meningitis,Neurocysticercosis | Hydatid cyst,high,0,0,39,114,20,"{""primary_diagnosis"": ""Tuberculous meningitis"", ""confidence"": ""high"", ""differential_diagnoses"": [""Neurocysticercosis"", ""Hydatid cyst""], ""key_evidence"": [""MRI of the brain revealed meningeal enhancement, particularly at the basilar meninges and the sylvian fissure, and vasculitis-related infarction at the circle of Willis, which are typical findings of tuberculous meningitis."", ""The patient had a history of tuberculosis, which is a known risk factor for tuberculous meningitis."", ""The patient presented with symptoms such as fever, confusion, and headache, which are common in tuberculous meningitis."", ""MRI showed multiple cerebral infarctions and meningeal enhancement, consistent with tuberculous meningitis.""]}"
PMC9928219_01,Tuberculosis,Melioidosis,Leishmaniasis | Tuberculosis,high,0,1,50,70,20,"{""primary_diagnosis"": ""Melioidosis"", ""confidence"": ""high"", ""differential_diagnoses"": [""Leishmaniasis"", ""Tuberculosis""], ""key_evidence"": [""The patient's history of emigration from Eritrea, a known endemic area for Melioidosis."", ""The patient's presentation with chronic hip pain, weight loss, and multiple fluid collections on CT scans, which are consistent with Melioidosis."", ""The patient's history of tuberculosis, which could complicate the diagnosis of Melioidosis.""]}"
