case_id,ground_truth,predicted_primary,predicted_diffs,confidence,top1_acc,top3_acc,num_entities,num_relations,num_chunks,raw_response
PMC10071914_01,Scrub Typhus,Leptospirosis,Melioidosis | Tuberculosis,high,0,0,55,104,20,"{""primary_diagnosis"": ""Leptospirosis"", ""confidence"": ""high"", ""differential_diagnoses"": [""Melioidosis"", ""Tuberculosis""], ""key_evidence"": [""The patient had a history of fever, chills, myalgia, and jaundice, which are common symptoms of leptospirosis."", ""The chest X-ray showed bilateral pulmonary infiltrates suggestive of acute respiratory distress syndrome (ARDS), which is consistent with the presentation of leptospirosis."", ""The patient's laboratory results showed microcytic anemia, leukocytosis, and elevated liver enzymes, which are consistent with leptospirosis."", ""The patient's clinical presentation, including fever, chills, myalgia, jaundice, and respiratory symptoms, is consistent with leptospirosis.""]}"
PMC10348382_01,Echinococcosis,Dengue,Leishmaniasis | Melioidosis,high,0,0,39,117,20,"{""primary_diagnosis"": ""Dengue"", ""confidence"": ""high"", ""differential_diagnoses"": [""Leishmaniasis"", ""Melioidosis""], ""key_evidence"": [""The patient had a history of recent exposure to flood waters, which is a known risk factor for dengue infection."", ""The patient presented with fever, myalgia, and generalized weakness, which are classic symptoms of dengue fever."", ""The ECG showed supraventricular tachycardia (230 bpm) not responsive to intravenous adenosine, which is a known finding in dengue myocarditis."", ""The patient had a history of tuberculosis, which can complicate dengue infection and lead to severe complications such as dengue-induced myocarditis."", ""The patient's echocardiogram showed a cyst-like structure in the right atrium, which is consistent with a cardiac hydatid cyst, a rare but known complication of dengue infection.""]}"
PMC10362915_01,Tuberculosis,Paracoccidioidomycosis,Leprosy | Mycetoma,high,0,0,41,107,20,"{""primary_diagnosis"": ""Paracoccidioidomycosis"", ""confidence"": ""high"", ""differential_diagnoses"": [""Leprosy"", ""Mycetoma""], ""key_evidence"": [""The patient had a history of systemic lupus erythematosus and lupus nephritis for 14 years, which predisposed the patient to opportunistic paracoccidioidomycosis."", ""The patient's renal function was abnormal, and he had a history of lupus nephritis, which could be a risk factor for paracoccidioidomycosis."", ""The patient's presentation of recurrent urinary symptoms, including urinary urgency, frequency, and painful urination, along with elevated blood creatinine, could be indicative of urinary tract infection or interstitial cystitis, which are common in patients with lupus nephritis."", ""The patient's history of systemic lupus erythematosus and its immunosuppressive management predisposed the patient to opportunistic paracoccidioidomycosis.""]}"
PMC10703499_01,Tuberculosis,Tuberculosis,Paracoccidioidomycosis | Melioidosis,high,1,1,50,53,20,"{""primary_diagnosis"": ""Tuberculosis"", ""confidence"": ""high"", ""differential_diagnoses"": [""Paracoccidioidomycosis"", ""Melioidosis""], ""key_evidence"": [""Histopathological examination revealed necrotizing granulomatous lymphadenitis, consistent with tuberculosis."", ""The patient had a history of severe hepatotoxicity and developed acute liver injury and kidney failure, which is a known complication of tuberculosis."", ""The patient presented with a history of testicular swelling and pain, which can be associated with tuberculous epididymoorchitis."", ""The patient's laboratory test results showed elevated liver enzymes, consistent with tuberculous epididymoorchitis."", ""The patient had a history of pleural effusion and mediastinal lymphadenopathy, which can be seen in pulmonary tuberculosis."", ""The patient's chest CT scan was normal, which is not typical for pulmonary tuberculosis but can be seen in some cases."", ""The patient's testicular ultrasound showed a heterogeneous expansive mass in the lower portion of the left testicle, associated with epididymis thickening, which is consistent with tuberculous epididymoorchitis.""]}"
PMC10712253_01,Tuberculosis,Tuberculosis,Melioidosis | Leprosy,high,1,1,42,134,20,"{""primary_diagnosis"": ""Tuberculosis"", ""confidence"": ""high"", ""differential_diagnoses"": [""Melioidosis"", ""Leprosy""], ""key_evidence"": [""The patient had a strong contact history with an adult who had confirmed pulmonary tuberculosis on [MASK] treatment."", ""The patient had a history of recurrent fever, cough, weight loss, and drenching night sweats, which are common symptoms of tuberculosis."", ""The patient's chest radiography showed multiple miliary opacities scattered throughout both lung fields, which is characteristic of disseminated tuberculosis."", ""The patient's laboratory findings included lymphocytopenia, which is a common finding in active tuberculosis."", ""The patient's chest computed tomography (CT) scan showed multiorgan involvement of tuberculosis, including right paratracheal, right axillary, and multiple mediastinal calcified lymphadenopathies with opacity at right lower lung."", ""The patient's bone involvement was evidenced by small perivertebral collection with faint rim enhancement associated with T1 vertebral endplate erosion, which is consistent with disseminated peritoneal tuberculosis."", ""The patient's hypercalcemia was attributed to extra-renal 1,25-dihydroxyvitamin D production from granulomatous inflammation, which is a known complication of tuberculosis.""]}"
PMC10932498_01,Dengue,Malaria,Leishmaniasis | Tuberculosis,high,0,0,47,129,20,"{""primary_diagnosis"": ""Malaria"", ""confidence"": ""high"", ""differential_diagnoses"": [""Leishmaniasis"", ""Tuberculosis""], ""key_evidence"": [""High fever, abdominal pain, vomiting, and reduced urine output. Hemoglobin level was 8 g/dL, platelet count 43000/muL, leukocyte count 10,300/muL with 78% neutrophils and 18% lymphocytes. Erythrocyte sedimentation rate was 88/min. Total bilirubin was 3.5 mg/dL, direct bilirubin 2.3 mg/dL, aspartate aminotransferase 47 IU/L, alanine aminotransferase 64 IU/L and alkaline phosphatase 125 IU/L. Total protein was 6.4 g/dL, albumin and globulin were 3.1 g/dL and 3.3 g/dL, respectively. Serum urea was 174 mg/dL and creatinine was 4.5 mg/dL."", ""Previous history of splenectomy due to hemolytic anemia. Four months later, he developed anemia, jaundice, malaise, fever and weakness.""]}"
PMC10941984_01,Malaria,Schistosomiasis,Malaria | Intestinal Tuberculosis,high,0,1,47,44,20,"{""primary_diagnosis"": ""Schistosomiasis"", ""confidence"": ""high"", ""differential_diagnoses"": [""Malaria"", ""Intestinal Tuberculosis""], ""key_evidence"": [""The patient resided in Hail, Saudi Arabia, where schistosomiasis was documented."", ""The patient presented with symptoms such as fatigue, weight loss, and abdominal pain, which are consistent with schistosomiasis."", ""The patient's history of residence in a malaria-endemic area and the presence of schistosomiasis in the colonic wall (as found in the pathology report) suggest a multi-system infection."", ""The patient's history of residence in a war-risk community in Cameroon and the presence of schistosomiasis in the colonic wall (as found in the pathology report) suggest a multi-system infection.""]}"
PMC10949269_01,Malaria,Scrub Typhus,Malaria | Leptospirosis,high,0,1,52,169,20,"{""primary_diagnosis"": ""Scrub Typhus"", ""confidence"": ""high"", ""differential_diagnoses"": [""Malaria"", ""Leptospirosis""], ""key_evidence"": [""The patient presented with fever, chills, and rigors for 3 months, which are classic symptoms of scrub typhus."", ""Laboratory findings showed a positive Scrub Typhus Ig M ELISA, supporting the diagnosis of scrub typhus."", ""The patient had a Glasgow Coma Scale (GCS) of 12/15, which is within the range seen in severe cases of scrub typhus."", ""The patient had a history of right upper abdominal pain, which is a common presentation in scrub typhus, especially in the context of a history of travel to endemic areas.""]}"
PMC11682786_01,Viral Hemorrhagic Fevers,Scrub Typhus,Malaria | Dengue,high,0,0,50,158,16,"{""primary_diagnosis"": ""Scrub Typhus"", ""confidence"": ""high"", ""differential_diagnoses"": [""Malaria"", ""Dengue""], ""key_evidence"": [""The patient had a history of tick bite exposure in a rural environment, which is a known risk factor for scrub typhus."", ""The patient presented with fever, myalgia, and a periumbilical eschar, which are classic symptoms of scrub typhus."", ""Laboratory findings, including thrombocytopenia, prolonged activated partial thromboplastin time, and hypofibrinogenemia, are consistent with disseminated intravascular coagulation (DIC) seen in severe cases of scrub typhus."", ""The patient's condition worsened, requiring hospitalization and intensive care, which is characteristic of severe cases of scrub typhus.""]}"
PMC11682824_01,Malaria,Scrub Typhus,Melioidosis | Paracoccidioidomycosis,high,0,0,51,64,20,"{""primary_diagnosis"": ""Scrub Typhus"", ""confidence"": ""high"", ""differential_diagnoses"": [""Melioidosis"", ""Paracoccidioidomycosis""], ""key_evidence"": [""The patient had a history of travel to Grande Comore Island, where scrub typhus is endemic."", ""Laboratory tests revealed leukocytosis, anemia, severe thrombocytopenia, hepatopathy, renal impairment, metabolic acidosis, and hyperlactatemia, which are consistent with scrub typhus."", ""The patient had a history of fever, myalgia, arthralgia, and headache, which are common symptoms of scrub typhus."", ""The patient had a history of jaundice and stupor, which are signs of severe scrub typhus infection."", ""The presence of a disseminated papular and maculopapular rash, which is a hallmark clinical sign of talaromycosis, is inconsistent with the patient's presentation of scrub typhus."", ""The patient's history of travel to Grande Comore Island, where scrub typhus is endemic, is a significant epidemiological risk factor."", ""The patient's laboratory findings, including leukocytosis, anemia, and thrombocytopenia, are consistent with the clinical presentation of scrub typhus."", ""The patient's history of travel to Grande Comore Island, where scrub typhus is endemic, is a significant epidemiological risk factor."", ""The patient's history of travel to Grande Comore Island, where scrub typhus is endemic, is a significant epidemiological risk factor.""]}"
PMC11770496_01,Tuberculosis,Spinal tuberculosis,Pott disease | Tuberculous spondylodiscitis,high,1,1,41,167,20,"{""primary_diagnosis"": ""Spinal tuberculosis"", ""confidence"": ""high"", ""differential_diagnoses"": [""Pott disease"", ""Tuberculous spondylodiscitis""], ""key_evidence"": [""The patient presented with a large, non-tender, mobile, non-inflammatory mass in the right flank (Fig. 1), which is consistent with a spinal lesion."", ""The patient had a history of low back pain for 12 months, which was associated with chronic low back pain, weight loss, and intermittent nocturnal fever."", ""The clinical examination revealed a patient in good general health, afebrile, slightly pale, with a large, non-tender, mobile, non-inflammatory mass in the right flank (Fig. 1)."", ""Laboratory tests showed an inflammatory syndrome with a C-reactive protein (CRP) level of 70 mg/L, a white blood cell count of 12,000/muL, and hemoglobin at 10 g/dL."", ""Abdominal computed tomography (CT) revealed spondylodiscitis involving the L1-L2 vertebrae (Fig. 2), along with bilateral psoas abscesses and multiple retroperitoneal collections, the largest measuring 180 mm x 150 mm, suggestive of spinal tuberculosis."", ""Histological analysis of the abscess wall was consistent with tissue inflammation."", ""The patient had a history of tuberculosis, including Pott's disease of the cervical spine and thoracic vertebrae, which is consistent with the clinical presentation and imaging findings.""]}"
PMC11806386_01,Melioidosis,Tuberculosis,Mycetoma | Leprosy,high,0,0,47,57,20,"{""primary_diagnosis"": ""Tuberculosis"", ""confidence"": ""high"", ""differential_diagnoses"": [""Mycetoma"", ""Leprosy""], ""key_evidence"": [""The patient presented with a history of low back pain, which is a hallmark symptom of spinal tuberculosis (spinal tuberculosis)."", ""The patient had a history of tuberculosis, as evidenced by the presence of a saccular mycotic aneurysm in the abdominal aorta, which is a complication of disseminated tuberculosis."", ""The patient's abdominal pain, which was initially localized to the right upper quadrant and then generalized, is consistent with the presentation of abdominal tuberculosis (pelviperitoneal tuberculosis)."", ""The patient's history of tuberculosis, including the presence of a saccular mycotic aneurysm, supports the diagnosis of tuberculosis as the primary cause of the patient's symptoms.""]}"
PMC11831978_01,Schistosomiasis,Tuberculosis,Schistosomiasis | Melioidosis,high,0,1,38,67,20,"{""primary_diagnosis"": ""Tuberculosis"", ""confidence"": ""high"", ""differential_diagnoses"": [""Schistosomiasis"", ""Melioidosis""], ""key_evidence"": [""Histopathological examination of the resected appendix specimen revealed necrotizing granulomas confirming tuberculosis."", ""Multiple enlarged lymph nodes in cervical, axillary, and abdominal regions manifested in talaromycosis."", ""The patient had lived in Zimbabwe for 13 years before migrating to New Zealand, which could have exposed him to schistosomal infection."", ""The patient had a history of abdominal pain and lymphadenopathy, which are common in tuberculosis and schistosomiasis.""]}"
PMC12911139_01,Tuberculosis,Paracoccidioidomycosis,Melioidosis | Tuberculosis,high,0,1,47,46,20,"{""primary_diagnosis"": ""Paracoccidioidomycosis"", ""confidence"": ""high"", ""differential_diagnoses"": [""Melioidosis"", ""Tuberculosis""], ""key_evidence"": [""The patient had a history of residing in Trinidad and Tobago, which is an endemic region for Paracoccidioidomycosis."", ""The patient presented with chronic monoarthritis of the left knee, which is a characteristic feature of Paracoccidioidomycosis."", ""The patient had a history of residing in rural Morocco, which is also an endemic region for Paracoccidioidomycosis."", ""The patient had a history of residing in Peru, which is an endemic region for Paracoccidioidomycosis.""]}"
PMC12927153_01,Echinococcosis,Budd-Chiari syndrome,Paracoccidioidomycosis | Melioidosis,high,0,0,38,155,17,"{""primary_diagnosis"": ""Budd-Chiari syndrome"", ""confidence"": ""high"", ""differential_diagnoses"": [""Paracoccidioidomycosis"", ""Melioidosis""], ""key_evidence"": [""The patient presented with progressive jaundice, recurrent hematemesis, abdominal distension due to ascites, and marked unintentional weight loss, which are typical symptoms of Budd-Chiari syndrome."", ""The patient had a history of pulmonary [MASK] 10-12 years back, which could be indicative of a chronic infection such as tuberculosis, which is a known risk factor for developing Budd-Chiari syndrome."", ""The patient's liver imaging showed typical 'nutmeg liver' appearance compatible with Budd-Chiari syndrome with thrombosed hepatic veins, hypertrophied caudate lobe, splenomegaly, moderate ascites, and a discrete 5.8 x 4 cm [MASK] cyst in hepatic segment VII.""]}"
PMC2801018_01,Tuberculosis,Schistosomiasis,Tuberculosis | Malaria,high,0,1,45,132,20,"{""primary_diagnosis"": ""Schistosomiasis"", ""confidence"": ""high"", ""differential_diagnoses"": [""Tuberculosis"", ""Malaria""], ""key_evidence"": [""The patient had a history of living in the north of Saudi Arabia, which is endemic for schistosomiasis."", ""The pathology unexpectedly showed chronic schistosomiasis in the colonic wall, which is consistent with the patient's history and symptoms."", ""The patient's Schistosoma serology titer was high, indicating an active infection."", ""The patient's abdominal pain, distension, and the presence of ascites are consistent with the clinical presentation of schistosomiasis."", ""The patient's history of living in an endemic area and the unexpected finding of schistosomiasis in the pathology report strongly support the diagnosis of schistosomiasis.""]}"
PMC2801018_02,Tuberculosis,,,unknown,1,0,54,153,20,"{""error"": """", ""primary_diagnosis"": """", ""differential_diagnoses"": []}"
PMC2878410_01,Tuberculosis,Tuberculosis,Melioidosis | Leishmaniasis,high,1,1,42,142,19,"{""primary_diagnosis"": ""Tuberculosis"", ""confidence"": ""high"", ""differential_diagnoses"": [""Melioidosis"", ""Leishmaniasis""], ""key_evidence"": [""The patient had a history of kidney transplantation, which predisposes to opportunistic infections including tuberculosis."", ""The patient presented with fever, weight loss, and multiple organ involvement (liver, spleen, renal allograft, prostate)."", ""The patient's immunosuppressive therapy (cyclosporine, azathioprine) increased the risk of opportunistic infections."", ""The patient's renal allograft dysfunction and the presence of multiple enlarged lymph nodes with central necrosis on CT scan are suggestive of disseminated tuberculosis."", ""The patient's history of immunosuppression following kidney transplantation increased vulnerability to disseminated tuberculosis.""]}"
PMC3039764_01,Scabies,Acute Type Adult T-Cell Leukemia (ATL),Mycetoma | Talaromycosis,high,0,0,50,114,20,"{""primary_diagnosis"": ""Acute Type Adult T-Cell Leukemia (ATL)"", ""confidence"": ""high"", ""differential_diagnoses"": [""Mycetoma"", ""Talaromycosis""], ""key_evidence"": [""Patient presented with intermittent fever, hepatosplenomegaly, leukocytosis, and elevated lactate dehydrogenase. Bone marrow biopsy demonstrated marrow infiltration of atypical lymphoid cells immunoreactive for UCHL-1, CD3, and CD7."", ""Patient had a leukocyte count of 19,400/muL and hypercalcemia, which are common in ATL."", ""Patient had multiple intra-abdominal lymphadenopathies and skin lesions, which are characteristic of ATL."", ""Patient's rapid deterioration and development of sepsis and acute respiratory distress syndrome support the diagnosis of ATL."", ""Patient's history of HTLV-1 infection and the presence of atypical lymphoid cells in the bone marrow biopsy are consistent with ATL."", ""Patient's response to chemotherapy and isotretinoin treatment suggests a hematologic malignancy, which is consistent with ATL.""]}"
PMC3322787_01,Leptospirosis,Scrub Typhus,Malaria | Dengue,high,0,0,45,67,20,"{""primary_diagnosis"": ""Scrub Typhus"", ""confidence"": ""high"", ""differential_diagnoses"": [""Malaria"", ""Dengue""], ""key_evidence"": [""The patient presented with fever, headache, myalgias, fatigue, and lower back pain, which are classic symptoms of scrub typhus. The patient also had jaundice, renal failure, and thrombocytopenia, which are common manifestations of severe scrub typhus."", ""The patient had a history of exposure to muddied waters after an overnight thundershower, which is a known risk factor for scrub typhus. Additionally, the patient had a history of living in a rural area, which is also a risk factor for scrub typhus."", ""Laboratory findings such as elevated creatinine levels and thrombocytopenia are consistent with severe scrub typhus, as well as the presence of a rash, which is a hallmark of the disease.""]}"
PMC3322787_02,Leptospirosis,Tuberculosis,Leptospirosis | Melioidosis,high,0,1,45,123,20,"{""primary_diagnosis"": ""Tuberculosis"", ""confidence"": ""high"", ""differential_diagnoses"": [""Leptospirosis"", ""Melioidosis""], ""key_evidence"": [""The patient had a history of fever, myalgias, and renal insufficiency, which are common symptoms of tuberculosis. The patient's laboratory values, including creatinine and liver enzymes, showed abnormalities consistent with multi-organ failure, which is a hallmark of severe tuberculosis."", ""The patient's renal insufficiency and elevated liver enzymes could be secondary to tuberculosis, a condition known to cause multi-organ dysfunction."", ""The patient's history of travel and the presence of fever, myalgias, and renal insufficiency are consistent with a miliary tuberculosis presentation, which is a severe form of tuberculosis that can cause multi-organ failure.""]}"
PMC3322787_03,Leptospirosis,Melioidosis,Paracoccidioidomycosis | Leptospirosis,high,0,1,55,55,20,"{""primary_diagnosis"": ""Melioidosis"", ""confidence"": ""high"", ""differential_diagnoses"": [""Paracoccidioidomycosis"", ""Leptospirosis""], ""key_evidence"": [""The patient had a history of swimming in a local freshwater lake 15 days prior to illness onset, which is a known environmental exposure source for melioidosis."", ""The patient's laboratory findings included thrombocytopenia, mild elevations in liver enzymes, and proteinuria, which are consistent with melioidosis."", ""The patient's clinical presentation, including fever, myalgia, and proteinuria, are consistent with melioidosis, a zoonotic infection caused by Burkholderia pseudomallei.""]}"
PMC3322787_04,Leptospirosis,Dengue,Leptospirosis | Melioidosis,high,0,1,35,111,20,"{""primary_diagnosis"": ""Dengue"", ""confidence"": ""high"", ""differential_diagnoses"": [""Leptospirosis"", ""Melioidosis""], ""key_evidence"": [""The patient presented with fever, myalgias, chills, headache, anorexia, nausea, and abdominal pain, which are common symptoms of dengue."", ""The renal biopsy showed acute tubulointerstitial nephritis, which is the most characteristic renal lesion observed in dengue."", ""The patient had a history of houseboat excursion, which is a common mode of transmission for dengue in tropical regions.""]}"
PMC3322787_05,Leptospirosis,Echinococcosis,Schistosomiasis | Melioidosis,high,0,0,50,151,19,"{""primary_diagnosis"": ""Echinococcosis"", ""confidence"": ""high"", ""differential_diagnoses"": [""Schistosomiasis"", ""Melioidosis""], ""key_evidence"": [""The patient's history of living in a rural area with domestic animal contact, which is a common epidemiological risk factor for echinococcosis."", ""The presence of a large parasitic hydatid cyst in the patient's subcapsular and perinephric space of the right kidney, which is consistent with echinococcosis."", ""The patient's history of contact with domestic animals in a village, which provided the epidemiological exposure for echinococcosis.""]}"
PMC3322787_06,Leptospirosis,Melioidosis,Leptospirosis | Schistosomiasis,high,0,1,48,40,20,"{""primary_diagnosis"": ""Melioidosis"", ""confidence"": ""high"", ""differential_diagnoses"": [""Leptospirosis"", ""Schistosomiasis""], ""key_evidence"": [""Five cases of fever, headache, myalgia, and renal impairment in California, with high fever and uniform renal impairment as salient features."", ""The patient's occupation as a farmer provided direct environmental exposure to soil and water harboring Burkholderia pseudomallei."", ""The patient's history of swimming in a local freshwater lake, which is a known environmental exposure source for melioidosis.""]}"
PMC3328486_01,Schistosomiasis,Schistosomiasis,Intestinal Schistosomiasis | Urinary Schistosomiasis,high,1,1,50,98,20,"{""primary_diagnosis"": ""Schistosomiasis"", ""confidence"": ""high"", ""differential_diagnoses"": [""Intestinal Schistosomiasis"", ""Urinary Schistosomiasis""], ""key_evidence"": [""Urinary schistosomiasis was initially presented with terminal hematuria two years before the current presentation, and cystoscopy and bladder biopsy confirmed the presence of Schistosoma haematobium ova."", ""The patient's history of travel to schistosomiasis endemic area prompted the performance of manual urine microscopy, which confirmed the diagnosis of urinary schistosomiasis."", ""Histopathological examination of bladder biopsy showed Schistosoma haematobium ova, supporting the diagnosis of urinary schistosomiasis.""]}"
PMC3357531_01,Tuberculosis,Tuberculosis,Schistosomiasis | Melioidosis,high,1,1,46,169,20,"{""primary_diagnosis"": ""Tuberculosis"", ""confidence"": ""high"", ""differential_diagnoses"": [""Schistosomiasis"", ""Melioidosis""], ""key_evidence"": [""The patient had a history of significant postural giddiness and vomiting that had persisted for the past week, which is a common presentation of extrapulmonary tuberculosis, including abdominal tuberculosis."", ""The patient had a history of significant weight loss, which is a known complication of tuberculosis, particularly in the context of extrapulmonary involvement."", ""The patient had hypotension and tachycardia, which are signs of systemic inflammatory response syndrome (SIRS) and can be seen in severe tuberculosis, especially in the context of adrenal insufficiency."", ""The patient had a history of adrenal insufficiency, which can be a complication of tuberculosis, particularly in the context of adrenal involvement."", ""The patient had a history of unprotected sex, which can be a risk factor for schistosomiasis, although this was not confirmed by the provided clinical case."", ""The patient had a history of hypotension, which can be seen in severe tuberculosis, particularly in the context of adrenal insufficiency."", ""The patient had a history of abdominal pain, which can be a symptom of abdominal tuberculosis, including splenic, hepatic, and pelvic involvement."", ""The patient had a history of low serum cortisol levels, which can be a sign of adrenal insufficiency, a common complication of tuberculosis, particularly in the context of adrenal involvement.""]}"
PMC3429378_01,Tuberculosis,Tuberculosis,Melioidosis | Leprosy,high,1,1,47,133,20,"{""primary_diagnosis"": ""Tuberculosis"", ""confidence"": ""high"", ""differential_diagnoses"": [""Melioidosis"", ""Leprosy""], ""key_evidence"": [""The patient presented with a perianal ulcer, which is a known manifestation of cutaneous tuberculosis. The biopsy showed granulomatous inflammation consistent with cutaneous and subcutaneous tuberculosis."", ""The patient had a history of lymphadenopathy, which is a common presentation of tuberculosis, especially in the context of lymph node involvement in cutaneous tuberculosis."", ""The patient's history of lymphadenopathy, along with the presence of a perianal ulcer, supports the differential diagnosis of cutaneous tuberculosis, which is a form of cutaneous tuberculosis."", ""The patient's history of lymphadenopathy, along with the presence of a perianal ulcer, supports the differential diagnosis of cutaneous tuberculosis, which is a form of cutaneous tuberculosis.""]}"
PMC3461775_01,Echinococcosis,Renal hydatid cyst,Echinococcosis | Melioidosis,high,0,1,51,49,20,"{""primary_diagnosis"": ""Renal hydatid cyst"", ""confidence"": ""high"", ""differential_diagnoses"": [""Echinococcosis"", ""Melioidosis""], ""key_evidence"": [""The patient presented with a large multilocular cyst in the left kidney, with multiple daughter cysts giving rise to a spoke wheel pattern, which is characteristic of renal hydatid cyst."", ""The patient had a history of left flank pain and a large multilocular cyst in the left kidney, which is consistent with the clinical presentation of renal hydatid cyst."", ""The patient underwent left nephroureterectomy, which is a surgical procedure commonly performed for renal hydatid cysts.""]}"
PMC3481907_01,Tuberculosis,Paracoccidioidomycosis,Leprosy | Cutaneous tuberculosis,high,0,1,43,104,20,"{""primary_diagnosis"": ""Paracoccidioidomycosis"", ""confidence"": ""high"", ""differential_diagnoses"": [""Leprosy"", ""Cutaneous tuberculosis""], ""key_evidence"": [""The patient presented with large plaques of 30 years duration over multiple body parts, including the right upper limb, right side of the chest and back, and right lower limb. The lesions were asymptomatic except for mild itching."", ""The patient had a history of multiple lesions that started as small papules and gradually enlarged over time, with no history of trauma or contact with a high-risk person."", ""The skin lesions were characterized by well-defined borders, irregular margins, and areas of hyperkeratosis and large, thick adherent crusts on an erythematous base. Ulceration and atrophy were present in some areas."", ""The patient's skin lesions showed dramatic improvement within 3 weeks and almost total healing within 12 weeks, which is consistent with the clinical course of cutaneous paracoccidioidomycosis."", ""The patient's skin biopsy showed subepithelial granulomas, which is a characteristic finding in cutaneous paracoccidioidomycosis."", ""The patient's skin lesions were confirmed by Ziehl-Neelsen acid-fast histopathological staining, which is a diagnostic feature of cutaneous paracoccidioidomycosis.""]}"
PMC3534248_01,Echinococcosis,Mycetoma,Leprosy | Cutaneous tuberculosis,high,0,0,53,121,20,"{""primary_diagnosis"": ""Mycetoma"", ""confidence"": ""high"", ""differential_diagnoses"": [""Leprosy"", ""Cutaneous tuberculosis""], ""key_evidence"": [""The patient presented with a firm to hard, mobile mass measuring 10 x 5 cm persisting for two years in the left axilla, which was described as a unilocular cyst with a hard fibrotic wall on macroscopic examination."", ""The patient had a history of a maculopapular rash over the legs, intermittent abdominal pain, nausea, and diarrhea, which are consistent with cutaneous tuberculosis symptoms."", ""The patient's history of a painful swelling of the right sternoclavicular joint without any discharging sinus, associated with mild pain, erythema, and local rise of temperature, is consistent with cutaneous tuberculosis.""]}"
PMC3597904_01,Tuberculosis,Tuberculosis,Paracoccidioidomycosis | Melioidosis,high,1,1,42,117,20,"{""primary_diagnosis"": ""Tuberculosis"", ""confidence"": ""high"", ""differential_diagnoses"": [""Paracoccidioidomycosis"", ""Melioidosis""], ""key_evidence"": [""MRI showing multisegmental posterior collection of epidural fluid extending from C7 to L2 vertebral level without any evidence of vertebral involvement, which is consistent with spinal tuberculosis."", ""Patient's history of tuberculosis, including inflammatory-type lumbar pain, bilateral abscess collections at the expense of both psoas muscles, and positive IGRA test for tuberculosis."", ""Lumbar puncture confirmed Mycobacterium tuberculosis in the CSF via PCR and culture, supporting the diagnosis of spinal tuberculosis.""]}"
PMC3738493_01,Dengue,Melioidosis,Dengue | Leptospirosis,high,0,1,40,173,20,"{""primary_diagnosis"": ""Melioidosis"", ""confidence"": ""high"", ""differential_diagnoses"": [""Dengue"", ""Leptospirosis""], ""key_evidence"": [""The patient presented with a history of fever, malaise, and a generalized tonic-clonic convulsion, which are common symptoms of both melioidosis and dengue. However, the patient's presentation of severe abdominal pain, hypotension, and multiorgan dysfunction syndrome (MODS) is more consistent with melioidosis."", ""The patient's laboratory findings, including thrombocytopenia, anemia, and elevated liver enzymes, are consistent with both melioidosis and dengue. However, the presence of pleural effusion, gallbladder thickening, and ascites are more indicative of melioidosis."", ""The patient's history of sickle cell disease, which predisposes to splenic infarction and acute cholangitis, is more consistent with melioidosis, as it can cause hepatic abscesses and gallbladder involvement.""]}"
PMC3884731_01,Trypanosomiasis,Malaria,Schistosomiasis | Tuberculosis,high,0,0,51,165,20,"{""primary_diagnosis"": ""Malaria"", ""confidence"": ""high"", ""differential_diagnoses"": [""Schistosomiasis"", ""Tuberculosis""], ""key_evidence"": [""The patient had a history of travel to endemic areas in Bolivia, and presented with chronic constipation, extreme constipation, and abdominal distension."", ""The patient had a history of travel to endemic areas in Bolivia, and presented with fever, chills, and myalgia, which are common symptoms of malaria."", ""The patient had a history of travel to endemic areas in Bolivia, and presented with watery loose stools, which can be a symptom of intestinal amebiasis but is more commonly associated with malaria."", ""The patient had a history of travel to endemic areas in Bolivia, and presented with conjunctival jaundice, which can be a symptom of severe malaria."", ""The patient had a history of travel to endemic areas in Bolivia, and presented with hepatosplenomegaly, which can be a complication of severe malaria."", ""The patient had a history of travel to endemic areas in Bolivia, and presented with a history of unexplained weight loss, which can be a symptom of schistosomiasis."", ""The patient had a history of travel to endemic areas in Bolivia, and presented with a history of unexplained weight loss, which can be a symptom of tuberculosis."", ""The patient had a history of travel to endemic areas in Bolivia, and presented with a history of unexplained weight loss, which can be a symptom of chronic strongyloidiasis."", ""The patient had a history of travel to endemic areas in Bolivia, and presented with a history of unexplained weight loss, which can be a symptom of chronic strongyloidiasis."", ""The patient had a history of travel to endemic areas in Bolivia, and presented with a history of unexplained weight loss, which can be a symptom of chronic strongyloidiasis.""]}"
PMC3914130_01,Leptospirosis,Leptospirosis,Melioidosis | Dengue Fever,high,1,1,47,129,20,"{""primary_diagnosis"": ""Leptospirosis"", ""confidence"": ""high"", ""differential_diagnoses"": [""Melioidosis"", ""Dengue Fever""], ""key_evidence"": [""The patient had a history of working in a trout farm, which is an occupational exposure risk for leptospirosis."", ""The patient presented with fever, epigastric pain, myalgia, jaundice, and acute kidney injury, which are common symptoms of leptospirosis."", ""Laboratory findings included thrombocytopenia, elevated liver enzymes, and renal dysfunction, consistent with leptospirosis."", ""The patient's presentation, including the development of multiple-organ failure, was consistent with severe leptospirosis progressing to fulminant multiple organ failure.""]}"
PMC4153165_01,Melioidosis,Melioidosis,Paracoccidioidomycosis | Tuberculosis,high,1,1,48,148,20,"{""primary_diagnosis"": ""Melioidosis"", ""confidence"": ""high"", ""differential_diagnoses"": [""Paracoccidioidomycosis"", ""Tuberculosis""], ""key_evidence"": [""The patient had a history of travel to Southeast Asia (Malaysia and Thailand), which is endemic for melioidosis."", ""The patient presented with fever, chills, lassitude, and malaise, which are common symptoms of melioidosis."", ""Laboratory findings showed leukocytosis, elevated LDH, and ESR, which are consistent with severe melioidosis."", ""The patient's chest X-ray and CT scan showed diffuse and extensive alveolar infiltrations, which can be seen in severe melioidosis."", ""The patient's condition was previously misdiagnosed and treated as pulmonary tuberculosis, which is consistent with the current presentation of melioidosis.""]}"
PMC4153237_01,Echinococcosis,Pericardial hydatid cyst,Schistosomiasis | Melioidosis,high,0,0,42,87,20,"{""primary_diagnosis"": ""Pericardial hydatid cyst"", ""confidence"": ""high"", ""differential_diagnoses"": [""Schistosomiasis"", ""Melioidosis""], ""key_evidence"": [""The patient had multiple cystic lesions in the pericardium, including a large pericardial hydatid cyst that caused exertional dyspnea and compression on the left atrium (LA)."", ""The patient had a history of contact with dogs, which is a risk factor for echinococcosis, including pericardial hydatid cyst."", ""The patient had multiple cystic lesions in the pericardium, including a large pericardial hydatid cyst that caused exertional dyspnea and compression on the left atrium (LA).""]}"
PMC4296413_01,Tuberculosis,Tuberculosis,Melioidosis | Leishmaniasis,high,1,1,44,134,20,"{""primary_diagnosis"": ""Tuberculosis"", ""confidence"": ""high"", ""differential_diagnoses"": [""Melioidosis"", ""Leishmaniasis""], ""key_evidence"": [""The patient had a history of exposure to pulmonary tuberculosis 18 months prior, which was not treated appropriately."", ""The patient presented with bilateral infiltrates on chest radiographs and extensive pulmonary infiltrates on CT, suggestive of tuberculosis."", ""The patient's condition improved with anti-tuberculosis treatment, including corticosteroids and antituberculous medications."", ""The patient had a history of immunosuppression due to diabetes and alcohol abuse, which could predispose to tuberculosis.""]}"
PMC4491481_01,Tuberculosis,Tuberculosis,Paracoccidioidomycosis | Melioidosis,high,1,1,48,65,20,"{""primary_diagnosis"": ""Tuberculosis"", ""confidence"": ""high"", ""differential_diagnoses"": [""Paracoccidioidomycosis"", ""Melioidosis""], ""key_evidence"": [""The patient presented with a left sub-mandibular swelling that had appeared 12 months earlier, which was painless, elastic, and adherent to the skin and deeper layers. Fine needle aspiration cytology (FNAC) of the mass was inconclusive."", ""The MRI showed a 4.6 cm, irregular and heterogeneous tumoral process of the deep lobe of the left parotid gland with a T1 hyposignal and a T2 hypersignal, and heterogeneous enhancement after gadolinium injection."", ""Histopathological analysis of the resected tissue confirmed parotid and lymph node tuberculosis.""]}"
PMC4736596_01,Soil-Transmitted Helminths,Schistosomiasis,Paracoccidioidomycosis | Melioidosis,high,0,0,44,122,20,"{""primary_diagnosis"": ""Schistosomiasis"", ""confidence"": ""high"", ""differential_diagnoses"": [""Paracoccidioidomycosis"", ""Melioidosis""], ""key_evidence"": [""The patient had a history of eosinophilia and abdominal pain, which are common symptoms of schistosomiasis."", ""The patient's eosinophilia and abdominal symptoms, including diarrhea, abdominal pain, and lower extremity edema, are consistent with schistosomiasis."", ""The patient's brother had a history of unexplained dyspnea and was later diagnosed with a parasitic infection, which could be schistosomiasis."", ""The patient's eosinophilia and the presence of eosinophilic inflammatory changes in the colon and ileum on biopsy are consistent with schistosomiasis.""]}"
PMC4782660_01,Schistosomiasis,Paracoccidioidomycosis,Melioidosis | Talaromycosis,high,0,0,47,129,20,"{""primary_diagnosis"": ""Paracoccidioidomycosis"", ""confidence"": ""high"", ""differential_diagnoses"": [""Melioidosis"", ""Talaromycosis""], ""key_evidence"": [""The patient presented with pruritic lesions on the abdomen, which are characteristic of cutaneous paracoccidioidomycosis."", ""The lesions are described as firm yellowish papules, which are consistent with the cutaneous presentation of paracoccidioidomycosis."", ""The patient's history of frequent bathing in a river, which is a known risk factor for paracoccidioidomycosis, is mentioned."", ""The clinical presentation of pruritic lesions, especially in the extragenital region, is consistent with cutaneous paracoccidioidomycosis.""]}"
PMC5015625_01,Malaria,Dengue,Leptospirosis | Melioidosis,high,0,0,50,161,20,"{""primary_diagnosis"": ""Dengue"", ""confidence"": ""high"", ""differential_diagnoses"": [""Leptospirosis"", ""Melioidosis""], ""key_evidence"": [""The patient presented with flu-like symptoms, jaundice, and altered mental status, which are classic signs of dengue infection."", ""The patient had thrombocytopenia, acute renal failure, and elevated liver enzymes, which are common in severe dengue cases."", ""The patient's ophthalmological findings, including retinal hemorrhages and disc swelling, are consistent with dengue retinopathy."", ""The patient's history of living in Angola for 4 years, a known endemic area for dengue, supports the diagnosis.""]}"
PMC5175025_01,Tuberculosis,Paracoccidioidomycosis,Melioidosis | Leprosy,high,0,0,52,74,20,"{""primary_diagnosis"": ""Paracoccidioidomycosis"", ""confidence"": ""high"", ""differential_diagnoses"": [""Melioidosis"", ""Leprosy""], ""key_evidence"": [""Multiple cutaneous lesions with adhered brown crusts and eroded areas, and biopsy material showing granulomatous inflammation consistent with tuberculosis."", ""Family history of tuberculosis in two siblings and son receiving tuberculosis therapy."", ""Histopathological examination revealing granulomatous inflammation and lymphocytic infiltration.""]}"
PMC5458696_01,Tuberculosis,Melioidosis,Tuberculosis | Echinococcosis,high,0,1,47,63,20,"{""primary_diagnosis"": ""Melioidosis"", ""confidence"": ""high"", ""differential_diagnoses"": [""Tuberculosis"", ""Echinococcosis""], ""key_evidence"": [""The patient presented with a painful swelling of the right elbow, which developed over 3 years and was associated with recent pain without fever or rigors, and pruritus. Anamnesis did not reveal any trauma to the elbow or prior medication."", ""The patient had a history of occupational exposure to soil, which is a risk factor for melioidosis."", ""The patient's presentation with a painful swelling of the right elbow, which developed over 3 years, is consistent with the chronic nature of melioidosis lesions.""]}"
PMC5624136_01,Tuberculosis,Tuberculosis,Leishmaniasis | Melioidosis,high,1,1,42,77,20,"{""primary_diagnosis"": ""Tuberculosis"", ""confidence"": ""high"", ""differential_diagnoses"": [""Leishmaniasis"", ""Melioidosis""], ""key_evidence"": [""The patient presented with fever, generalized body ache, and eschar in the nape of the neck, which are classic signs of scrub typhus. However, the patient's presentation was more consistent with disseminated peritoneal tuberculosis, which can cause severe hypercalcemia."", ""The patient had a history of contact with livestock and dogs, which is a risk factor for leprosy. The patient also had a history of tuberculosis, which can complicate the presentation of leprosy."", ""The patient had a history of renal disease and developed severe hyperkalemia, which is a known complication of melioidosis.""]}"
PMC5850760_01,Malaria,Scrub Typhus,Melioidosis | Leptospirosis,high,0,0,50,105,15,"{""primary_diagnosis"": ""Scrub Typhus"", ""confidence"": ""high"", ""differential_diagnoses"": [""Melioidosis"", ""Leptospirosis""], ""key_evidence"": [""The patient presented with a history of fever, headache, myalgia, and vomiting for 3 months, with clinical features consistent with systemic inflammatory response syndrome (SIRS), including tachypnea, bilateral coarse crepitations, and hypoxemia. The patient was treated with empirical doxycycline and amoxicillin for seven days and recovered fully."", ""The patient had a history of insect-bite-like skin induration in his left leg two or three days prior to his visual symptom onset, which is a common clinical feature of scrub typhus."", ""The patient's clinical presentation, including fever, headache, myalgia, and vomiting, is consistent with the clinical features of scrub typhus.""]}"
PMC5850760_03,Malaria,Leptospirosis,Dengue | Malaria,high,0,1,42,143,19,"{""primary_diagnosis"": ""Leptospirosis"", ""confidence"": ""high"", ""differential_diagnoses"": [""Dengue"", ""Malaria""], ""key_evidence"": [""Initial misdiagnosis of dengue, followed by misdiagnosis of malaria."", ""Patient presented with fever, jaundice, and respiratory distress, which are common symptoms of leptospirosis, dengue, and malaria."", ""Laboratory findings of elevated creatinine and bilirubin levels, as well as the presence of jaundice, are consistent with leptospirosis and malaria."", ""The patient developed acute kidney injury, disseminated intravascular coagulation, and acute respiratory distress syndrome, which are characteristic of severe leptospirosis and malaria."", ""The patient's history of travel to malaria-endemic areas and the presence of leukocyturia, which is more commonly seen in malaria, supports the differential diagnosis of malaria.""]}"
PMC6417330_03,Dengue,Tuberculosis,Leptospirosis | Melioidosis,high,0,0,46,160,18,"{""primary_diagnosis"": ""Tuberculosis"", ""confidence"": ""high"", ""differential_diagnoses"": [""Leptospirosis"", ""Melioidosis""], ""key_evidence"": [""The patient had a history of fall at home, which could have led to a hematoma and subsequent thrombocytopenia. The thrombocytopenia was severe (63,000/mm3) and was evaluated for [MASK], which prompted further investigation."", ""The patient developed severe chest infection (pneumonia) and respiratory failure, which is a common complication of disseminated tuberculosis. The chest X-rays showed bilateral pleural effusions and pulmonary nodules, which are consistent with disseminated tuberculosis."", ""The patient's thrombocytopenia persisted despite platelet transfusions, which is a hallmark of disseminated tuberculosis. The chest CT scan showed bilateral nodular and patchy infiltrates, which are characteristic of pulmonary tuberculosis."", ""The patient's history of fall and subsequent hematoma, along with the severe thrombocytopenia, could have predisposed her to a hematogenous spread of tuberculosis, leading to disseminated tuberculosis.""]}"
PMC6855035_01,Tuberculosis,Tuberculosis,Schistosomiasis | Melioidosis,high,1,1,49,90,20,"{""primary_diagnosis"": ""Tuberculosis"", ""confidence"": ""high"", ""differential_diagnoses"": [""Schistosomiasis"", ""Melioidosis""], ""key_evidence"": [""The patient had a history of tuberculosis in her grandmother, which could indicate a family history of tuberculosis."", ""The patient's renal ultrasonography showed bilateral kidney pelvocaliectasis, which is consistent with genitourinary tuberculosis."", ""The patient's renal echinococcosis was completely destroyed and replaced the parenchyma of the right kidney, indicating an extrapulmonary form of tuberculosis."", ""The patient's renal echinococcosis was located in the upper and mid-pole of the left kidney, which is consistent with genitourinary tuberculosis."", ""The patient's renal echinococcosis was located in the upper and mid-pole of the left kidney, which is consistent with genitourinary tuberculosis.""]}"
PMC7094044_01,Tuberculosis,Tuberculous spondylodiscitis,Paracoccidioidomycosis | Melioidosis,high,0,0,41,88,20,"{""primary_diagnosis"": ""Tuberculous spondylodiscitis"", ""confidence"": ""high"", ""differential_diagnoses"": [""Paracoccidioidomycosis"", ""Melioidosis""], ""key_evidence"": [""MRI of the spine demonstrated T12 and L1 vertebral bony destruction, paraspinal abscess, and subsequent resolution after therapy."", ""Patient presented with inflammatory-type lumbar pain secondary to spondylodiscitis."", ""MRI of the spine showed local invasion into the first and second thoracic vertebrae."", ""Patient had bilateral psoas muscle collections and significant osseous destruction of the lower thoracic spine on CT chest.""]}"
PMC7649586_01,Tuberculosis,Prostatic tuberculosis,Prostatic malignancy | Prostatic abscess,high,1,1,48,69,20,"{""primary_diagnosis"": ""Prostatic tuberculosis"", ""confidence"": ""high"", ""differential_diagnoses"": [""Prostatic malignancy"", ""Prostatic abscess""], ""key_evidence"": [""Prostatic tuberculosis is a rare localized manifestation of tuberculosis, often mimicking benign prostatic hyperplasia or prostate cancer."", ""The patient had a history of benign prostatic enlargement and was on medication for benign prostatic hyperplasia (BEP)."", ""Histological examination confirmed the diagnosis of prostatic tuberculosis by demonstrating characteristic lesions."", ""The patient had a history of urinary symptoms, including poor urinary stream, nocturia, and difficulty in urination, which can be associated with prostatic tuberculosis."", ""Prostatic tuberculosis is a rare localized manifestation of tuberculosis, often mimicking benign prostatic hyperplasia or prostate cancer.""]}"
PMC7747806_01,Trypanosomiasis,Paracoccidioidomycosis,Leprosy | Mycetoma,high,0,0,45,80,20,"{""primary_diagnosis"": ""Paracoccidioidomycosis"", ""confidence"": ""high"", ""differential_diagnoses"": [""Leprosy"", ""Mycetoma""], ""key_evidence"": [""The patient's history of HIV infection and reactive serology for [MASK] suggests a possible reactivation of a latent infection."", ""The patient's presentation with cerebral mass and hemiparesis, along with the history of HIV infection, supports the diagnosis of Paracoccidioidomycosis, a fungal infection that can cause disseminated disease in immunocompromised individuals."", ""The presence of a cerebral mass and the patient's history of HIV infection are consistent with the clinical presentation of chronic multifocal paracoccidioidomycosis, a severe form of the disease.""]}"
PMC8046485_01,Tuberculosis,Tuberculosis,Schistosomiasis | Melioidosis,high,1,1,51,106,20,"{""primary_diagnosis"": ""Tuberculosis"", ""confidence"": ""high"", ""differential_diagnoses"": [""Schistosomiasis"", ""Melioidosis""], ""key_evidence"": [""The patient had a history of pulmonary tuberculosis 2 years back, for which he was treated with isoniazid, rifampicin, and ethambutol according to the Revised National Tuberculosis Control Program (RNTCP) guidelines for 6 months and declared sputum negative."", ""The patient presented with massive dumbbell-shaped swelling around the right shoulder, which was soft in consistency with ill-defined margins showing cross-fluctuation, and there was no history of trauma, manipulation, fever, or night sweats."", ""The patient had a history of pulmonary tuberculosis 2 years back, for which he was treated with isoniazid, rifampicin, and ethambutol according to the Revised National Tuberculosis Control Program (RNTCP) guidelines for 6 months and declared sputum negative."", ""The patient had a history of pulmonary tuberculosis 2 years back, for which he was treated with isoniazid, rifampicin, and ethambutol according to the Revised National Tuberculosis Control Program (RNTCP) guidelines for 6 months and declared sputum negative."", ""The patient had a history of pulmonary tuberculosis 2 years back, for which he was treated with isoniazid, rifampicin, and ethambutol according to the Revised National Tuberculosis Control Program (RNTCP) guidelines for 6 months and declared sputum negative.""]}"
PMC8203059_01,Echinococcosis,Echinococcosis,Schistosomiasis | Melioidosis,high,1,1,45,100,20,"{""primary_diagnosis"": ""Echinococcosis"", ""confidence"": ""high"", ""differential_diagnoses"": [""Schistosomiasis"", ""Melioidosis""], ""key_evidence"": [""Multiple cystic lesions in both lungs and spleen consistent with echinococcosis."", ""Cystic pseudotumour with daughter cysts across the lung, liver, and spleen on CT chest scan."", ""Multiloculated cystic lesions in the lung, liver, and spleen on abdominal and chest CT.""]}"
PMC8415076_01,Malaria,Malaria,Dengue | Leishmaniasis,high,1,1,42,114,20,"{""primary_diagnosis"": ""Malaria"", ""confidence"": ""high"", ""differential_diagnoses"": [""Dengue"", ""Leishmaniasis""], ""key_evidence"": [""The patient had a history of sickle cell disease, which predisposes to severe malaria."", ""The patient presented with fever, chills, malaise, headaches, and abdominal pain, which are common symptoms of malaria."", ""Laboratory tests showed leukopenia and thrombocytopenia, which are consistent with severe malaria."", ""The patient had a history of malaria prophylaxis discontinuation due to nausea during pregnancy, which could have led to malaria infection."", ""Peripheral blood smear confirmed severe malaria with a parasite load of 39.3%."", ""The patient had a history of multiple hospitalizations for sickle cell crises, which could have been exacerbated by malaria."", ""The patient developed severe thrombocytopenia, which is a known complication of severe malaria."", ""The patient's clinical deterioration, including drowsiness, painful hepatomegaly, and respiratory failure, are consistent with severe malaria.""]}"
PMC9146591_02,Tuberculosis,Paracoccidioidomycosis,Leprosy | Melioidosis,high,0,0,53,152,20,"{""primary_diagnosis"": ""Paracoccidioidomycosis"", ""confidence"": ""high"", ""differential_diagnoses"": [""Leprosy"", ""Melioidosis""], ""key_evidence"": [""The patient had a history of recurrent abdominal pain and weight loss, which are common symptoms of Paracoccidioidomycosis (PCM)."", ""The patient's physical examination revealed an ill-defined mass in the right iliac fossa which was tender on palpation, suggestive of neoplastic etiology of tubercular involvement, which is consistent with PCM."", ""The patient's history of travel to endemic areas and the presence of lymphadenopathy are consistent with PCM.""]}"
PMC9166903_02,Tuberculosis,Tuberculosis,Paracoccidioidomycosis | Leprosy,high,1,1,49,81,20,"{""primary_diagnosis"": ""Tuberculosis"", ""confidence"": ""high"", ""differential_diagnoses"": [""Paracoccidioidomycosis"", ""Leprosy""], ""key_evidence"": [""Incisional biopsy of the tongue revealed epithelioid granulomas and dense inflammatory infiltration consistent with mucosal leishmaniasis."", ""Histopathological examination of both lingual biopsy and jejune resection specimen showed numerous caseous and non-caseous epithelioid and giant cells granulomas."", ""The patient had a history of cervical cancer treated ten years earlier with left hemiglossectomy and suprahyoidal neck dissection, which could predispose to disseminated tuberculosis.""]}"
PMC9166903_04,Tuberculosis,Tuberculosis,Leprosy | Melioidosis,high,1,1,50,100,20,"{""primary_diagnosis"": ""Tuberculosis"", ""confidence"": ""high"", ""differential_diagnoses"": [""Leprosy"", ""Melioidosis""], ""key_evidence"": [""Histopathological examination revealed caseating granulomas and positive AFB staining, confirming tuberculosis."", ""The patient had a history of unquantified but significant weight loss, which is a common symptom of disseminated tuberculosis."", ""The patient had a history of latent TB and was previously treated for it, which could explain the recurrence of symptoms and the presence of active lesions.""]}"
PMC9410991_01,Tuberculosis,Tuberculosis,Schistosomiasis | Melioidosis,high,1,1,48,67,20,"{""primary_diagnosis"": ""Tuberculosis"", ""confidence"": ""high"", ""differential_diagnoses"": [""Schistosomiasis"", ""Melioidosis""], ""key_evidence"": [""The patient presented with bilateral symmetric polyarthralgia, bone pain, and shortness of breath, which are common symptoms of extrapulmonary tuberculosis. The presence of bilateral and symmetric swelling of the elbow, wrist, and ankles, along with digital clubbing, periostosis of the tubular bones, and seronegative arthritis, supports the diagnosis of osteoarticular tuberculosis."", ""The patient's chest X-ray showed an apical pulmonary cavity in the right lung with bronchiolitis and hilar lymphadenopathy, which is consistent with pulmonary tuberculosis. The presence of an apical pulmonary cavity in the right lung, combined with the absence of other pulmonary symptoms, supports the presumptive diagnosis of tuberculosis."", ""The patient's laboratory findings included elevated acute phase reactants (ESR and CRP), which are common in active tuberculosis. The absence of other inflammatory markers and the presence of digital clubbing and periostosis further supports the diagnosis of tuberculosis."", ""The patient's history of occupational exposure to soil and the presence of multifocal osteomyelitis on MRI support the diagnosis of osteoarticular tuberculosis. The multifocal osteomyelitis is consistent with disseminated tuberculosis, which is a common presentation in extrapulmonary tuberculosis."", ""The patient's treatment with broad-spectrum antibiotics for 15 days without clinical improvement and the persistence of symptoms despite treatment further supports the diagnosis of tuberculosis. The persistence of symptoms despite treatment is a hallmark of active tuberculosis.""]}"
PMC9493459_01,Tuberculosis,Melioidosis,Schistosomiasis | Tuberculosis,high,0,1,45,103,19,"{""primary_diagnosis"": ""Melioidosis"", ""confidence"": ""high"", ""differential_diagnoses"": [""Schistosomiasis"", ""Tuberculosis""], ""key_evidence"": [""The patient had a history of [MASK] treatment with first-line drugs initiated in 2018 and achieved treatment success in 2019, leaving a cyst in the right upper lung lobe."", ""The patient presented with fever, chest pain, and myalgia, with a history of chronic hepatitis B and no recent vaccinations or chronic illnesses."", ""The patient underwent resection of the right upper lobe and subsequent surgeries, but the fever persisted despite antibiotic and chemotherapy treatments."", ""The patient developed lower limb weakness and numbness, which were not relieved by linezolid and required alternative treatments such as acupuncture and TCM fumigation."", ""The patient's history of chronic hepatitis B and the presence of a cyst in the lung lobe suggest a possible chronic infection, which is consistent with melioidosis.""]}"
PMC9515355_01,Malaria,Melioidosis,Dengue | Leptospirosis,high,0,0,47,57,20,"{""primary_diagnosis"": ""Melioidosis"", ""confidence"": ""high"", ""differential_diagnoses"": [""Dengue"", ""Leptospirosis""], ""key_evidence"": [""The patient presented with fever, abdominal pain, and splenic infarct on abdominal CT, which are common findings in melioidosis."", ""The patient's laboratory findings, including elevated CRP, PCT, and D-Dimer, are consistent with a systemic infection, which is seen in melioidosis."", ""The patient's history of travel to Cameroon, Africa, and the presence of splenic infarct on CT scan are suggestive of a tropical infection, such as melioidosis.""]}"
PMC9556986_01,Echinococcosis,Tuberculosis,Neurocysticercosis | Melioidosis,high,0,0,48,167,19,"{""primary_diagnosis"": ""Tuberculosis"", ""confidence"": ""high"", ""differential_diagnoses"": [""Neurocysticercosis"", ""Melioidosis""], ""key_evidence"": [""The patient had a history of backache and spinal destruction, which is consistent with spinal tuberculosis."", ""The patient had a positive tuberculin sensitivity test and a positive interferon-gamma release assay (IGRA) test, which supports the diagnosis of tuberculosis."", ""The patient had a history of tuberculosis exposure and a positive history of tuberculosis in the family, which is a risk factor for tuberculosis."", ""The patient had a history of weight loss, which is a common symptom of tuberculosis."", ""The patient had a positive CSF PCR for M. tuberculosis, which is a strong indicator of tuberculosis."", ""The patient had a history of lymphadenopathy, which is a common finding in tuberculosis."", ""The patient had a history of constitutional symptoms such as fever and night sweats, which are associated with tuberculosis."", ""The patient had a history of weight loss, which is a common symptom of tuberculosis."", ""The patient had a history of lymphadenopathy, which is a common finding in tuberculosis."", ""The patient had a history of constitutional symptoms such as fever and night sweats, which are associated with tuberculosis.""]}"
PMC9650132_01,Tuberculosis,Tuberculosis,Neurocysticercosis | Melioidosis,high,1,1,41,140,18,"{""primary_diagnosis"": ""Tuberculosis"", ""confidence"": ""high"", ""differential_diagnoses"": [""Neurocysticercosis"", ""Melioidosis""], ""key_evidence"": [""The patient presented with fever, abdominal pain, and weight loss, which are common symptoms of disseminated tuberculosis."", ""The patient had a history of recurrent febrile illnesses associated with abdominal pain and mesenteric lymphadenitis, which were diagnosed as typhoid fever on many occasions."", ""The patient had a history of HIV exposure and a cesarean section, which increases the risk of disseminated tuberculosis."", ""The patient had a history of liver and spleen enlargement, which is a known finding in disseminated tuberculosis."", ""The patient had a history of meningitis and a positive cerebrospinal fluid analysis, which supports the diagnosis of tuberculous meningitis."", ""The patient had a history of multiple enlarged lymph nodes, which can be seen in disseminated tuberculosis."", ""The patient had a history of hepatosplenomegaly, which is a common finding in disseminated tuberculosis.""]}"
PMC9924618_01,Tuberculosis,Tuberculosis,Leishmaniasis | Melioidosis,high,1,1,50,117,20,"{""primary_diagnosis"": ""Tuberculosis"", ""confidence"": ""high"", ""differential_diagnoses"": [""Leishmaniasis"", ""Melioidosis""], ""key_evidence"": [""Lung biopsy demonstrated chronic granulomatous inflammation with caseous necrosis."", ""Multiple mediastinal lymph nodes and diffuse tree-in-bud findings throughout the lung parenchyma on CT chest."", ""Positive Ziehl-Neelsen staining for acid-fast bacilli in lung biopsy."", ""Previous history of tuberculosis, including treatment with isoniazid, rifampicin, and pyrazinamide.""]}"
PMC10183455_01,Echinococcosis,Hydatid cyst,Malaria | Echinococcosis,high,0,1,38,78,20,"{""primary_diagnosis"": ""Hydatid cyst"", ""confidence"": ""high"", ""differential_diagnoses"": [""Malaria"", ""Echinococcosis""], ""key_evidence"": [""The patient had a history of a hepatic hydatid cyst that was surgically removed 20 years ago, and now presented with recurrent abdominal pain, right upper quadrant pain, and a large cystic lesion in the liver segment VIII."", ""The patient's presentation with recurrent abdominal pain, right upper quadrant pain, and a large cystic lesion in the liver segment VIII is consistent with the clinical features of a hepatic hydatid cyst."", ""The patient's history of a surgically removed hepatic hydatid cyst and the presence of a large cystic lesion in the liver segment VIII are key evidence supporting the diagnosis of hydatid cyst.""]}"
PMC10581008_01,Soil-Transmitted Helminths,Amebiasis,Schistosomiasis | Melioidosis,high,0,0,46,166,20,"{""primary_diagnosis"": ""Amebiasis"", ""confidence"": ""high"", ""differential_diagnoses"": [""Schistosomiasis"", ""Melioidosis""], ""key_evidence"": [""The patient had a history of passing [MASK] worm one month back for which he was treated with oral [MASK] at the local health center."", ""The patient presented with right upper quadrant pain, nausea, and vomiting, which are common symptoms of amebiasis, including right upper quadrant pain, nausea, and vomiting."", ""The patient's laboratory findings, including elevated liver enzymes (AST and ALT) and hyperbilirubinemia, are consistent with biliary obstruction, which can be caused by invasive amebiasis.""]}"
PMC10637728_01,Leishmaniasis,Melioidosis,Schistosomiasis | Talaromycosis,high,0,0,48,158,20,"{""primary_diagnosis"": ""Melioidosis"", ""confidence"": ""high"", ""differential_diagnoses"": [""Schistosomiasis"", ""Talaromycosis""], ""key_evidence"": [""The patient had a history of recurrent infections, which is a risk factor for melioidosis, especially given his consanguineous marriage and occasional alcohol consumption."", ""The patient had a history of splenomegaly and pancytopenia, which can be seen in melioidosis, although these findings are also seen in schistosomiasis and talaromycosis."", ""The patient's hematopoietic stem cell transplantation was initiated, which is a treatment for severe melioidosis."", ""The patient's hematological findings, including pancytopenia and hypoalbuminemia, are consistent with the hematological manifestations of melioidosis.""]}"
PMC10637728_02,Leishmaniasis,Tuberculosis,Leishmaniasis | Malaria,high,0,1,40,132,20,"{""primary_diagnosis"": ""Tuberculosis"", ""confidence"": ""high"", ""differential_diagnoses"": [""Leishmaniasis"", ""Malaria""], ""key_evidence"": [""The patient had a history of fever, weight loss, and abdominal pain, which are common symptoms of disseminated tuberculosis."", ""The patient had pancytopenia, which is a hallmark of disseminated tuberculosis."", ""The patient had a history of splenomegaly and hepatomegaly, which are consistent with disseminated tuberculosis."", ""The patient had a history of splenectomy, which could have predisposed to disseminated talaromycosis, but the presence of tuberculosis was more prominent."", ""The patient had a history of splenomegaly and hepatomegaly, which are consistent with disseminated tuberculosis."", ""The patient had a history of splenectomy, which could have predisposed to disseminated talaromycosis, but the presence of tuberculosis was more prominent.""]}"
PMC10756375_01,Malaria,Malaria,Zika Virus | Leishmaniasis,high,1,1,42,146,20,"{""primary_diagnosis"": ""Malaria"", ""confidence"": ""high"", ""differential_diagnoses"": [""Zika Virus"", ""Leishmaniasis""], ""key_evidence"": [""Microcytic anemia, thrombocytopenia, and leukocytopenia on admission."", ""Severe thrombocytopenia (platelet count 29 x 10^3/microL) during the third trimester of pregnancy."", ""Positive thin blood smear for Plasmodium falciparum trophozoites at 0.2% parasitemia."", ""Travel history to sub-Saharan Africa and lack of mosquito repellent use."", ""History of multiple malaria episodes in childhood and no reported episode after emigrating to the United States."", ""Severe maternal anemia with hemoglobin 8.2 g/dL."", ""Travel to sub-Saharan Africa and lack of mosquito repellent use."", ""Travel history to sub-Saharan Africa and lack of mosquito repellent use.""]}"
PMC10807272_01,Malaria,Melioidosis,Dengue | Leptospirosis,high,0,0,47,152,20,"{""primary_diagnosis"": ""Melioidosis"", ""confidence"": ""high"", ""differential_diagnoses"": [""Dengue"", ""Leptospirosis""], ""key_evidence"": [""The patient presented with a history of fever for 15 days, difficulty in walking for last 4 days, and impairment of vision for 1 day. The fever was high grade (102.4 F on initial presentation) and intermittent in nature without chills, rigor, or rash."", ""The patient had a history of living in a rural region of Colombia for 10 months in the city of Gul, Uganda, which is endemic for melioidosis."", ""Laboratory findings on admission demonstrated in the blood count a pancytopenia with thrombocytopenia, which is consistent with the hematological findings seen in melioidosis."", ""The patient had a history of splenic rupture, which is a known complication of melioidosis."", ""The patient had a history of splenectomy, which is a known treatment for melioidosis."", ""The patient had a history of splenic echinococcosis, which is a known complication of melioidosis.""]}"
PMC10830638_01,Echinococcosis,Echinococcosis,Schistosomiasis | Melioidosis,high,1,1,43,147,20,"{""primary_diagnosis"": ""Echinococcosis"", ""confidence"": ""high"", ""differential_diagnoses"": [""Schistosomiasis"", ""Melioidosis""], ""key_evidence"": [""Multiple cysts in the liver, spleen, abdominal cavity, and pelvic cavity, with localized calcification of cyst walls, observed on CT scan."", ""Right upper quadrant pain, splenic hydatid cyst, and hepatic hydatid cyst, all consistent with echinococcosis."", ""Histopathological analysis confirmed the presence of echinococcal cysts with characteristic laminated cyst wall."", ""The patient's history of contact with livestock and the presence of multiple cysts in various organs, including the liver and spleen, are consistent with echinococcosis.""]}"
PMC10876100_01,Dengue,Dengue,Leptospirosis | Melioidosis,high,1,1,40,155,17,"{""primary_diagnosis"": ""Dengue"", ""confidence"": ""high"", ""differential_diagnoses"": [""Leptospirosis"", ""Melioidosis""], ""key_evidence"": [""High-grade fever with chills and rigors, abdominal pain, and neurological symptoms including altered level of consciousness and facial palsy."", ""Multiple creamy white lesions on the posterior oro-pharyngeal wall and palate, suggestive of dengue infection."", ""Positive IgM antibodies for dengue virus, and the presence of dengue virus in the blood as confirmed by polymerase chain reaction."", ""Severe anemia, neutrophilic leukocytosis, and thrombocytopenia, which are common in dengue infection."", ""The patient had a history of recent sick contact with one case of dengue fever, and the clinical presentation was consistent with dengue hemorrhagic fever."", ""The patient's laboratory findings, including elevated liver enzymes and bilirubin levels, are consistent with dengue infection.""]}"
PMC10876100_02,Dengue,Melioidosis,Dengue | Leptospirosis,high,0,1,46,66,20,"{""primary_diagnosis"": ""Melioidosis"", ""confidence"": ""high"", ""differential_diagnoses"": [""Dengue"", ""Leptospirosis""], ""key_evidence"": [""The patient had a history of poorly controlled diabetes mellitus, which is a significant predisposing risk factor for melioidosis."", ""The patient presented with fever, epigastric pain, and jaundice, which are common symptoms of melioidosis."", ""The patient's laboratory findings showed thrombocytopenia and elevated liver enzymes, which are consistent with leptospirosis and melioidosis."", ""The patient's history of diabetes mellitus and the presence of multiple ecchymoses over the arm and abdomen are consistent with both melioidosis and dengue."", ""The patient's renal function test was within normal limits, which is less consistent with dengue but could be seen in melioidosis due to its systemic nature.""]}"
PMC11090586_01,Tuberculosis,Tuberculosis,Leishmaniasis | Malaria,high,1,1,50,134,19,"{""primary_diagnosis"": ""Tuberculosis"", ""confidence"": ""high"", ""differential_diagnoses"": [""Leishmaniasis"", ""Malaria""], ""key_evidence"": [""The patient had a new onset of generalized tonic-clonic convulsion, which can be a complication of severe tuberculosis."", ""The patient had a history of HIV infection, which can predispose to opportunistic infections like tuberculosis."", ""The patient had a history of immunosuppression, which is a risk factor for tuberculosis."", ""The patient had a history of HIV infection, which can lead to severe opportunistic infections including tuberculosis."", ""The patient had a history of HIV infection, which can predispose to severe opportunistic infections including tuberculosis."", ""The patient had a history of HIV infection, which can lead to severe opportunistic infections including tuberculosis.""]}"
PMC11101932_01,Tuberculosis,Melioidosis,Pulmonary Paragonimiasis | Tuberculosis,high,0,1,44,94,20,"{""primary_diagnosis"": ""Melioidosis"", ""confidence"": ""high"", ""differential_diagnoses"": [""Pulmonary Paragonimiasis"", ""Tuberculosis""], ""key_evidence"": [""The patient had a history of pulmonary tuberculosis 12 years ago and was treated with 2HRZE/4HR for 6 months."", ""The patient had splenic process involvement, which is a characteristic feature of melioidosis."", ""The patient had a splenic lesion noted on ultrasound of the whole abdomen, which is consistent with melioidosis.""]}"
PMC11664150_01,Tuberculosis,Paracoccidioidomycosis,Schistosomiasis | Melioidosis,high,0,0,44,117,20,"{""primary_diagnosis"": ""Paracoccidioidomycosis"", ""confidence"": ""high"", ""differential_diagnoses"": [""Schistosomiasis"", ""Melioidosis""], ""key_evidence"": [""Multiple gray-white to gray-brown cervical tissue fragments with subepithelial repetitive granuloma formation, Langhan's type of giant cells and dusty granular necrosis seen in the cervical biopsy."", ""Histopathology confirmed the diagnosis of paracoccidioidomycosis with silver-stain positive rounded birefringent structures."", ""The patient presented with vaginal odorless smelling discharge, pelvic pain, and loss of appetite, which are consistent with cervical lymphadenopathy and cervical cancer, but the biopsy confirmed paracoccidioidomycosis.""]}"
PMC11753413_01,Soil-Transmitted Helminths,Melioidosis,Talaromycosis | Leptospirosis,high,0,0,50,152,16,"{""primary_diagnosis"": ""Melioidosis"", ""confidence"": ""high"", ""differential_diagnoses"": [""Talaromycosis"", ""Leptospirosis""], ""key_evidence"": [""The patient had a history of hypertension and nephrotic syndrome, which can predispose to melioidosis."", ""The patient's immunocompromised state, as evidenced by decreased CD3, CD4, and CD8 T cell counts, and the presence of Burkholderia pseudomallei bacteremia in blood cultures, supports the diagnosis of melioidosis."", ""The patient's presentation of fever, cough, expectoration, and shortness of breath, along with the presence of Burkholderia pseudomallei in blood cultures, is consistent with melioidosis.""]}"
PMC11754819_01,Malaria,Dengue,Leptospirosis | Malaria,high,0,1,49,85,20,"{""primary_diagnosis"": ""Dengue"", ""confidence"": ""high"", ""differential_diagnoses"": [""Leptospirosis"", ""Malaria""], ""key_evidence"": [""The patient had a history of intermittent fever for 2 weeks, which was high-grade, intermittent, and associated with chills and rigor."", ""Laboratory examination showed neutrophilic leukocytosis, which is a common finding in dengue fever."", ""The patient had a Glasgow Coma Scale (GCS) score of 11, which is within the range seen in dengue encephalitis."", ""The patient had a positive dengue IgM serology, confirming acute dengue virus infection."", ""The patient had a history of exposure to stagnant water, which is a risk factor for dengue transmission.""]}"
PMC11760300_01,Echinococcosis,Tuberculosis,Mycetoma | Paracoccidioidomycosis,high,0,0,53,85,20,"{""primary_diagnosis"": ""Tuberculosis"", ""confidence"": ""high"", ""differential_diagnoses"": [""Mycetoma"", ""Paracoccidioidomycosis""], ""key_evidence"": [""The patient had a history of tuberculosis, including a previous arthroplasty infection and a biopsy that confirmed tuberculosis."", ""The patient's MRI showed multiple cystic formations with a thin wall, which is suggestive of a granulomatous process, consistent with tuberculosis."", ""The patient's history of tuberculosis involvement and the presence of granulomatous inflammation in the biopsy provided strong evidence for tuberculosis.""]}"
PMC11795047_01,Melioidosis,Tuberculosis,Schistosomiasis | Melioidosis,high,0,1,44,91,20,"{""primary_diagnosis"": ""Tuberculosis"", ""confidence"": ""high"", ""differential_diagnoses"": [""Schistosomiasis"", ""Melioidosis""], ""key_evidence"": [""The patient presented with low-grade fever, productive sputum, and progressive shortness of breath with cough. He had received two courses of oral antibiotics for presumed community-acquired pneumonia without any clinical response."", ""The chest X-ray showed homogenous consolidation on the left side, and the chest CT scan revealed multiple flaky, fuzzy, and high-density opacities in both lungs, which are characteristic of pulmonary tuberculosis."", ""The patient had a history of heavy alcohol consumption and poorly controlled diabetes mellitus, which are risk factors for extrapulmonary tuberculosis, including osteoarticular tuberculosis."", ""The presence of joint swelling and effusion, as well as the presence of pulmonary lesions, are consistent with extrapulmonary tuberculosis, such as tuberculous arthritis and multifocal osteomyelitis."", ""The patient's clinical presentation, including the presence of multiple organ involvement (pulmonary and extrapulmonary), supports the diagnosis of extrapulmonary tuberculosis, such as tuberculous arthritis and multifocal osteomyelitis.""]}"
PMC12382973_01,Echinococcosis,Schistosomiasis,Echinococcosis | Melioidosis,high,0,1,51,145,20,"{""primary_diagnosis"": ""Schistosomiasis"", ""confidence"": ""high"", ""differential_diagnoses"": [""Echinococcosis"", ""Melioidosis""], ""key_evidence"": [""The patient presented with splenic cystic mass occupying nearly the entire spleen, which is a characteristic finding in schistosomiasis."", ""The patient's history of splenectomy and the presence of a giant splenic cystic mass suggest a parasitic infection, which is consistent with schistosomiasis."", ""The absence of fever, tuberculosis-related findings, and the absence of other tropical diseases like echinococcosis or melioidosis in the provided clinical and imaging data supports the diagnosis of schistosomiasis.""]}"
PMC12508594_01,Echinococcosis,Tuberculosis,Paracoccidioidomycosis | Melioidosis,high,0,0,43,148,18,"{""primary_diagnosis"": ""Tuberculosis"", ""confidence"": ""high"", ""differential_diagnoses"": [""Paracoccidioidomycosis"", ""Melioidosis""], ""key_evidence"": [""Incidental pulmonary nodule identified during a cardiac CT angiogram, which resolved over several months."", ""Incidental pleural-based fusiform cystic lesion with significant growth and bony erosion, which resolved with antifungal therapy."", ""History of mild exertional dyspnoea, which resolved spontaneously."", ""Normal laboratory tests including CD4 count, IgE, CRP, and serology for [MASK] and [MASK]."", ""Resolution of pleural effusion and bony erosion with antifungal therapy."", ""Chest CT scan and MRI findings consistent with tuberculosis, including bilateral pleural effusion and nodules."", ""Resolution of pleural effusion and bony erosion with antifungal therapy, suggesting a fungal etiology.""]}"
PMC12544461_01,Tuberculosis,Scabies,Leprosy | Cutaneous Leishmaniasis,high,0,0,27,20,20,"{""primary_diagnosis"": ""Scabies"", ""confidence"": ""high"", ""differential_diagnoses"": [""Leprosy"", ""Cutaneous Leishmaniasis""], ""key_evidence"": [""Multiple papules with central necrosis were seen on bilateral extensor surface of upper limbs with clustering of lesions around elbows and the back."", ""The patient also had right-sided hemiparesis, requiring him to seek assistance for ambulation."", ""The patient disclosed having two cats for the past 2 years, which was considered the source of exposure to Bartonella species."", ""The patient presented with lymphadenopathy, and pathological findings revealed granulomatous inflammation."", ""The patient had a history of recurrent crops of crusted papular lesions on extensor surface of upper limbs and back for 1 month and boils over buttocks for 20 days."", ""The patient had a history of productive cough for 15 days and occasionally he coughed out blood-tinged sputum."", ""The patient had a history of low-grade fever for 15 days, associated with redness, pain and discharge from eye, and nasal stuffiness.""]}"
PMC12554546_01,Amebiasis,Melioidosis,Tuberculosis | Scabies,high,0,0,44,168,16,"{""primary_diagnosis"": ""Melioidosis"", ""confidence"": ""high"", ""differential_diagnoses"": [""Tuberculosis"", ""Scabies""], ""key_evidence"": [""The patient presented with a 10-day history of high fever, abdominal pain, diarrhea, and productive cough, without accompanying nausea, vomiting, or constipation."", ""The patient had a history of living in an urban environment with no recent travel, no significant family medical history, and no recent diarrhea."", ""The patient's physical examination revealed hepatomegaly, anemia, and a positive Coombs test, which are consistent with disseminated tuberculosis."", ""The patient's chest and abdominal CT scan showed hepatomegaly and a suspected abscess in the anterosuperior segment of the right lobe of the liver, which is suggestive of a liver abscess."", ""The patient's blood and bone marrow cultures were negative, and the pleural fluid culture was negative, which is inconsistent with tuberculosis."", ""The patient's symptoms and imaging findings are more consistent with a severe infection such as melioidosis, which can present with similar symptoms to tuberculosis and can cause abscesses in the liver.""]}"
PMC12705073_01,Paracoccidioidomycosis,Schistosomiasis,Dengue | Echinococcosis,high,0,0,22,20,20,"{""primary_diagnosis"": ""Schistosomiasis"", ""confidence"": ""high"", ""differential_diagnoses"": [""Dengue"", ""Echinococcosis""], ""key_evidence"": [""The patient presented with a history of weight loss, generalized lymphadenopathy, and abdominal pain, which are common symptoms of schistosomiasis. The lymphadenopathy and abdominal pain were initially misdiagnosed as appendicitis, leading to an appendectomy, which revealed chronic granulomatous lymphadenitis with numerous refringent, rounded structures of varying sizes within the histiocytes."", ""The patient's lymphadenopathy and abdominal pain were initially misdiagnosed as appendicitis, leading to an appendectomy, which revealed chronic granulomatous lymphadenitis with numerous refringent, rounded structures of varying sizes within the histiocytes. This histopathological examination supports the diagnosis of schistosomiasis."", ""The patient's lymphadenopathy and abdominal pain were initially misdiagnosed as appendicitis, leading to an appendectomy, which revealed chronic granulomatous lymphadenitis with numerous refringent, rounded structures of varying sizes within the histiocytes. This histopathological examination supports the diagnosis of schistosomiasis.""]}"
PMC12931996_01,Leprosy,Paracoccidioidomycosis,Echinococcosis | Mycetoma,high,0,0,47,128,20,"{""primary_diagnosis"": ""Paracoccidioidomycosis"", ""confidence"": ""high"", ""differential_diagnoses"": [""Echinococcosis"", ""Mycetoma""], ""key_evidence"": [""The patient's history of frequent international travel to Mexico, where he spent most of his time with local residents, attending barbecues, visiting bars, and eating local food."", ""The patient's presentation of erythematous plaques with central clearing, anesthetic plaques, and nodular eruptions on the arms and trunk, which are characteristic of cutaneous leishmaniasis and paracoccidioidomycosis."", ""The patient's history of frequent international travel to Mexico, where he spent most of his time with local residents, attending barbecues, visiting bars, and eating local food, which could have exposed him to potential pathogens."", ""The patient's history of frequent international travel to Mexico, where he spent most of his time with local residents, attending barbecues, visiting bars, and eating local food, which could have exposed him to potential pathogens."", ""The patient's history of frequent international travel to Mexico, where he spent most of his time with local residents, attending barbecues, visiting bars, and eating local food, which could have exposed him to potential pathogens.""]}"
PMC13141470_01,Tuberculosis,Leprosy,Mycetoma | Talaromycosis,high,0,0,43,67,20,"{""primary_diagnosis"": ""Leprosy"", ""confidence"": ""high"", ""differential_diagnoses"": [""Mycetoma"", ""Talaromycosis""], ""key_evidence"": [""The patient presented with asthenia, generalized myalgia, odynophagia, and 27 kg of unintentional weight loss, with progressive dysphonia and dysphagia. These symptoms are consistent with leprosy, a disease that can cause progressive muscle weakness and skin changes."", ""The patient's presentation of bilateral cervical lymphadenopathy, odynophagia, and progressive weight loss are consistent with leprosy, which can present with lymphadenopathy and progressive weight loss."", ""The patient's biopsy from the epiglottis showed extensive ulceration, severe chronic inflammation, fibrosis, and necrotic foci, with no evidence of malignancy. This histopathological finding is consistent with leprosy, where chronic inflammation and ulceration are common."", ""The patient's history of progressive lymphadenopathy and weight loss is consistent with leprosy, a disease that can cause lymphadenopathy and weight loss over time.""]}"
PMC2651114_01,Echinococcosis,Tuberculosis,Schistosomiasis | Melioidosis,high,0,0,49,154,20,"{""primary_diagnosis"": ""Tuberculosis"", ""confidence"": ""high"", ""differential_diagnoses"": [""Schistosomiasis"", ""Melioidosis""], ""key_evidence"": [""The patient presented with a history of cough for 2 years, hemoptysis, and left hypochondrium pain for the last six months. Chest X-rays revealed a large dense round well-demarked opacity involving the mid zone of the right lung field posteriorly, suggestive of pulmonary tuberculosis."", ""The patient had a history of abdominal pain, weight loss, and jaundice, which could be indicative of abdominal tuberculosis or other tuberculous complications such as hepatic abscesses (melioidosis) or splenic cyst (schistosomiasis).""]}"
PMC3035558_01,Melioidosis,Melioidosis,Leishmaniasis | Tuberculosis,high,1,1,48,125,20,"{""primary_diagnosis"": ""Melioidosis"", ""confidence"": ""high"", ""differential_diagnoses"": [""Leishmaniasis"", ""Tuberculosis""], ""key_evidence"": [""Multiple round hypodense abscesses in the liver, spleen, prostate, and shoulder musculature on computed tomography scan."", ""The patient had a history of working as a dishwasher in a restaurant, which is a risk factor for melioidosis."", ""The patient developed multiple liver abscesses and splenic abscesses, which are characteristic findings in melioidosis."", ""The patient's initial presentation with necrotizing fasciitis and subsequent development of abscesses in multiple organs are consistent with disseminated melioidosis.""]}"
PMC3090634_01,Leishmaniasis,Melioidosis,Leptospirosis | Malaria,high,0,0,37,73,20,"{""primary_diagnosis"": ""Melioidosis"", ""confidence"": ""high"", ""differential_diagnoses"": [""Leptospirosis"", ""Malaria""], ""key_evidence"": [""The patient presented with a history of fever, chills, myalgia, and generalized weakness, which are common symptoms of both melioidosis and leptospirosis. However, the patient's history of working in rice paddies, which is a known risk factor for melioidosis, is more indicative of this condition."", ""The patient's history of chronic hepatitis B and the presence of enlarged lymph nodes, hepatosplenomegaly, and the presence of a discreet mucosal polypoid lesion on the middle lobe carina are consistent with the imaging findings of melioidosis. Additionally, the presence of a 2 x 1 cm mass at the right hilum and a 1.2 cm right lower paratracheal lymph node with hypodense centre are also consistent with melioidosis."", ""The patient's history of chronic active hepatitis B and the presence of a 2 x 1 cm mass at the right hilum and a 1.2 cm right lower paratracheal lymph node with hypodense centre are also consistent with the imaging findings of melioidosis. The presence of a discreet mucosal polypoid lesion on the middle lobe carina is also consistent with melioidosis.""]}"
PMC3135015_01,Schistosomiasis,Paracoccidioidomycosis,Echinococcosis | Mycetoma,high,0,0,47,156,20,"{""primary_diagnosis"": ""Paracoccidioidomycosis"", ""confidence"": ""high"", ""differential_diagnoses"": [""Echinococcosis"", ""Mycetoma""], ""key_evidence"": [""Histological examination of the vulvar lesion revealed clusters of viable-appearing eggs in the dermis, with a lot of eosinophils and plasma cells surrounding them, consistent with Paracoccidioidomycosis."", ""The patient had a history of swimming in fresh water lakes in Senegal and Mali, which is a known risk factor for Paracoccidioidomycosis."", ""Histopathological examination of the vulvar lesion showed a granulomatous reaction with clusters of viable-appearing eggs, which is characteristic of Paracoccidioidomycosis.""]}"
PMC3628229_01,Tuberculosis,Tuberculosis,Lassa fever | Melioidosis,high,1,1,39,83,20,"{""primary_diagnosis"": ""Tuberculosis"", ""confidence"": ""high"", ""differential_diagnoses"": [""Lassa fever"", ""Melioidosis""], ""key_evidence"": [""Persistent high-grade fever, miliary mottling on chest X-ray, and tuberculous otitis media and mastoiditis."", ""History of recurrent febrile illnesses associated with abdominal pain and mesenteric lymphadenitis, which were diagnosed as typhoid fever on many occasions."", ""Miliary mottling on chest X-ray, which is a characteristic finding in miliary tuberculosis.""]}"
PMC3810313_01,Leishmaniasis,Scabies,Leprosy | Melioidosis,high,0,0,45,146,20,"{""primary_diagnosis"": ""Scabies"", ""confidence"": ""high"", ""differential_diagnoses"": [""Leprosy"", ""Melioidosis""], ""key_evidence"": [""The patient had mild arthralgias and myalgias, which are common symptoms of scabies."", ""The patient's lesions were prurient and some were prominent and hemorrhagic, which are characteristic of scabies."", ""The patient's history of living in a rural area and the presence of crusted lesions are consistent with scabies."", ""The patient's mild arthralgias and myalgias, although not specific to scabies, are consistent with the differential diagnosis of scabies."", ""The patient's history of living in a rural area and the presence of crusted lesions are consistent with scabies."", ""The patient's history of living in a rural area and the presence of crusted lesions are consistent with scabies.""]}"
PMC3982339_04,Tuberculosis,Echinococcosis,Melioidosis | Schistosomiasis,high,0,0,38,127,20,"{""primary_diagnosis"": ""Echinococcosis"", ""confidence"": ""high"", ""differential_diagnoses"": [""Melioidosis"", ""Schistosomiasis""], ""key_evidence"": [""Multiple cystic lesions in the upper and middle lobes of the lungs, with thin-walled cystic lesions and interstitial pulmonary emphysema reported by the radiology department.""]}"
PMC4237689_01,Tuberculosis,Tuberculosis,Melioidosis | Leprosy,high,1,1,48,89,20,"{""primary_diagnosis"": ""Tuberculosis"", ""confidence"": ""high"", ""differential_diagnoses"": [""Melioidosis"", ""Leprosy""], ""key_evidence"": [""The patient presented with a history of hip joint restriction and pain, which is consistent with tuberculous coxitis, a form of extrapulmonary tuberculosis affecting the hip joint."", ""The patient had a history of gout and rheumatoid arthritis, which can be secondary to tuberculosis, as seen in the case of polyarthritis caused by tuberculosis (polyarthritis)."", ""The patient's laboratory results showed an elevated Erythrocytic Sedimentation Rate (ESR 87 mm/hr) and C-reactive protein (CRP 75 mg/L), which are common in tuberculosis infection."", ""The patient's history of hip joint restriction and pain, along with the presence of a psoas abscess, supports the diagnosis of tuberculous coxitis."", ""The patient's history of gout and rheumatoid arthritis, which can be secondary to tuberculosis, is consistent with the polyarthritis caused by tuberculosis.""]}"
PMC4427073_01,Tuberculosis,Tuberculosis,Paracoccidioidomycosis | Miliary tuberculosis,high,1,1,36,123,20,"{""primary_diagnosis"": ""Tuberculosis"", ""confidence"": ""high"", ""differential_diagnoses"": [""Paracoccidioidomycosis"", ""Miliary tuberculosis""], ""key_evidence"": [""Prostatic tuberculosis clinically and radiographically mimicked prostate cancer."", ""Multifocal enhancing foci suggestive of an infective process on MRI brain."", ""Prostate biopsy showed necrotic granulomata suggestive of tuberculosis."", ""Miliary tuberculosis disseminated to involve the brain with multiple parenchymal lesions on MRI brain.""]}"
PMC4703342_01,Leishmaniasis,Tuberculosis,Melioidosis | Leishmaniasis,high,0,1,37,154,18,"{""primary_diagnosis"": ""Tuberculosis"", ""confidence"": ""high"", ""differential_diagnoses"": [""Melioidosis"", ""Leishmaniasis""], ""key_evidence"": [""The patient had a history of kidney transplantation and received immunosuppressive therapy, which predisposed to tuberculosis."", ""The patient had a history of latent tuberculosis and received immunosuppressive therapy, which increased the risk of reactivation."", ""The patient had a history of multiple opportunistic infections and received immunosuppressive therapy, which increased the risk of developing tuberculosis."", ""The patient had a history of renal transplantation and received immunosuppressive therapy, which increased the risk of developing tuberculosis."", ""The patient had a history of multiple organ transplants and received immunosuppressive therapy, which increased the risk of developing tuberculosis."", ""The patient had a history of multiple organ transplants and received immunosuppressive therapy, which increased the risk of developing tuberculosis."", ""The patient had a history of multiple organ transplants and received immunosuppressive therapy, which increased the risk of developing tuberculosis.""]}"
PMC4703342_02,Leishmaniasis,Talaromycosis,Schistosomiasis | Melioidosis,high,0,0,45,156,19,"{""primary_diagnosis"": ""Talaromycosis"", ""confidence"": ""high"", ""differential_diagnoses"": [""Schistosomiasis"", ""Melioidosis""], ""key_evidence"": [""The patient presented with fever, hepatosplenomegaly, and pancytopenia, which are common symptoms of talaromycosis."", ""The patient's history of travel to Ethiopia, where hydatid disease is endemic, supports the possibility of talaromycosis."", ""The patient's hematological findings (pancytopenia) are consistent with disseminated infection in the reticuloendothelial system, which can be seen in disseminated talaromycosis.""]}"
PMC4703342_03,Leishmaniasis,Tuberculosis,Leishmaniasis | Schistosomiasis,high,0,1,33,110,20,"{""primary_diagnosis"": ""Tuberculosis"", ""confidence"": ""high"", ""differential_diagnoses"": [""Leishmaniasis"", ""Schistosomiasis""], ""key_evidence"": [""Advanced HIV infection provided an immunosuppressed background for severe opportunistic pulmonary tuberculosis."", ""Underlying HIV-induced immunosuppression predisposed the patient to disseminated talaromycosis."", ""HIV infection impaired cellular immunity, enabling opportunistic disseminated tuberculosis.""]}"
PMC4703342_04,Leishmaniasis,Melioidosis,Leishmaniasis | Tuberculosis,high,0,1,47,66,20,"{""primary_diagnosis"": ""Melioidosis"", ""confidence"": ""high"", ""differential_diagnoses"": [""Leishmaniasis"", ""Tuberculosis""], ""key_evidence"": [""The patient had HIV infection, which is a known risk factor for melioidosis. The patient's history of uncontrolled HIV infection and the presence of neutropenia, which can increase susceptibility to melioidosis, are key factors."", ""The patient's history of HIV infection and the presence of neutropenia, which can increase susceptibility to melioidosis, are key factors."", ""The patient's neutropenia, which can increase susceptibility to melioidosis, is a significant finding.""]}"
PMC4712770_01,Dengue,Malaria,Dengue | Leishmaniasis,high,0,1,42,84,20,"{""primary_diagnosis"": ""Malaria"", ""confidence"": ""high"", ""differential_diagnoses"": [""Dengue"", ""Leishmaniasis""], ""key_evidence"": [""The patient presented with fever, myalgia, arthralgia, and abdominal pain, which are common symptoms of malaria."", ""The patient's blood count revealed thrombocytopenia, which is a common hematological manifestation of malaria."", ""The patient's history of travel to Kenya and the presence of Plasmodium infection in the blood samples from the source patient suggest a possible malaria infection."", ""The patient's history of fever, myalgia, and arthralgia without other typical dengue symptoms (such as hemorrhagic manifestations) supports a diagnosis of malaria over dengue."", ""The patient's positive IgM serology for Zika virus infection during the third trimester of pregnancy, combined with the absence of other typical dengue symptoms, supports a diagnosis of malaria over dengue."", ""The patient's history of genital tuberculosis involving the uterine cavity, which is a known complication of visceral leishmaniasis, supports a diagnosis of visceral leishmaniasis over malaria.""]}"
PMC5392109_01,Leptospirosis,Tuberculosis,Leptospirosis | Melioidosis,high,0,1,30,20,20,"{""primary_diagnosis"": ""Tuberculosis"", ""confidence"": ""high"", ""differential_diagnoses"": [""Leptospirosis"", ""Melioidosis""], ""key_evidence"": [""Severe liver failure, pulmonary hemorrhage, and neutrophil-predominant leukocytosis in a relevant time frame."", ""Initial presentation with fever, chills, nausea, vomiting, myalgia, nonproductive cough, and worsening dyspnea, followed by multiorgan dysfunction and acute respiratory distress syndrome."", ""Laboratory findings of thrombocytopenia, elevated bilirubin levels, and elevated transaminases, consistent with liver involvement in tuberculosis."", ""Clinical presentation of jaundice, conjunctival suffusions, and bilateral conjunctival suffusions, which are common in leptospirosis and tuberculosis."", ""The patient's history of travel to multiple countries, including exposure to freshwater swimming, which is a risk factor for leptospirosis and tuberculosis."", ""The development of multiorgan dysfunction and acute respiratory distress syndrome, which are severe complications of both leptospirosis and tuberculosis."", ""The use of ceftriaxone and doxycycline, which are not typically used in the treatment of leptospirosis or melioidosis, but are commonly used in the treatment of tuberculosis."", ""The progression to severe hypoxemia requiring endotracheal intubation, which is a hallmark of acute respiratory distress syndrome and can be seen in both leptospirosis and tuberculosis.""]}"
PMC5516680_01,Schistosomiasis,Paracoccidioidomycosis,Schistosomiasis | Melioidosis,high,0,1,52,71,20,"{""primary_diagnosis"": ""Paracoccidioidomycosis"", ""confidence"": ""high"", ""differential_diagnoses"": [""Schistosomiasis"", ""Melioidosis""], ""key_evidence"": [""The patient had a history of travel to South African countries, which is a risk factor for Paracoccidioidomycosis."", ""The patient presented with intermittent hematuria over the past 3 years, which can be associated with Paracoccidioidomycosis, a fungal infection that can cause urogenital complications."", ""The imaging findings, including the focal thickening of the fundus of the urinary bladder and the filling defect in the left upper ureter, are consistent with Paracoccidioidomycosis.""]}"
PMC5813668_01,Leishmaniasis,Paracoccidioidomycosis,Melioidosis | Talaromycosis,high,0,0,43,102,20,"{""primary_diagnosis"": ""Paracoccidioidomycosis"", ""confidence"": ""high"", ""differential_diagnoses"": [""Melioidosis"", ""Talaromycosis""], ""key_evidence"": [""Multiple, disseminated and wet-looking skin lesions which were papular, crusted and severely ulcerated all over the left arm and hemithorax (Figure 1)."", ""Polymorphic cutaneous lesions including plaques and pustules (cutaneous leishmaniasis) and ulcerated skin lesions (paracoccidioidomycosis) were presented."", ""The patient had a 10-year history of opium smoking abuse, as well as Chronic Obstructive Pulmonary Disease (COPD) which had previously been treated with Salbutamol and Fluticasone/Salmeterol Spray."", ""Histopathological examination of the skin biopsy showed polymorphic cutaneous lesions including plaques and pustules (cutaneous leishmaniasis) and ulcerated skin lesions (paracoccidioidomycosis)."", ""The patient had a history of lymphedema and edema over the arm and hemithorax, which is a common feature in paracoccidioidomycosis."", ""The patient's skin lesions were described as papular, crusted, and severely ulcerated, which are characteristic of paracoccidioidomycosis."", ""The patient's skin lesions spread to his palm and all over the left finger nails, which is a rare manifestation of paracoccidioidomycosis.""]}"
PMC5968232_01,Soil-Transmitted Helminths,Paracoccidioidomycosis,Melioidosis | Schistosomiasis,high,0,0,44,162,20,"{""primary_diagnosis"": ""Paracoccidioidomycosis"", ""confidence"": ""high"", ""differential_diagnoses"": [""Melioidosis"", ""Schistosomiasis""], ""key_evidence"": [""The patient's history of recurrent abdominal pain, which is a common symptom of paracoccidioidomycosis, and the absence of other tropical diseases like tuberculosis, leishmaniasis, or schistosomiasis.""]}"
PMC6183218_01,Foodborne Trematodes,Melioidosis,Cholera | Dengue,high,0,0,38,67,20,"{""primary_diagnosis"": ""Melioidosis"", ""confidence"": ""high"", ""differential_diagnoses"": [""Cholera"", ""Dengue""], ""key_evidence"": [""Multiple heterogeneous hypoechoic masses of varying sizes located centrally in the right lobe of the liver with central necrosis and cavitation areas, suggestive of hepatic eosinophilic pseudotumor, which is a known complication of Melioidosis."", ""The patient's presentation of hepatomegaly, multiple hepatic nodules, and eosinophilic infiltration without malignancy on biopsy, which is consistent with the histopathological features of Melioidosis.""]}"
PMC6192136_01,Tuberculosis,Melioidosis,Tuberculosis | Leishmaniasis,high,0,1,50,124,20,"{""primary_diagnosis"": ""Melioidosis"", ""confidence"": ""high"", ""differential_diagnoses"": [""Tuberculosis"", ""Leishmaniasis""], ""key_evidence"": [""The patient had a history of HIV infection, which predisposes to opportunistic infections including melioidosis."", ""The patient had multiple abscesses and necrotizing granulomatous inflammation with a rare questionable acid-fast bacillus staining organism in the pathology report."", ""The patient had a history of tuberculosis, which could complicate the presentation of melioidosis."", ""The patient had a history of HIV infection, which could predispose to leishmaniasis.""]}"
PMC6230409_01,Soil-Transmitted Helminths,Tuberculosis,Paracoccidioidomycosis | Leishmaniasis,high,0,0,44,147,20,"{""primary_diagnosis"": ""Tuberculosis"", ""confidence"": ""high"", ""differential_diagnoses"": [""Paracoccidioidomycosis"", ""Leishmaniasis""], ""key_evidence"": [""The patient had a history of HIV infection, which predisposes to opportunistic infections including tuberculosis."", ""The patient presented with fever, weight loss, abdominal pain, and hypoxia, which are common symptoms of tuberculosis."", ""The chest X-ray showed bilateral, extensive, and patchy consolidation, suggestive of an infectious etiology."", ""The CT scan of the chest revealed bilateral ground glass haziness, which is consistent with tuberculosis."", ""The patient's HIV infection was poorly controlled, leading to severe immunosuppression, which is a risk factor for tuberculosis.""]}"
PMC6598396_01,Tuberculosis,Tuberculosis,Mycetoma | Leprosy,high,1,1,49,166,20,"{""primary_diagnosis"": ""Tuberculosis"", ""confidence"": ""high"", ""differential_diagnoses"": [""Mycetoma"", ""Leprosy""], ""key_evidence"": [""The patient presented with fever, abdominal distension, and multiple new nodules in both lungs, which are consistent with disseminated tuberculosis."", ""The patient had a history of recurrent respiratory infections, which can be a manifestation of disseminated tuberculosis."", ""The patient's pleural effusion analysis showed a high percentage of mesothelial cells, which is consistent with tuberculous pleuritis."", ""The patient's chest CT scan showed multiple new nodules in both lungs, which is a common finding in disseminated tuberculosis."", ""The patient's pleural fluid analysis showed a high percentage of mesothelial cells, which is consistent with tuberculous pleuritis."", ""The patient's history of recurrent respiratory infections and the presence of multiple new nodules in both lungs are consistent with disseminated tuberculosis.""]}"
PMC6598396_02,Tuberculosis,Tuberculosis,Pulmonary tuberculosis | Neonatal pneumonia,high,1,1,46,63,20,"{""primary_diagnosis"": ""Tuberculosis"", ""confidence"": ""high"", ""differential_diagnoses"": [""Pulmonary tuberculosis"", ""Neonatal pneumonia""], ""key_evidence"": [""The patient had a history of unbooked pregnancy and delivery, and the neonate was highly suspected of having [MASK] infection at that time."", ""The chest X-ray exhibited a miliary [MASK] pattern (Figure 1E). A chest CT image displayed diffuse interlobular and intralobular septal thickening with ground-glass opacities (Figure 1F)."", ""Laboratory results indicated leukocytosis, thrombocytopenia, coagulopathy, acute hepatic failure, and acute renal failure."", ""The patient had a history of unbooked pregnancy and delivery, and the neonate was highly suspected of having [MASK] infection at that time."", ""The chest X-ray exhibited a miliary [MASK] pattern (Figure 1E). A chest CT image displayed diffuse interlobular and intralobular septal thickening with ground-glass opacities (Figure 1F).""]}"
PMC6713098_01,Melioidosis,Scrub Typhus,Malaria | Leishmaniasis,high,0,0,47,141,17,"{""primary_diagnosis"": ""Scrub Typhus"", ""confidence"": ""high"", ""differential_diagnoses"": [""Malaria"", ""Leishmaniasis""], ""key_evidence"": [""The patient had a history of living in Laos, which is endemic for scrub typhus."", ""The patient presented with intermittent fever, abdominal pain, and splenic abscess, which are common symptoms of scrub typhus."", ""The patient's laboratory tests showed signs of a bacterial infection and uncontrolled diabetes, which are consistent with scrub typhus."", ""The patient's abdominal CT scan revealed an enlarged spleen with multiple low-density shadows, suggestive of a spleen abscess, which is a known finding in scrub typhus."", ""The patient's blood cultures grew Gram-negative rods, which is consistent with scrub typhus."", ""The patient's clinical presentation, including the presence of multiple abscesses, especially in the lungs, liver, and spleen, is consistent with scrub typhus.""]}"
PMC6942725_01,Leptospirosis,Dengue,Leptospirosis | Melioidosis,high,0,1,38,80,20,"{""primary_diagnosis"": ""Dengue"", ""confidence"": ""high"", ""differential_diagnoses"": [""Leptospirosis"", ""Melioidosis""], ""key_evidence"": [""The patient presented with fever, myalgia, jaundice, purpuric rash, haematemesis, and anuria, which are classic symptoms of dengue fever."", ""Laboratory findings included elevated transaminases (AST 16650 IU/L, ALT 7900 IU/L) and hyperbilirubinemia (total bilirubin 17 mg/dL), which are consistent with severe liver injury seen in dengue fever."", ""The patient had a history of fishing in rivers and had been bitten by a ferret 15 days prior to presentation, which is a known risk factor for dengue infection."", ""The patient's laboratory results showed elevated transaminases and hyperbilirubinemia, which are common in dengue fever and not typically seen in other tropical diseases listed.""]}"
PMC6942725_02,Leptospirosis,Melioidosis,Leptospirosis | Tuberculosis,high,0,1,48,146,20,"{""primary_diagnosis"": ""Melioidosis"", ""confidence"": ""high"", ""differential_diagnoses"": [""Leptospirosis"", ""Tuberculosis""], ""key_evidence"": [""The patient had a history of returning from India, a region where melioidosis is endemic."", ""The patient presented with fever, chills, and altered level of consciousness, which are common symptoms of melioidosis."", ""The patient's laboratory findings, including elevated liver enzymes and renal failure, are consistent with melioidosis."", ""The patient's history of travel to India and the presence of a transrectal ultrasound guided prostate biopsy with antibiotic prophylaxis suggest a potential exposure to melioidosis."", ""The patient's clinical course, including the development of fulminant hepatic failure and cerebellar ataxia, is consistent with severe melioidosis."", ""The patient's negative serology for other arbovirus infections and the negative PCR for [MASK] DNA in blood, CSF, and urine supports the diagnosis of melioidosis.""]}"
PMC7268139_01,Talaromycosis,Tuberculosis,Schistosomiasis | Melioidosis,high,0,0,44,106,20,"{""primary_diagnosis"": ""Tuberculosis"", ""confidence"": ""high"", ""differential_diagnoses"": [""Schistosomiasis"", ""Melioidosis""], ""key_evidence"": [""Multiple bilateral pulmonary nodules including tuberculous lesions on chest CT scan."", ""Chronic productive cough as a primary presenting symptom of pulmonary tuberculosis."", ""Chest CT revealed multiple nodules and cavities in both lungs consistent with active pulmonary tuberculosis."", ""Loss-of-function mutation in the gene STAT3, which could be associated with congenital immunodeficiency and predisposition to tuberculosis."", ""History of immunocompromised state since infancy, including several surgical treatments for suspected pleurisy and skin infection."", ""Chest CT scan showed multiple disseminated ground glass opacities with multiple bullae in both lungs, suggestive of active tuberculosis.""]}"
PMC7749933_01,Neurocysticercosis,Melioidosis,Tuberculosis | Echinococcosis,high,0,0,42,62,20,"{""primary_diagnosis"": ""Melioidosis"", ""confidence"": ""high"", ""differential_diagnoses"": [""Tuberculosis"", ""Echinococcosis""], ""key_evidence"": [""The patient presented with chronic severe headaches, progressive deterioration of 6 months in visual acuity, and bitemporal hemianopia, which are consistent with mass effect from a suprasellar lesion. The MRI showed a cystic image in the sellar and suprasellar region with no capsule enhancement on the contrast study, which is suggestive of a non-neoplastic, non-infectious, or non-parasitic mass. Melioidosis is a possible cause of such a mass, especially given the patient's history of recent travel to an endemic area."", ""The MRI findings of a cystic image in the sellar and suprasellar region without capsule enhancement on contrast is consistent with a non-neoplastic, non-infectious, or non-parasitic mass, such as Melioidosis, which can present with mass effect and visual impairment.""]}"
PMC8060098_01,Tuberculosis,Melioidosis,Leptospirosis | Tuberculosis,high,0,1,45,97,20,"{""primary_diagnosis"": ""Melioidosis"", ""confidence"": ""high"", ""differential_diagnoses"": [""Leptospirosis"", ""Tuberculosis""], ""key_evidence"": [""The patient had a 2-week history of cough with expectoration and high-grade fever, which is consistent with the clinical presentation of melioidosis."", ""The patient's laboratory profile showed elevated ESR (58 mm/hr), which is a common finding in melioidosis."", ""The patient developed sudden onset swelling over the body, which can be seen in severe cases of melioidosis."", ""The patient's renal biopsy showed nonproliferative glomerulopathy, which is a feature of acute kidney injury seen in severe melioidosis."", ""The patient's proteinuria and renal function changes are consistent with acute kidney injury secondary to severe melioidosis.""]}"
PMC9161195_01,Tuberculosis,Melioidosis,Malaria | Tuberculosis,high,0,1,41,63,20,"{""primary_diagnosis"": ""Melioidosis"", ""confidence"": ""high"", ""differential_diagnoses"": [""Malaria"", ""Tuberculosis""], ""key_evidence"": [""The patient presented with a history of cough, fever, and dyspnea, which is consistent with the clinical presentation of melioidosis, especially in a patient from an endemic area for melioidosis."", ""The patient's laboratory findings, including lymphocytopenia and elevated ESR and CRP, are consistent with both melioidosis and malaria. However, the presence of a suspected melioidosis cavity on HRCT and the positive induration from the [MASK] test further supports melioidosis."", ""The patient's history of hypertension and dyslipidemia, along with the presence of a suspected melioidosis cavity, could also suggest a concurrent tuberculosis infection, which is a known co-infection in melioidosis patients.""]}"
PMC9196837_01,Tuberculosis,Tuberculosis,Melioidosis | Mycetoma,high,1,1,27,20,20,"{""primary_diagnosis"": ""Tuberculosis"", ""confidence"": ""high"", ""differential_diagnoses"": [""Melioidosis"", ""Mycetoma""], ""key_evidence"": [""Persistent productive cough, weight loss, and significant lung volume loss with multiple cystic and ground-glass opacities on chest CT."", ""Multiple patchy shadows and cavitation in the left lung on chest X-ray, consistent with pulmonary tuberculosis."", ""Positive sputum culture for M. tuberculosis complex, supporting the diagnosis of pulmonary tuberculosis."", ""History of immunosuppressive therapy (Infliximab) and rheumatological issues, which can predispose to tuberculosis."", ""Chest X-ray and CT findings consistent with disseminated tuberculosis, including bilateral cavitary lesions and significant lung volume loss.""]}"
PMC9375718_01,Echinococcosis,Schistosomiasis,Mycetoma | Leprosy,high,0,0,53,79,20,"{""primary_diagnosis"": ""Schistosomiasis"", ""confidence"": ""high"", ""differential_diagnoses"": [""Mycetoma"", ""Leprosy""], ""key_evidence"": [""The patient presented with a mass in her right thigh which was present for ten years, and multiple cysts were found in the right lobe of the liver. Schistosomiasis is known to cause cystic lesions in the liver and can present with a history of chronic inflammatory mass in the thigh."", ""The patient underwent surgery for a cyst in the right thigh and had multiple cysts in the liver. Schistosomiasis is a parasitic disease caused by Schistosoma worms, which can lead to the formation of hydatid cysts in the liver and other organs."", ""The patient's MRI showed a mass in the right thigh and multiple cysts in the liver, which is consistent with the imaging findings of Schistosomiasis.""]}"
PMC9386617_01,Dengue,Melioidosis,Schistosomiasis | Tuberculosis,high,0,0,41,39,20,"{""primary_diagnosis"": ""Melioidosis"", ""confidence"": ""high"", ""differential_diagnoses"": [""Schistosomiasis"", ""Tuberculosis""], ""key_evidence"": [""The patient resided in Chonburi Province, Thailand, an endemic region for melioidosis."", ""The patient had a history of mosquito bites, which is a known risk factor for melioidosis."", ""The patient's laboratory findings showed a low platelet count, which is a common finding in melioidosis."", ""The patient's chest computed tomography revealed ground-glass opacities compatible with viral COVID-19 pneumonia, which is a common finding in melioidosis co-infection."", ""The patient's history of living in endemic areas for melioidosis and the presence of melioidosis in the patient's history.""]}"
PMC9724124_01,Echinococcosis,Echinococcosis,Schistosomiasis | Melioidosis,high,1,1,43,80,20,"{""primary_diagnosis"": ""Echinococcosis"", ""confidence"": ""high"", ""differential_diagnoses"": [""Schistosomiasis"", ""Melioidosis""], ""key_evidence"": [""The patient presented with a large 10 cm scar over the left inguinal area and a 0.5 cm wound that was draining a yellowish-brown fluid, which is consistent with the clinical presentation of [MASK] disease."", ""The patient had a history of extensive [MASK] disease in her abdomen, which is a known complication of [MASK] disease."", ""The CT images demonstrated the entire left hemipelvis which was replaced by a large cystic mass, which is a characteristic finding in [MASK] disease."", ""The patient's history of pelvic pain and the presence of a large painful cystic mass in the left gluteal region are consistent with the clinical presentation of [MASK] disease.""]}"
PMC9761204_01,Tuberculosis,Melioidosis,Cholera | Leishmaniasis,high,0,0,49,133,18,"{""primary_diagnosis"": ""Melioidosis"", ""confidence"": ""high"", ""differential_diagnoses"": [""Cholera"", ""Leishmaniasis""], ""key_evidence"": [""The patient had a history of tuberculosis, which was previously misdiagnosed and treated as pulmonary tuberculosis. Tuberculosis can be complicated by disseminated melioidosis, especially in immunocompromised patients."", ""The patient had multiple comorbidities including untreated chronic hepatitis B, type 2 diabetes, diabetic retinopathy, and osteoarthritis of the right knee, which are risk factors for melioidosis."", ""The patient's initial tuberculosis treatment included isoniazid, rifampicin, pyrazinamide, and ethambutol, which are commonly used in combination therapy for tuberculosis. Melioidosis can present with similar symptoms to tuberculosis, including fever, cough, and weight loss."", ""The patient's initial tuberculosis treatment was not effective, suggesting the presence of a drug-resistant infection, which is consistent with melioidosis.""]}"
PMC10162717_01,Leishmaniasis,Leishmaniasis,Melioidosis | Talaromycosis,high,1,1,52,92,20,"{""primary_diagnosis"": ""Leishmaniasis"", ""confidence"": ""high"", ""differential_diagnoses"": [""Melioidosis"", ""Talaromycosis""], ""key_evidence"": [""The patient presented with persistent crusted ulcerated lesions on the eyebrow and forehead, which is consistent with cutaneous leishmaniasis."", ""The patient's history of travel to Ecuador, a known endemic area for leishmaniasis, supports the diagnosis."", ""The histopathological examination revealed Leishmania amastigotes, which is a hallmark of cutaneous leishmaniasis.""]}"
PMC10374365_01,Malaria,Melioidosis,Paracoccidioidomycosis | Scrub Typhus,high,0,0,45,158,20,"{""primary_diagnosis"": ""Melioidosis"", ""confidence"": ""high"", ""differential_diagnoses"": [""Paracoccidioidomycosis"", ""Scrub Typhus""], ""key_evidence"": [""The patient had a history of travel to Liberia, an endemic area for melioidosis."", ""The patient presented with fever, chills, and vomiting, which are common symptoms of melioidosis."", ""The patient's symptoms, including fever, chills, and vomiting, were not alleviated by initial treatment with metronidazole."", ""The patient's liver abscesses and the presence of fever, chills, and vomiting are consistent with melioidosis.""]}"
PMC10460097_01,Tuberculosis,Melioidosis,Schistosomiasis | Talaromycosis,high,0,0,45,172,20,"{""primary_diagnosis"": ""Melioidosis"", ""confidence"": ""high"", ""differential_diagnoses"": [""Schistosomiasis"", ""Talaromycosis""], ""key_evidence"": [""The patient had a history of dark-colored stools for a week, which is a common finding in melioidosis."", ""The patient had a history of chronic alcoholism, which is a risk factor for melioidosis."", ""The patient had a history of abdominal pain, which was described as chronic and progressive, consistent with melioidosis."", ""The patient had a history of dark-colored stools for a week, which is a common finding in melioidosis."", ""The patient had a history of dark-colored stools for a week, which is a common finding in melioidosis."", ""The patient had a history of dark-colored stools for a week, which is a common finding in melioidosis.""]}"
PMC10540695_01,Tuberculosis,Melioidosis,Leishmaniasis | Mycetoma,high,0,0,50,139,18,"{""primary_diagnosis"": ""Melioidosis"", ""confidence"": ""high"", ""differential_diagnoses"": [""Leishmaniasis"", ""Mycetoma""], ""key_evidence"": [""The patient had a history of contact eczema, which can be a predisposing factor for cutaneous melioidosis."", ""The patient had a history of a previous febrile illness, which can be associated with melioidosis, especially in tropical regions."", ""The biopsy of the ulcer indicated a granulomatous inflammation of the infected area, which is consistent with the granulomatous inflammation seen in melioidosis."", ""The patient's CRP level was elevated (59 mg/L), which is commonly seen in active infections, including melioidosis."", ""The patient's biopsy showed a similar feature as the sample from the skin, which is consistent with disseminated melioidosis.""]}"
PMC10569653_01,Melioidosis,Scrub Typhus,Malaria | Leptospirosis,high,0,0,50,92,20,"{""primary_diagnosis"": ""Scrub Typhus"", ""confidence"": ""high"", ""differential_diagnoses"": [""Malaria"", ""Leptospirosis""], ""key_evidence"": [""The patient presented with intermittent high-grade fever, chills, and generalized body pain for 45 days, which is a classic presentation of scrub typhus."", ""The patient had significant hepatic dysfunction, ischemic hepatitis, and a history of sepsis, which are common complications of scrub typhus."", ""The patient's laboratory findings, including thrombocytopenia, elevated liver enzymes, and the presence of hemophagocytosis, are consistent with scrub typhusassociated hemophagocytic lymphohistiocytosis (HLH)."", ""The patient's history of a febrile illness, including right-sided abdominal pain, chills, and myalgia, is consistent with scrub typhus, which is transmitted by the trombiculid mite and is endemic in the coastal city of southern India where the patient lived.""]}"
PMC10643883_01,Tuberculosis,Tuberculosis,Paracoccidioidomycosis | Melioidosis,high,1,1,35,108,20,"{""primary_diagnosis"": ""Tuberculosis"", ""confidence"": ""high"", ""differential_diagnoses"": [""Paracoccidioidomycosis"", ""Melioidosis""], ""key_evidence"": [""The patient had a history of fever, weight loss, and joint pain, which are common symptoms of tuberculosis."", ""The patient's skin biopsy showed epithelioid cells between the reticular fibres, which is consistent with chronic lymphadenitis and could be a sign of tuberculosis infection."", ""The patient's history of systemic lupus erythematosus (SLE) and its immunosuppressive therapy predisposed the patient to opportunistic infections, including tuberculosis."", ""The patient's skin biopsy histopathology demonstrated vasculitis consistent with systemic lupus erythematosus, which could be a sign of immunosuppression due to SLE treatment."", ""The patient's history of leprosy and the presence of erythematous plaques could be a sign of cutaneous tuberculosis, especially given the patient's history of immunosuppression due to SLE treatment.""]}"
PMC10805995_01,Dengue,Schistosomiasis,Neurocysticercosis | Tuberculosis,high,0,0,54,108,20,"{""primary_diagnosis"": ""Schistosomiasis"", ""confidence"": ""high"", ""differential_diagnoses"": [""Neurocysticercosis"", ""Tuberculosis""], ""key_evidence"": [""MRI dorsal spine showed mild disc bulge at L4/5 and L5/S1 levels, mild bilateral neural foraminal stenosis without major neural impairment, and lumbar spondylosis-like characteristics."", ""The patient had bilateral lower limb weakness, reduced vibration and joint position sensation in chest, abdomen and bilateral lower limbs below T2 level, and sensory impairment below T5 corresponding to vertebral level D3.""]}"
PMC10823322_01,Neurocysticercosis,Neurocysticercosis,Schistosomiasis | Malaria,high,1,1,49,163,20,"{""primary_diagnosis"": ""Neurocysticercosis"", ""confidence"": ""high"", ""differential_diagnoses"": [""Schistosomiasis"", ""Malaria""], ""key_evidence"": [""The patient presented with a history of generalized tonic-clonic seizures, which is a common manifestation of neurocysticercosis."", ""The patient had a frontal syndrome with dysexecutive syndrome, programming dysfunction, disinhibition, grasping, urinary incontinence, and a Frontal Assessment Battery (FAB) score of 10/17, which is consistent with the neurological deficits seen in neurocysticercosis."", ""The patient had a history of progressive walking difficulty, which can be a symptom of neurocysticercosis affecting the cerebellum and motor pathways."", ""The patient's MRI showed a dural-based lesion with significant mass effect, which is consistent with the imaging findings of neurocysticercosis."", ""The patient's history of seizures and neurological deficits, along with the imaging findings, strongly suggest neurocysticercosis as the underlying cause.""]}"
PMC10858631_01,Tuberculosis,Scrub Typhus,Melioidosis | Leptospirosis,high,0,0,48,112,19,"{""primary_diagnosis"": ""Scrub Typhus"", ""confidence"": ""high"", ""differential_diagnoses"": [""Melioidosis"", ""Leptospirosis""], ""key_evidence"": [""The patient had a history of a 3-week trip to Sierra Leone, West Africa, which is endemic for scrub typhus."", ""The patient presented with fever, headache, fatigue, and myalgia, along with features of systemic inflammatory response syndrome (SIRS) such as hypoxia."", ""The patient had a history of a painful eschar on the scrotum, which is a classic finding in scrub typhus."", ""Laboratory findings showed significant hypoxia, elevated C-reactive protein, and multi-organ dysfunction, which are consistent with scrub typhus."", ""The patient had a history of contact with domestic animals, which is a risk factor for scrub typhus."", ""The patient's clinical presentation, including the presence of an eschar and features of SIRS, is highly suggestive of scrub typhus.""]}"
PMC10870101_01,Dengue|Leptospirosis,Tuberculosis,Dengue Fever | Leptospirosis,high,0,1,41,100,20,"{""primary_diagnosis"": ""Tuberculosis"", ""confidence"": ""high"", ""differential_diagnoses"": [""Dengue Fever"", ""Leptospirosis""], ""key_evidence"": [""The patient had fever, altered sensorium, and respiratory failure, which are common in severe cases of tuberculosis and dengue fever. The patient's presentation of respiratory failure and pleural effusion, along with the MRI and CT findings, strongly suggest pulmonary tuberculosis."", ""The patient's history of fever, chills, and altered sensorium, along with the presence of pleural effusion and ground-glass opacities, are consistent with dengue fever. The patient's history of recent travel to a tropical region is also a risk factor for dengue fever."", ""The patient's history of fever, chills, and altered sensorium, along with the presence of pleural effusion and ground-glass opacities, are consistent with leptospirosis. The patient's history of recent travel to a tropical region is also a risk factor for leptospirosis.""]}"
PMC10995331_01,Dengue,Scrub Typhus,Dengue | Malaria,high,0,1,50,81,20,"{""primary_diagnosis"": ""Scrub Typhus"", ""confidence"": ""high"", ""differential_diagnoses"": [""Dengue"", ""Malaria""], ""key_evidence"": [""The patient presented with sudden onset blurred vision OS, which is consistent with dengue retinopathy."", ""The patient had a history of optic neuritis, which is a known complication of scrub typhus."", ""The patient's ophthalmic examination showed macular edema, disc hyperemia, and EZ infiltration, which are consistent with ocular tuberculosis."", ""The patient's history of fever, myalgia, and arthralgia, along with the presence of a reactive Mantoux test, supports the diagnosis of presumed ocular tuberculosis."", ""The patient's ophthalmic presentation, including macular edema and disc hyperemia, is consistent with ocular tuberculosis."", ""The patient's history of optic neuritis and the presence of a reactive Mantoux test support the diagnosis of presumed ocular tuberculosis.""]}"
PMC12396908_01,Leishmaniasis,Paracoccidioidomycosis,Leprosy | Tuberculosis,high,0,0,46,83,20,"{""primary_diagnosis"": ""Paracoccidioidomycosis"", ""confidence"": ""high"", ""differential_diagnoses"": [""Leprosy"", ""Tuberculosis""], ""key_evidence"": [""The patient presented with recurrent ulcerated lesions in oral mucosa, nasal septum, and back, which is consistent with the clinical presentation of Paracoccidioidomycosis."", ""The patient had a history of HIV infection, which can predispose to opportunistic infections such as tuberculosis and Paracoccidioidomycosis."", ""Histopathological examination of the oral lesion biopsy confirmed the definitive diagnosis of paracoccidioidomycosis, which is a fungal infection caused by Paracoccidioides brasiliensis.""]}"
PMC13171480_01,Echinococcosis,Leishmaniasis,Melioidosis | Talaromycosis,high,0,0,40,112,20,"{""primary_diagnosis"": ""Leishmaniasis"", ""confidence"": ""high"", ""differential_diagnoses"": [""Melioidosis"", ""Talaromycosis""], ""key_evidence"": [""The patient presented with a history of splenectomy for a cyst 14 years ago, which is a risk factor for Leishmaniasis."", ""The chest CT scan showed a multilocular cystic lesion with a thick wall, smooth contours, and calcifications, which are characteristic of Leishmaniasis."", ""The patient's history of splenectomy and the presence of calcifications in the cystic lesion are consistent with Leishmaniasis.""]}"
PMC3025967_01,Leptospirosis,Melioidosis,Leptospirosis | Dengue,high,0,1,46,102,20,"{""primary_diagnosis"": ""Melioidosis"", ""confidence"": ""high"", ""differential_diagnoses"": [""Leptospirosis"", ""Dengue""], ""key_evidence"": [""The patient had a history of severe bilateral calf pain, which is a common presentation of melioidosis, especially in individuals with underlying conditions such as diabetes or chronic lung disease."", ""The patient's laboratory findings included elevated transaminases, bilirubin, and thrombocytopenia, which are consistent with acute liver failure and hemolysis seen in severe falciparum malaria, but also seen in melioidosis."", ""The patient's history of recent travel to a construction site in NYC, where rat urine exposure is a known risk factor for melioidosis, supports this diagnosis.""]}"
PMC3350145_01,Echinococcosis,Echinococcosis,Schistosomiasis | Melioidosis,high,1,1,39,87,20,"{""primary_diagnosis"": ""Echinococcosis"", ""confidence"": ""high"", ""differential_diagnoses"": [""Schistosomiasis"", ""Melioidosis""], ""key_evidence"": [""The patient presented with a large, smooth, symmetrical mass lying anterior to the rectum, which is characteristic of echinococcal cysts."", ""The ultrasonography and contrast-enhanced CT scan revealed a large hypoechoic mass with echogenic septations in the pelvis posterior to the urinary bladder, which is consistent with echinococcal cysts."", ""The patient had a palpable lump in the left flank, which is a common presentation of echinococcal cysts."", ""The absence of fever, hematuria, and other typical symptoms of schistosomiasis and melioidosis, combined with the imaging findings, supports echinococcal cysts as the primary diagnosis.""]}"
PMC3497843_01,Tuberculosis,Melioidosis,Tuberculosis | Mycetoma,high,0,1,47,64,20,"{""primary_diagnosis"": ""Melioidosis"", ""confidence"": ""high"", ""differential_diagnoses"": [""Tuberculosis"", ""Mycetoma""], ""key_evidence"": [""A 17-year-old nulliparous woman presented with pelvic pain, low-grade fever, weakness, and anorexia for 2 months. She had a BMI of 15 and a history of BCG vaccination. The initial diagnosis was ovarian carcinoma, but laparotomy revealed a cystic mass of the right ovary which was fully excised. Blood tests showed moderate anaemia and a high erythrocyte sedimentation rate (ESR). Tumour markers were measured, and the level of CA-125 was 450 units/mL (15 times the upper limit). HIV serology was negative. Plain radiography of chest and abdomen was normal. Pelvic ultrasound demonstrated a heterogenous right adnexal mass of 50 x 45mm and a small amount of ascites in the Douglas's sack."", ""Key clinical findings include chronic pelvic pain, low BMI, and a history of BCG vaccination. The absence of other tropical diseases and the presence of a cystic mass in the pelvis are consistent with Melioidosis."", ""Graph evidence includes the presence of a heterogenous right adnexal mass and ascites in the Douglas's sack, which are consistent with a tropical disease like Melioidosis.""]}"
PMC3716246_01,Schistosomiasis,Tuberculosis,Schistosomiasis | Melioidosis,high,0,1,43,140,20,"{""primary_diagnosis"": ""Tuberculosis"", ""confidence"": ""high"", ""differential_diagnoses"": [""Schistosomiasis"", ""Melioidosis""], ""key_evidence"": [""The patient presented with a 12-month history of colicky left loin pain, which is a classic symptom of extrapulmonary tuberculosis, particularly tuberculous lymphadenitis."", ""The patient had a history of living in a rural area of Nigeria, which is an epidemiological risk factor for tuberculosis exposure."", ""The patient's renal ultrasonography showed dilatation of the renal calyces and pelvis on the left side, which could be indicative of renal tuberculosis."", ""The patient's history of recurrent fever, abdominal pain, and the presence of hypopigmented skin lesions consistent with vitiligo, which can be associated with disseminated extrapulmonary tuberculosis.""]}"
PMC3952392_01,Melioidosis,Melioidosis,Tuberculosis | Schistosomiasis,high,1,1,48,64,20,"{""primary_diagnosis"": ""Melioidosis"", ""confidence"": ""high"", ""differential_diagnoses"": [""Tuberculosis"", ""Schistosomiasis""], ""key_evidence"": [""The patient's history of emigration from India and recent travel to India, combined with the development of symptoms such as fever, chills, dysuria, and decreased appetite over a 3-week period, is consistent with melioidosis, a tropical disease endemic in India."", ""The computed tomography scan of the abdomen and pelvis revealed wedge-shaped enhancement defects in the right kidney, which is suggestive of pyelonephritis, a complication often seen in melioidosis."", ""The patient's history of chronic obstructive pulmonary disease (COPD) and diabetes mellitus, along with the presence of urinary tract infection, could be secondary to melioidosis, a disease that can affect multiple organ systems including the urinary tract.""]}"
PMC4009261_01,Tuberculosis,Melioidosis,Schistosomiasis | Talaromycosis,high,0,0,38,153,20,"{""primary_diagnosis"": ""Melioidosis"", ""confidence"": ""high"", ""differential_diagnoses"": [""Schistosomiasis"", ""Talaromycosis""], ""key_evidence"": [""The patient presented with vague upper abdominal pain and darkening of urine color, which are common symptoms of melioidosis."", ""The patient's history of chronic abdominal pain and the presence of gallstones and gallbladder inflammation are consistent with gallbladder tuberculosis, which can be a complication of melioidosis."", ""The presence of multiple hypoechoic masses with echogenic septations on ultrasonography and the presence of hydatid cysts on CT scan are consistent with schistosomiasis and talaromycosis, respectively.""]}"
PMC4085278_01,Tuberculosis,Tuberculosis,Mycetoma | Leprosy,high,1,1,41,155,16,"{""primary_diagnosis"": ""Tuberculosis"", ""confidence"": ""high"", ""differential_diagnoses"": [""Mycetoma"", ""Leprosy""], ""key_evidence"": [""The patient had a history of allogeneic stem cell transplantation, which predisposes to tuberculosis."", ""The patient presented with cervical lymphadenopathy and pulmonary nodules, which are common manifestations of tuberculosis."", ""Polymerase chain reaction confirmed the presence of Mycobacterium tuberculosis DNA."", ""The patient had a history of immunosuppression due to allogeneic stem cell transplantation, which increases the risk of tuberculosis."", ""The patient's clinical presentation, including fever, weight loss, and lymphadenopathy, are consistent with tuberculosis."", ""The patient's history of allogeneic stem cell transplantation and the presence of multiple nodules and cavities in both lungs on chest CT scan are consistent with active pulmonary tuberculosis.""]}"
PMC4138670_01,Malaria,Schistosomiasis,Malaria | Norwegian scabies,high,0,1,44,60,20,"{""primary_diagnosis"": ""Schistosomiasis"", ""confidence"": ""high"", ""differential_diagnoses"": [""Malaria"", ""Norwegian scabies""], ""key_evidence"": [""The patient had a history of travel to Pakistan, which is an endemic area for Schistosomiasis."", ""The patient presented with dark urine, which is a common symptom of Schistosomiasis."", ""The patient had a history of receiving oral antimalarial therapy, which could have masked the initial diagnosis of malaria."", ""The patient's laboratory findings, including elevated creatinine and bilirubin levels, are consistent with renal Schistosomiasis."", ""The patient's history of travel to Pakistan and the presence of a splenic infarct on imaging are suggestive of Schistosomiasis.""]}"
PMC4317211_01,Tuberculosis,,,unknown,1,0,45,120,20,"{""error"": """", ""primary_diagnosis"": """", ""differential_diagnoses"": []}"
PMC4374194_01,Scrub Typhus,Leptospirosis,Melioidosis | Tuberculosis,high,0,0,47,62,20,"{""primary_diagnosis"": ""Leptospirosis"", ""confidence"": ""high"", ""differential_diagnoses"": [""Melioidosis"", ""Tuberculosis""], ""key_evidence"": [""MRI brain revealed micro-hemorrhages in the body and splenium of corpus callosum, as well as in the sub-cortical white matter in bilateral centrum semiovale region, suggestive of vasculitis and thrombocytopenia associated with Leptospirosis.""]}"
PMC4531579_01,Tuberculosis,Paracoccidioidomycosis,Melioidosis | Tuberculosis,high,0,1,43,104,19,"{""primary_diagnosis"": ""Paracoccidioidomycosis"", ""confidence"": ""high"", ""differential_diagnoses"": [""Melioidosis"", ""Tuberculosis""], ""key_evidence"": [""Multiple yellowish plaque lesions from the rectum to the sigmoid colon on sigmoidoscopy, with mucosal biopsy showing chronic inflammation with mucous exudates, compatible with a diagnosis of PMC."", ""The patient presented with persistent fever, abdominal pain, and diarrhea, which are common symptoms of both Paracoccidioidomycosis and Tuberculosis."", ""The patient's history of recurrent abdominal pain and diarrhea, along with the presence of ulcerated lesions on the eyebrows, nasal skin, and mucosa, is consistent with Paracoccidioidomycosis.""]}"
PMC4532025_01,Tuberculosis,Tuberculosis,Leishmaniasis | Melioidosis,high,1,1,42,143,20,"{""primary_diagnosis"": ""Tuberculosis"", ""confidence"": ""high"", ""differential_diagnoses"": [""Leishmaniasis"", ""Melioidosis""], ""key_evidence"": [""The patient presented with a 3-month history of cough with occasional sputum production, low-grade fever, and difficulty in walking, which are consistent with disseminated extrapulmonary tuberculosis."", ""The chest X-ray showed bilateral pulmonary infiltrates, which is a common finding in disseminated extrapulmonary tuberculosis."", ""The patient had a history of weight loss and decreased appetite, which are symptoms associated with disseminated extrapulmonary tuberculosis."", ""The presence of lymphadenopathy, particularly cervical lymphadenopathy, is a hallmark of disseminated extrapulmonary tuberculosis."", ""The patient's clinical presentation, including the cough, fever, and lymphadenopathy, is consistent with the clinical features of disseminated extrapulmonary tuberculosis.""]}"
PMC4712429_01,Echinococcosis,Schistosomiasis,Echinococcosis | Melioidosis,high,0,1,50,165,20,"{""primary_diagnosis"": ""Schistosomiasis"", ""confidence"": ""high"", ""differential_diagnoses"": [""Echinococcosis"", ""Melioidosis""], ""key_evidence"": [""The patient presented with a cystic mass of the liver that was incidentally detected on abdominal ultrasound. The mass showed a 9.5 x 9.5 x 8.5 cm-sized yellowish unilocular cyst containing several variable-sized cysts."", ""The patient's history of being an immigrant worker for 4 years, particularly in a region where schistosomiasis is endemic, supports the possibility of this disease.""]}"
PMC5176231_01,Zika Virus,Zika virus,Malaria | Dengue,high,1,1,30,20,20,"{""primary_diagnosis"": ""Zika virus"", ""confidence"": ""high"", ""differential_diagnoses"": [""Malaria"", ""Dengue""], ""key_evidence"": [""The patient presented with a pruritic maculopapular rash, which is a known symptom of Zika virus infection."", ""The patient had a history of travel to Rio de Janeiro, Brazil, where Zika virus transmission is common."", ""The patient's symptoms, including fever, headache, arthralgia, and rash, are consistent with Zika virus infection."", ""The patient's semen samples were tested for Zika virus, and no virus was detected, which is consistent with the Zika virus infection."", ""The patient and his partner were planning to conceive, and the patient's semen samples were tested for Zika virus, with no virus detected."", ""The patient's history of travel and the presence of a pruritic rash are consistent with Zika virus infection, which is transmitted by the Aedes mosquito in Brazil.""]}"
PMC5259930_01,Talaromycosis,Tuberculosis,Pulmonary Talaromycosis | Pulmonary Schistosomiasis,high,0,1,43,76,20,"{""primary_diagnosis"": ""Tuberculosis"", ""confidence"": ""high"", ""differential_diagnoses"": [""Pulmonary Talaromycosis"", ""Pulmonary Schistosomiasis""], ""key_evidence"": [""Bronchoscopic biopsy revealed nonbudding round-to-oval spherules within the histiocytes in the submucosa of bronchi, which are characteristic of Mycobacterium tuberculosis."", ""Chest computed tomography (CT) scans revealed bilateral septal thickening and micronodules of both the lungs, severe hepatosplenomegaly, and multiple enlarged lymph nodes, which are consistent with disseminated tuberculosis."", ""The patient's history of HIV infection and frequent travel to endemic areas for tuberculosis, along with the presence of caseating granulomas and necrotic granulomas, supports the diagnosis of tuberculosis.""]}"
PMC5303735_01,Amebiasis,Paracoccidioidomycosis,Melioidosis | Tuberculosis,high,0,0,29,63,20,"{""primary_diagnosis"": ""Paracoccidioidomycosis"", ""confidence"": ""high"", ""differential_diagnoses"": [""Melioidosis"", ""Tuberculosis""], ""key_evidence"": [""The patient's history of travel to Mali and work as a kitchen porter in a restaurant, which are risk factors for Paracoccidioidomycosis."", ""The patient's presentation of weight loss, anorexia, and cough, which are common symptoms of Paracoccidioidomycosis."", ""The patient's history of travel to Mali, which is endemic for Paracoccidioidomycosis.""]}"
PMC5401731_01,Tuberculosis,Tuberculosis,Leishmaniasis | Melioidosis,high,1,1,46,69,20,"{""primary_diagnosis"": ""Tuberculosis"", ""confidence"": ""high"", ""differential_diagnoses"": [""Leishmaniasis"", ""Melioidosis""], ""key_evidence"": [""The patient had a history of weight loss, fever, and abdominal pain, which are common symptoms of tuberculosis. The presence of ascites, ovarian mass, and bilateral salpingitis (demonstrated by the mini-laparotomy) are consistent with tuberculous peritonitis and pelvic tuberculosis."", ""The patient's history of weight loss and abdominal pain, along with the presence of ascites, could also suggest leishmaniasis or melioidosis. However, the presence of bilateral salpingitis and ovarian mass is more indicative of tuberculosis."", ""The patient's history of weight loss and abdominal pain, along with the presence of ascites, could also suggest leishmaniasis or melioidosis. However, the presence of bilateral salpingitis and ovarian mass is more indicative of tuberculosis.""]}"
PMC5697124_01,Melioidosis,Melioidosis,Dengue | Scrub Typhus,high,1,1,46,138,20,"{""primary_diagnosis"": ""Melioidosis"", ""confidence"": ""high"", ""differential_diagnoses"": [""Dengue"", ""Scrub Typhus""], ""key_evidence"": [""The patient presented with fever, anorexia, and epigastric pain radiating to the back, which are common symptoms of melioidosis."", ""The patient's presentation of fever, anorexia, and epigastric pain could also be consistent with dengue or scrub typhus, but the melioidosis case is more specific to the epigastric pain and anorexia."", ""The patient's history of travel to the Philippines and the absence of other tropical diseases like dengue or scrub typhus, combined with the clinical presentation, supports melioidosis as the primary diagnosis.""]}"
PMC5842735_01,Echinococcosis,Echinococcosis,Melioidosis | Scabies,high,1,1,42,108,20,"{""primary_diagnosis"": ""Echinococcosis"", ""confidence"": ""high"", ""differential_diagnoses"": [""Melioidosis"", ""Scabies""], ""key_evidence"": [""The patient had a history of recurrent right flank pain and a right adrenal gland cyst that was surgically removed and resected. The CT scan showed a large heavily calcified cystic mass in the right adrenal gland, which is a classic finding in echinococcosis."", ""The patient's history of contact with animals, including dogs, and the presence of a hydatid cyst in the right adrenal gland are strong indicators of echinococcosis."", ""The patient's symptoms of abdominal pain, fever, and the presence of a cystic lesion in the right adrenal gland are consistent with echinococcosis.""]}"
PMC5887698_01,Echinococcosis,Echinococcosis,Hydatid cyst of the thigh | Melioidosis,high,1,1,53,63,20,"{""primary_diagnosis"": ""Echinococcosis"", ""confidence"": ""high"", ""differential_diagnoses"": [""Hydatid cyst of the thigh"", ""Melioidosis""], ""key_evidence"": [""The patient presented with a painful, fixed, and firm mass in the left thigh, which is consistent with echinococcosis presenting as a hydatid cyst in the thigh."", ""The MRI revealed a multiloculated well-defined cystic lesion in the medial compartment of the sartorius muscle, containing smaller round-shaped cysts, hypointense in T2-weighted, and mostly favorable of daughter cysts, which is characteristic of echinococcosis.""]}"
PMC5905859_01,Tuberculosis,Disseminated peritoneal tuberculosis,Paracoccidioidomycosis | Prostatic tuberculosis,high,1,1,41,81,20,"{""primary_diagnosis"": ""Disseminated peritoneal tuberculosis"", ""confidence"": ""high"", ""differential_diagnoses"": [""Paracoccidioidomycosis"", ""Prostatic tuberculosis""], ""key_evidence"": [""Peritoneal biopsy confirmed peritoneal tuberculosis by showing caseating granulomas and positive AFB staining."", ""Disseminated peritoneal tuberculosis was caused by pan-sensitive Mycobacterium tuberculosis."", ""Prostatic tuberculosis clinically and radiographically mimicked prostate cancer.""]}"
PMC5964188_02,Zika Virus,Tuberculosis,Schistosomiasis | Mycetoma,high,0,0,49,63,20,"{""primary_diagnosis"": ""Tuberculosis"", ""confidence"": ""high"", ""differential_diagnoses"": [""Schistosomiasis"", ""Mycetoma""], ""key_evidence"": [""Lower limb weakness, tetraparesis, and respiratory insufficiency are consistent with spinal cord involvement by tuberculosis."", ""The patient's history of fever, rash, and vomiting, along with the presence of spinal cord compression, supports the diagnosis of spinal tuberculosis."", ""The patient's history of a stillbirth and the presence of multiple malformations in the fetus, including microcephaly and micrognathia, are consistent with congenital zika syndrome, which can be caused by maternal Zika virus infection."", ""The patient's history of spinal cord compression from spinal neurocysticercosis is also a potential differential diagnosis.""]}"
PMC6126086_01,Leptospirosis,Dengue,Leptospirosis | Melioidosis,high,0,1,38,100,20,"{""primary_diagnosis"": ""Dengue"", ""confidence"": ""high"", ""differential_diagnoses"": [""Leptospirosis"", ""Melioidosis""], ""key_evidence"": [""The patient presented with a 3-day history of fatigue and bilateral thigh pain, which is a common symptom of dengue fever."", ""The patient had a history of working in a metropolitan city, which is a high-risk area for dengue transmission."", ""The patient's laboratory findings included elevated creatine kinase (CK) levels (3494 U/L), which is consistent with rhabdomyolysis, a known complication of dengue fever."", ""The patient developed significant hyperbilirubinemia (total bilirubin of 41 mg/dL, direct bilirubin of 38 mg/dL) and jaundice, which is a hallmark of dengue fever."", ""The patient's renal biopsy showed acute tubular necrosis, interstitial hemorrhage, and capillaritis, which are consistent with severe dengue fever."", ""The patient's liver biopsy showed marked canalicular and intracellular cholestasis, which is consistent with severe dengue fever and hyperbilirubinemia."", ""The patient's history of working in a metropolitan city and the absence of other risk factors for leptospirosis and melioidosis make dengue the most likely diagnosis.""]}"
PMC6194729_01,Neurocysticercosis,Leishmaniasis,Melioidosis | Malaria,high,0,0,46,84,20,"{""primary_diagnosis"": ""Leishmaniasis"", ""confidence"": ""high"", ""differential_diagnoses"": [""Melioidosis"", ""Malaria""], ""key_evidence"": [""The patient presented with headaches and diminished vision over the last 4 months, which is consistent with the ocular manifestations of mucocutaneous leishmaniasis, including papule formation and visual impairment."", ""The patient's history of living in Cape Verde, a region where leishmaniasis is endemic, supports the diagnosis of mucocutaneous leishmaniasis."", ""The MRI findings of a cystic lesion with an eccentric mural nodule in the right-sided lateral ventricle, causing outflow obstruction through the ipsilateral interventricular foramen of Monro, is consistent with neurocysticercosis, but the patient's history and clinical presentation are more suggestive of leishmaniasis.""]}"
PMC6311234_01,Soil-Transmitted Helminths,Ascariasis,Gallstones | Gallbladder tuberculosis,high,0,0,46,123,20,"{""primary_diagnosis"": ""Ascariasis"", ""confidence"": ""high"", ""differential_diagnoses"": [""Gallstones"", ""Gallbladder tuberculosis""], ""key_evidence"": [""The patient had a history of abdominal pain, vomiting, and jaundice, which are classic symptoms of ascariasis, including obstruction of the common bile duct by adult worms."", ""The patient's laboratory findings showed significant eosinophilia, which is a hallmark of ascariasis."", ""The patient's imaging showed echogenic debris in the gallbladder, which could be due to the presence of adult worms in the biliary tract.""]}"
PMC6542496_01,Tuberculosis,Tuberculosis,Leprosy | Mycetoma,high,1,1,47,95,20,"{""primary_diagnosis"": ""Tuberculosis"", ""confidence"": ""high"", ""differential_diagnoses"": [""Leprosy"", ""Mycetoma""], ""key_evidence"": [""Breast tuberculosis presented clinically as a tender, movable breast mass."", ""Histopathological examination revealed multifocal caseous necrosis and granulomas characteristic of tuberculosis."", ""Fine needle aspiration cytology demonstrated granulomatous inflammation supporting the diagnosis of breast tuberculosis."", ""Chest CT revealed active pulmonary tuberculosis lesions and tracked their resolution over time."", ""Breast biopsy showed necrotizing granulomatous inflammation and abscess formation consistent with tuberculosis.""]}"
PMC6607461_01,Tuberculosis,Tuberculosis,Neuromelioidosis | Melioidosis,high,1,1,46,127,20,"{""primary_diagnosis"": ""Tuberculosis"", ""confidence"": ""high"", ""differential_diagnoses"": [""Neuromelioidosis"", ""Melioidosis""], ""key_evidence"": [""Persistent headache, bilateral exophthalmos, neck stiffness, and positive Kernig/Brudzinski signs."", ""Multiple loculated masses around the right lateral ventricle, third ventricle, and fourth ventricle on MRI, suggestive of intracranial involvement."", ""Presence of a thalamic tuberculoma on MRI, which is a manifestation of tuberculosis in the brain."", ""Presence of a right thalamic lesion with surrounding edema on MRI, consistent with tuberculous meningitis."", ""Presence of a right thalamic lesion with surrounding edema on MRI, consistent with tuberculous meningitis."", ""Presence of a right thalamic lesion with surrounding edema on MRI, consistent with tuberculous meningitis.""]}"
PMC6713851_01,Cholera,Melioidosis,Leptospirosis | Schistosomiasis,high,0,0,54,148,20,"{""primary_diagnosis"": ""Melioidosis"", ""confidence"": ""high"", ""differential_diagnoses"": [""Leptospirosis"", ""Schistosomiasis""], ""key_evidence"": [""The patient had a history of travel to Pakistan, which is an endemic area for melioidosis."", ""The patient presented with severe abdominal pain, which is a common symptom of melioidosis, and the patient's condition worsened with acute kidney injury, a known complication of melioidosis."", ""The patient's travel history to Pakistan and the presence of melioidosis in endemic areas provided epidemiological risk factors for melioidosis."", ""Laboratory findings such as elevated creatinine and urea levels, along with the presence of melioidosis in endemic areas, support the diagnosis of melioidosis.""]}"
PMC6713851_02,Cholera,Melioidosis,Paracoccidioidomycosis | Scabies,high,0,0,45,79,20,"{""primary_diagnosis"": ""Melioidosis"", ""confidence"": ""high"", ""differential_diagnoses"": [""Paracoccidioidomycosis"", ""Scabies""], ""key_evidence"": [""The patient had a history of travel to endemic areas (Nigeria) and received oral trimethoprim-sulfamethoxazole therapy for melioidosis."", ""The patient had a history of soil exposure and skin lesions suggestive of scabies.""]}"
PMC6791407_01,Talaromycosis,Tuberculosis,Paracoccidioidomycosis | Melioidosis,high,0,0,42,147,16,"{""primary_diagnosis"": ""Tuberculosis"", ""confidence"": ""high"", ""differential_diagnoses"": [""Paracoccidioidomycosis"", ""Melioidosis""], ""key_evidence"": [""Chest computed tomography (CT) demonstrated progressive enlargement of the right hilar lymph nodes and newly developed thickening of the interlobular septa in the right upper lobe, consistent with tuberculosis."", ""Multiple enlarged lymph nodes in the mediastinum were suspected of tumors on chest CT scan, which could be a sign of tuberculosis."", ""The patient had a history of recurrent fever and cough, which are common symptoms of tuberculosis."", ""The patient's chest CT scan showed bilateral pulmonary infiltrates, which is a characteristic finding in pulmonary tuberculosis."", ""The patient's laboratory tests showed a white blood cell count of 13.1 x 10^9/L, which is elevated in tuberculosis."", ""The patient's chest CT scan also showed bilateral pleural effusion and mediastinal lymphadenopathy, which are consistent with disseminated tuberculosis.""]}"
PMC6859027_01,Tuberculosis,Tuberculosis,Leishmaniasis | Melioidosis,high,1,1,49,135,20,"{""primary_diagnosis"": ""Tuberculosis"", ""confidence"": ""high"", ""differential_diagnoses"": [""Leishmaniasis"", ""Melioidosis""], ""key_evidence"": [""The patient presented with generalized tonic-clonic seizures, which are a hallmark of tuberculous meningitis."", ""The patient had lymphocytic pleocytosis in the cerebrospinal fluid, which is consistent with tuberculous meningitis."", ""The patient had lymphocytic pleocytosis in the cerebrospinal fluid with protein content of 139 mg% and sugar of 92 mg% (corresponding blood sugar 85 mg%)."", ""The patient had a history of fever, headache, vomiting, and altered mental status, which are common symptoms of tuberculous meningitis."", ""The patient had a history of lymphadenopathy, which is a common finding in disseminated tuberculosis."", ""The patient had a history of fever, headache, and vomiting, which are common symptoms of tuberculous meningitis."", ""The patient had a history of fever, headache, and vomiting, which are common symptoms of tuberculous meningitis.""]}"
PMC6859027_02,Tuberculosis,Schistosomiasis,Leishmaniasis | Melioidosis,high,0,0,39,148,20,"{""primary_diagnosis"": ""Schistosomiasis"", ""confidence"": ""high"", ""differential_diagnoses"": [""Leishmaniasis"", ""Melioidosis""], ""key_evidence"": [""The patient presented with bilateral papilledema, which is a common sign of raised intracranial pressure associated with Schistosomiasis."", ""The patient's history of peri-urban residence in South Sudan, a region with endemic Schistosomiasis, particularly with Schistosoma mansoni species, supports the differential diagnosis of Schistosomiasis."", ""The patient's neurological examination showed grade 2 weakness of the lower limbs, right more than left, and areflexia, which involved absent knee, ankle, and plantar reflexes, consistent with the presentation of conus medullaris neuroschistosomiasis.""]}"
PMC6912930_01,Tuberculosis,Echinococcosis,Hydatid cyst | Tuberculosis,high,0,1,46,133,20,"{""primary_diagnosis"": ""Echinococcosis"", ""confidence"": ""high"", ""differential_diagnoses"": [""Hydatid cyst"", ""Tuberculosis""], ""key_evidence"": [""Abdominal ultrasound and CT scan showing a large cystic lesion with pseudotumor appearance, peritoneal enhancement, ascites, and tubal dilation indicative of infection."", ""Histopathologic examination of the resected specimen confirmed the hydatid nature of the cyst."", ""Patient's history of living in an endemic region for echinococcosis.""]}"
PMC6912930_02,Tuberculosis,Echinococcosis,Schistosomiasis | Melioidosis,high,0,0,47,96,20,"{""primary_diagnosis"": ""Echinococcosis"", ""confidence"": ""high"", ""differential_diagnoses"": [""Schistosomiasis"", ""Melioidosis""], ""key_evidence"": [""The patient presented with a palpable abdominal mass in the left upper quadrant, which is characteristic of echinococcosis (hydatid cyst)."", ""The patient had a history of living in an endemic area for echinococcosis, which is consistent with the patient's background."", ""The abdominal ultrasound showed a multilocular cystic mass, which is a typical finding in echinococcosis.""]}"
PMC7264046_01,Echinococcosis,Echinococcosis,Schistosomiasis | Melioidosis,high,1,1,46,143,20,"{""primary_diagnosis"": ""Echinococcosis"", ""confidence"": ""high"", ""differential_diagnoses"": [""Schistosomiasis"", ""Melioidosis""], ""key_evidence"": [""Multiple hydatid cysts in the liver and peritoneum, with a history of contact with animals such as dogs, sheep, and donkeys."", ""The presence of a retrovesical hydatid cyst, which is an uncommon pelvic presentation of echinococcosis."", ""The presence of multiple cysts in the liver and peritoneum, which is characteristic of echinococcosis.""]}"
PMC7585787_01,Leishmaniasis,Cutaneous leishmaniasis,Melioidosis | Malaria,high,1,1,45,56,20,"{""primary_diagnosis"": ""Cutaneous leishmaniasis"", ""confidence"": ""high"", ""differential_diagnoses"": [""Melioidosis"", ""Malaria""], ""key_evidence"": [""Multiple ulcerated skin lesions on the face, hands, and nose, which are characteristic of cutaneous leishmaniasis."", ""The patient's history of living in rural areas and having a history of cutaneous lesions that progressed over time, which is consistent with cutaneous leishmaniasis."", ""The patient's history of living in the southern region of Saudi Arabia, where cutaneous leishmaniasis is endemic, supports the diagnosis of cutaneous leishmaniasis.""]}"
PMC7669275_02,Paracoccidioidomycosis,Talaromycosis,Paracoccidioidomycosis | Melioidosis,high,0,1,46,135,20,"{""primary_diagnosis"": ""Talaromycosis"", ""confidence"": ""high"", ""differential_diagnoses"": [""Paracoccidioidomycosis"", ""Melioidosis""], ""key_evidence"": [""HRCT Chest demonstrated tree-in-bud opacities and pulmonary nodules indicating active Pulmonary Tuberculosis."", ""The patient had a history of prolonged exposure to wood dust and had a cutaneous lesion 16 years earlier."", ""The patient had a history of HIV infection and had received antifungal treatment with itraconazole."", ""The patient had a history of living in a rural area close to a deforestation area and had a history of heavy smoking."", ""The patient had a history of pulmonary infiltrates, lymphadenopathy, and hypoplasia of the thymus on chest CT."", ""The patient had a history of disseminated talaromycosis and pneumonia."", ""The patient had a history of pulmonary tuberculosis and had received antifungals without therapeutic effect.""]}"
PMC7821813_01,Tuberculosis,Paracoccidioidomycosis,Leprosy | Cutaneous leishmaniasis,high,0,0,42,141,20,"{""primary_diagnosis"": ""Paracoccidioidomycosis"", ""confidence"": ""high"", ""differential_diagnoses"": [""Leprosy"", ""Cutaneous leishmaniasis""], ""key_evidence"": [""The patient presented with a persistent non-tender erythematous plaque over the right upper back, which is a characteristic cutaneous lesion of Paracoccidioidomycosis."", ""The patient's history of a roadside fall and the development of a hyperkeratotic plaque with a warty surface, which is consistent with the cutaneous lesions of Paracoccidioidomycosis."", ""The patient's history of a prior history of cutaneous lesions, which is consistent with the chronic nature of Paracoccidioidomycosis."", ""The patient's history of a history of cutaneous lesions, which is consistent with the chronic nature of Paracoccidioidomycosis.""]}"
PMC7821813_02,Tuberculosis,Melioidosis,Cholera | Tuberculosis,high,0,1,43,65,20,"{""primary_diagnosis"": ""Melioidosis"", ""confidence"": ""high"", ""differential_diagnoses"": [""Cholera"", ""Tuberculosis""], ""key_evidence"": [""The patient had a history of long-standing cough, bloody cough, night sweats, and weight loss, which are classic symptoms of tuberculosis. However, the patient's symptoms did not show any significant improvement with standard anti-tuberculosis treatment."", ""The patient had a history of long-standing cough, bloody cough, night sweats, and weight loss, which are classic symptoms of tuberculosis. However, the patient's symptoms did not show any significant improvement with standard anti-tuberculosis treatment."", ""The patient had a history of long-standing cough, bloody cough, night sweats, and weight loss, which are classic symptoms of tuberculosis. However, the patient's symptoms did not show any significant improvement with standard anti-tuberculosis treatment."", ""The patient had a history of long-standing cough, bloody cough, night sweats, and weight loss, which are classic symptoms of tuberculosis. However, the patient's symptoms did not show any significant improvement with standard anti-tuberculosis treatment.""]}"
PMC8415062_01,Malaria,Melioidosis,Echinococcosis | Leishmaniasis,high,0,0,48,64,20,"{""primary_diagnosis"": ""Melioidosis"", ""confidence"": ""high"", ""differential_diagnoses"": [""Echinococcosis"", ""Leishmaniasis""], ""key_evidence"": [""The patient had a history of working as a labourer in the timber industry, which is a known risk factor for melioidosis in endemic regions."", ""The patient's history of working in endemic areas for melioidosis (Pulau Sebatik Island) and his current comorbidities (hypertension, congestive cardiac failure) are consistent with melioidosis development."", ""The patient's history of working in endemic areas for melioidosis (Pulau Sebatik Island) and his current comorbidities (hypertension, congestive cardiac failure) are consistent with melioidosis development."", ""The patient's history of working in endemic areas for melioidosis (Pulau Sebatik Island) and his current comorbidities (hypertension, congestive cardiac failure) are consistent with melioidosis development.""]}"
PMC8494489_01,Leprosy,Melioidosis,Leptospirosis | Tuberculosis,high,0,0,43,98,20,"{""primary_diagnosis"": ""Melioidosis"", ""confidence"": ""high"", ""differential_diagnoses"": [""Leptospirosis"", ""Tuberculosis""], ""key_evidence"": [""The patient had a history of international travel to countries where melioidosis is endemic (Kuwait, Qatar, Egypt, Japan, and Italy)."", ""Laboratory findings included elevated serum amylase and lipase, which are common in melioidosis. The patient also had a history of abdominal pain and weight loss, which are associated with melioidosis."", ""The patient's history of travel and the presence of multiple organ involvement (pancreatitis, renal impairment, and pulmonary involvement) are consistent with disseminated melioidosis.""]}"
PMC8635719_01,Leishmaniasis,Tuberculosis,Leishmaniasis | Melioidosis,high,0,1,46,83,20,"{""primary_diagnosis"": ""Tuberculosis"", ""confidence"": ""high"", ""differential_diagnoses"": [""Leishmaniasis"", ""Melioidosis""], ""key_evidence"": [""The patient had a history of working in coalmines, which is a risk factor for tuberculosis."", ""The patient had a history of recurrent fever, which is a common symptom of tuberculosis."", ""The patient's hematological findings, including pancytopenia, thrombocytopenia, and hypofibrinogenemia, are consistent with secondary hemophagocytic syndrome, which can be a complication of tuberculosis."", ""The patient's bone marrow aspiration and bone marrow cytology findings were consistent with tuberculosis."", ""The patient's fever persisted despite initial treatment with anti-tubercular drugs, suggesting a possible drug-resistant strain or co-infection.""]}"
PMC8635719_02,Leishmaniasis,Melioidosis,Schistosomiasis | Tuberculosis,high,0,0,52,56,20,"{""primary_diagnosis"": ""Melioidosis"", ""confidence"": ""high"", ""differential_diagnoses"": [""Schistosomiasis"", ""Tuberculosis""], ""key_evidence"": [""The patient had a history of mosquito bites and picked Zanthoxylum seeds in Hancheng, China 8 years ago, which is an endemic region for melioidosis."", ""Laboratory tests revealed high levels of CRP (97.3 mg/L) and abnormal coagulation, and pancytopenia. The patient also had a history of esophageal cancer and received surgical treatment one and a half years ago."", ""The patient had splenomegaly and axillary and inguinal lymphadenopathy, which are common findings in melioidosis."", ""The patient had a history of esophageal cancer and received surgical treatment one and a half years ago, which could have predisposed the patient to melioidosis."", ""The patient had a history of esophageal cancer and received surgical treatment one and a half years ago, which could have predisposed the patient to melioidosis.""]}"
PMC8635719_03,Leishmaniasis,Melioidosis,Leptospirosis | Tuberculosis,high,0,0,50,164,20,"{""primary_diagnosis"": ""Melioidosis"", ""confidence"": ""high"", ""differential_diagnoses"": [""Leptospirosis"", ""Tuberculosis""], ""key_evidence"": [""The patient had a history of mosquito bites, which is a risk factor for melioidosis."", ""The patient had splenomegaly, which is a common finding in melioidosis."", ""The patient had elevated liver enzymes (AST 121 U/L; ALT 36 U/L), which can be seen in melioidosis."", ""The patient had pancytopenia, which is a hematologic complication of melioidosis."", ""The patient had renal impairment (serum creatinine 641 μmol/L), which can occur in melioidosis."", ""The patient had a history of picking Zanthoxylum seeds, which is a risk factor for melioidosis."", ""The patient had a history of splenomegaly, which is a common finding in melioidosis."", ""The patient had a history of multiple skin petechiae, which can be seen in melioidosis."", ""The patient had a history of anemia (hemoglobin 12 g/dL), which can be a hematologic complication of melioidosis."", ""The patient had a history of fever, which can be seen in melioidosis."", ""The patient had a history of splenomegaly, which is a common finding in melioidosis.""]}"
PMC8635719_04,Leishmaniasis,Leishmaniasis,Malaria | Tuberculosis,high,1,1,43,105,20,"{""primary_diagnosis"": ""Leishmaniasis"", ""confidence"": ""high"", ""differential_diagnoses"": [""Malaria"", ""Tuberculosis""], ""key_evidence"": [""The patient had a 3-week history of fever and pancytopenia, which is consistent with pancytopenia seen in visceral leishmaniasis."", ""The patient had a history of working in coalmines in Hebei Province, Shanxi Province, and Henan Province for more than 10 years, which is an endemic area for leishmaniasis."", ""Laboratory examination revealed pancytopenia, coagulation abnormalities, and elevated liver enzyme levels, which are consistent with the hematologic and hepatic manifestations of visceral leishmaniasis."", ""The patient had a diffuse red rash, which is a characteristic skin manifestation of cutaneous leishmaniasis."", ""The patient had splenomegaly, which is a common finding in visceral leishmaniasis."", ""The patient had a history of fever, which is a common presenting symptom of visceral leishmaniasis."", ""The patient had a history of travel to an endemic area for leishmaniasis, which is consistent with the patient's history of working in coalmines in Hebei Province, Shanxi Province, and Henan Province."", ""The patient had a history of pancytopenia, which is a hallmark of visceral leishmaniasis."", ""The patient had a history of splenic sequestration, which is a common finding in visceral leishmaniasis."", ""The patient had a history of splenomegaly, which is a common finding in visceral leishmaniasis.""]}"
PMC9075046_01,Echinococcosis,Tuberculosis,Melioidosis | Scabies,high,0,0,51,69,20,"{""primary_diagnosis"": ""Tuberculosis"", ""confidence"": ""high"", ""differential_diagnoses"": [""Melioidosis"", ""Scabies""], ""key_evidence"": [""The patient presented with abdominal pain, fever, and diarrhea, which are common symptoms of tuberculosis. The patient's history of travel to East Africa and the presence of a giant amoebic liver abscess, which is a severe extraintestinal manifestation of amebiasis, are consistent with the presentation of tuberculosis in an endemic region."", ""The presence of a giant amoebic liver abscess is a severe extraintestinal manifestation of amebiasis, which is not consistent with the primary diagnosis of tuberculosis. This suggests that the primary diagnosis is more likely to be tuberculosis."", ""The patient's history of travel to East Africa and the presence of a giant amoebic liver abscess are not consistent with the primary diagnosis of tuberculosis. This suggests that the primary diagnosis is more likely to be melioidosis or scabies.""]}"
PMC9512064_01,Soil-Transmitted Helminths,Pulmonary Tuberculosis,Miliary Tuberculosis | Pulmonary Echinococcosis,high,0,0,46,100,20,"{""primary_diagnosis"": ""Pulmonary Tuberculosis"", ""confidence"": ""high"", ""differential_diagnoses"": [""Miliary Tuberculosis"", ""Pulmonary Echinococcosis""], ""key_evidence"": [""Computed tomography (CT) of the chest and abdomen showed several right-sided pulmonary nodules, a large left-sided pleural effusion, and diffuse small and large bowel wall thickening with enlarged mesenteric lymph nodes."", ""Bronchial biopsy histopathology confirmed bronchial tuberculosis."", ""The patient developed worsening Hypoxia alongside labored breathing and severe Dyspnea."", ""The patient had a history of unexplained weight loss, cough productive of whitish sputum, and drenching night sweats."", ""Computed tomography demonstrated pulmonary nodules, pleural effusion, and colonic thickening characteristic of tuberculosis.""]}"
PMC9637879_01,Leishmaniasis,Cutaneous amebiasis,Scabies | Melioidosis,high,0,0,49,79,20,"{""primary_diagnosis"": ""Cutaneous amebiasis"", ""confidence"": ""high"", ""differential_diagnoses"": [""Scabies"", ""Melioidosis""], ""key_evidence"": [""The patient presented with painless, non-healing skin lesions on the right hand, which developed into firm, painless subcutaneous nodules."", ""Cutaneous amebiasis is an extremely rare dermatological presentation of amebiasis, involving the skin and subcutaneous tissues."", ""Cutaneous amebiasis specifically involves the skin and subcutaneous tissues, as evidenced by the presence of cutaneous amebiasis in the medical knowledge graph.""]}"
PMC9643409_01,Echinococcosis,Echinococcosis,Schistosomiasis | Melioidosis,high,1,1,43,119,20,"{""primary_diagnosis"": ""Echinococcosis"", ""confidence"": ""high"", ""differential_diagnoses"": [""Schistosomiasis"", ""Melioidosis""], ""key_evidence"": [""The patient presented with a painless cystic swelling over the right lateral upper chest area, which was initially small but gradually increased in size over the mentioned course of period. The cystic lesion was found to be in the right pectoralis major muscle with multiple daughter cysts."", ""The patient had a history of close contact with livestock and dogs, which is a risk factor for Echinococcus granulosus infection."", ""Ultrasound and CT scan findings were consistent with a multiseptated hypodense cystic lesion in the right pectoralis major muscle with no intralesional calcification and no intrathoracic extension, suggestive of a hydatid cyst.""]}"
PMC9795171_01,Echinococcosis,Leishmaniasis,Malaria | Schistosomiasis,high,0,0,43,86,20,"{""primary_diagnosis"": ""Leishmaniasis"", ""confidence"": ""high"", ""differential_diagnoses"": [""Malaria"", ""Schistosomiasis""], ""key_evidence"": [""The patient presented with right upper quadrant and epigastric pain, which is a common symptom of cutaneous leishmaniasis. The patient also had a history of owning many dogs, which is a risk factor for cutaneous leishmaniasis."", ""The patient's laboratory findings, including eosinophilia (22.1%), were consistent with a parasitic infection, which is characteristic of leishmaniasis."", ""The patient's chest X-ray was normal, which is not typical for malaria or schistosomiasis, but could be explained by the patient's history of pulmonary tuberculosis."", ""The patient's abdominal ultrasound showed a hypoechoic lesion in the right lobe of the liver, which is consistent with a hydatid cyst, a finding more commonly associated with echinococcosis rather than leishmaniasis.""]}"
PMC9930586_01,Tuberculosis,Tuberculosis,Paracoccidioidomycosis | Melioidosis,high,1,1,49,153,18,"{""primary_diagnosis"": ""Tuberculosis"", ""confidence"": ""high"", ""differential_diagnoses"": [""Paracoccidioidomycosis"", ""Melioidosis""], ""key_evidence"": [""Chest computed tomography (CT) revealed multiple bilateral pulmonary nodules including tuberculous lesions."", ""Antitubercular therapy consisting of ethambutol, isoniazid, pyrazinamide, and rifampicin was administered for tuberculosis."", ""The patient had a history of recurrent fever and cough, which are common symptoms of pulmonary tuberculosis."", ""The patient had a history of HIV infection, which can complicate tuberculosis and lead to more severe forms of the disease.""]}"
PMC10298620_01,Leprosy,Tuberculosis,Leprosy | Melioidosis,high,0,1,53,170,20,"{""primary_diagnosis"": ""Tuberculosis"", ""confidence"": ""high"", ""differential_diagnoses"": [""Leprosy"", ""Melioidosis""], ""key_evidence"": [""Multiple firm, crusted, and purulent nodules located on the neck, axilla, arms, and head (subcutaneous lesions)."", ""History of low-grade fever for 15 days, associated with redness, pain and discharge from eye, and nasal stuffiness (suggestive of disseminated tuberculosis)."", ""Positive family history in the father (suggestive of disseminated tuberculosis)."", ""Histopathology revealed epidermis with orthokeratosis, hypergranulosis, flattened rete ridges, and spongiosis, along with a dense perivascular, perifollicular, and perineural lymphomononuclear cell infiltrate (consistent with tuberculosis)."", ""Negative images seen within the macrophages and in the extracellular background on ZN stain (consistent with tuberculosis)."", ""Disseminated tuberculosis was treated with an induction regimen including ethambutol (consistent with tuberculosis).""]}"
PMC10332771_01,Neurocysticercosis,Tuberculosis,Paracoccidioidomycosis | Leprosy,high,0,0,50,137,20,"{""primary_diagnosis"": ""Tuberculosis"", ""confidence"": ""high"", ""differential_diagnoses"": [""Paracoccidioidomycosis"", ""Leprosy""], ""key_evidence"": [""The patient had a history of recent immigration from Central America, which is a risk factor for tuberculosis."", ""The patient had a history of seizures, which can be a symptom of disseminated tuberculosis."", ""The patient had a history of HIV infection, which predisposes to opportunistic infections including tuberculosis."", ""The patient had multiple cystic lesions with ring enhancement on CT, which can be seen in disseminated tuberculosis."", ""The patient had a history of recent travel to a rural area with pigs, which is a risk factor for tuberculosis."", ""The patient had a history of recent hospitalization for seizures, which can be a sign of underlying tuberculosis.""]}"
PMC10499287_01,Mycetoma,,,unknown,1,0,54,69,20,"{""error"": """", ""primary_diagnosis"": """", ""differential_diagnoses"": []}"
PMC10550213_01,Mycetoma,Mycetoma,Echinococcosis | Leprosy,high,1,1,49,71,20,"{""primary_diagnosis"": ""Mycetoma"", ""confidence"": ""high"", ""differential_diagnoses"": [""Echinococcosis"", ""Leprosy""], ""key_evidence"": [""The patient presented with painful nodular lesions on his left foot following a traumatic injury, which progressed to purulent lesions with sanguinolent discharge, draining fistulas, and elimination of grains. Histopathological evaluation revealed granulomas and fibrosis."", ""The patient had a clinical triad of chronic induration, draining sinuses, and discharge of granules, which are characteristic of mycetoma."", ""The patient's presentation with chronic induration, draining sinuses, and discharge of granules is consistent with the clinical triad of mycetoma.""]}"
PMC10583546_01,Talaromycosis,Tuberculosis,Schistosomiasis | Melioidosis,high,0,0,41,159,14,"{""primary_diagnosis"": ""Tuberculosis"", ""confidence"": ""high"", ""differential_diagnoses"": [""Schistosomiasis"", ""Melioidosis""], ""key_evidence"": [""Persistent high-grade fever, chest pain, and infiltrative changes in the left lung on chest CT scan."", ""Multiple mediastinal lymph node enlargements, especially subcarinal lymphadenopathy, and local interlobular septal thickening and patchy high-density shadows in the left lung."", ""Positive anti-IFN-gamma autoantibodies, suggesting an immune dysregulation condition that could be associated with tuberculosis."", ""Negative bacterial and fungal cultures of blood and sputum, and negative bronchoalveolar lavage fluid culture of [MASK].""]}"
PMC10823326_01,Leishmaniasis,Paracoccidioidomycosis,Scabies | Leprosy,high,0,0,30,20,20,"{""primary_diagnosis"": ""Paracoccidioidomycosis"", ""confidence"": ""high"", ""differential_diagnoses"": [""Scabies"", ""Leprosy""], ""key_evidence"": [""The patient had persistent nodular lesions over the genitalia and foreskin, which are characteristic of Paracoccidioidomycosis."", ""The patient had a history of multiple skin lesions, including nodules and ulcers, which are consistent with the cutaneous manifestations of Paracoccidioidomycosis."", ""The patient's skin biopsy showed a dermis infiltrated with lymphocytes, plasma cells, and histiocytes, which is consistent with the histopathological findings in Paracoccidioidomycosis.""]}"
PMC10927241_01,Echinococcosis,Melioidosis,Schistosomiasis | Paracoccidioidomycosis,high,0,0,42,92,20,"{""primary_diagnosis"": ""Melioidosis"", ""confidence"": ""high"", ""differential_diagnoses"": [""Schistosomiasis"", ""Paracoccidioidomycosis""], ""key_evidence"": [""The patient's history of temporary residence in Kashmir, a region with endemic melioidosis, and the presence of multiple cystic lesions and necrotic areas in the liver biopsy, which are characteristic of melioidosis."", ""The presence of multiple cystic lesions and necrotic areas in the liver biopsy, which are also seen in schistosomiasis and paracoccidioidomycosis, but the patient's history and clinical presentation lean more towards melioidosis.""]}"
PMC11087666_01,Malaria,Malaria,Schistosomiasis | Paracoccidioidomycosis,high,1,1,43,63,20,"{""primary_diagnosis"": ""Malaria"", ""confidence"": ""high"", ""differential_diagnoses"": [""Schistosomiasis"", ""Paracoccidioidomycosis""], ""key_evidence"": [""The patient had a history of travel to Nigeria, a country where malaria is endemic."", ""The patient presented with fever, headache, and myalgia, which are common symptoms of malaria."", ""Laboratory tests identified hemoglobin 6.2 g/dL, hematocrit 17.4%, leukocytes 5,820/mm3 and platelets 50,000/microL, which are consistent with severe malaria."", ""The patient had a recent malaria outbreak confirmed in a rural settlement neighboring the region where the patient and his family resided.""]}"
PMC11227676_01,Tuberculosis,Tuberculosis,Leptospirosis | Melioidosis,high,1,1,40,159,20,"{""primary_diagnosis"": ""Tuberculosis"", ""confidence"": ""high"", ""differential_diagnoses"": [""Leptospirosis"", ""Melioidosis""], ""key_evidence"": [""Multiple contrast-filled outpouchings from branches of left pulmonary artery adjacent to fibrocavitary and fibro-bronchiectatic changes on CT and DSA, suggestive of pulmonary TB."", ""Hemoptysis resolving following pulmonary embolization, a common complication of active pulmonary TB."", ""Previous history of pulmonary TB one year ago, which was successfully treated with 6 months of therapy."", ""Low-grade fever, a common constitutional symptom of active pulmonary TB."", ""The patient's presentation with hemoptysis, chest pain, and fever is consistent with the clinical presentation of pulmonary TB.""]}"
PMC11682806_01,Leprosy,Lepromatous leprosy,Borderline lepromatous leprosy | Neurocysticercosis,high,1,1,30,73,20,"{""primary_diagnosis"": ""Lepromatous leprosy"", ""confidence"": ""high"", ""differential_diagnoses"": [""Borderline lepromatous leprosy"", ""Neurocysticercosis""], ""key_evidence"": [""The patient presented with multiple indurated annular plaques on the back, which is a characteristic feature of lepromatous leprosy."", ""The patient's history of sensory diminution at the center of the skin plaque is consistent with borderline lepromatous leprosy."", ""The patient's history of leprosy and the presence of annular plaques suggest the possibility of lepromatous leprosy."", ""The patient's history of sensory diminution at the center of the skin plaque is consistent with borderline lepromatous leprosy."", ""The patient's history of sensory diminution at the center of the skin plaque is consistent with borderline lepromatous leprosy.""]}"
PMC11787950_01,Echinococcosis,Echinococcosis,Leishmaniasis | Melioidosis,high,1,1,45,68,20,"{""primary_diagnosis"": ""Echinococcosis"", ""confidence"": ""high"", ""differential_diagnoses"": [""Leishmaniasis"", ""Melioidosis""], ""key_evidence"": [""The patient is a 50-year-old male from Sri Lanka, a region endemic for echinococcosis."", ""The patient presented with a history of left hip and back pain for 1 month, associated with fever, malaise, and loss of appetite."", ""The physical examination revealed a palpable mass reaching up to the umbilicus on the left side, with tenderness and irregularity."", ""The CT scan showed a large mass measuring 17.5x15x10 cm, containing air fluid levels and heterogeneous contents with predominant low-density areas, elevating the left dome of the diaphragm."", ""The patient had a history of diabetes mellitus, which is a risk factor for echinococcosis."", ""The patient's history of chronic alcoholism and smoking, which are risk factors for echinococcosis, was noted."", ""The patient's clinical presentation, including the presence of a large mass and the presence of multiple abscesses, is consistent with echinococcosis.""]}"
PMC12340403_01,Tuberculosis,Pelvic tuberculosis,Ovarian cancer | Leprosy,high,1,1,54,63,20,"{""primary_diagnosis"": ""Pelvic tuberculosis"", ""confidence"": ""high"", ""differential_diagnoses"": [""Ovarian cancer"", ""Leprosy""], ""key_evidence"": [""Pelvic tuberculosis presented clinically with persistent pelvic discomfort, hypochromic, anesthetic macular lesions, and severe deformity of the hands, hypochromic, anesthetic macular lesions (Figure 1)."", ""Pelvic tuberculosis was anatomically localized to the pelvis and peritoneum, involving the peritoneum with diffuse nodularity, and producing ascites within the peritoneal cavity."", ""Pelvic tuberculosis was caused by Mycobacterium tuberculosis, as confirmed by histopathological examination and culture of the peritoneal biopsy specimen."", ""Pelvic tuberculosis was anatomically localized to the pelvis and peritoneum, involving the peritoneum with diffuse nodularity, and producing ascites within the peritoneal cavity."", ""Pelvic tuberculosis was caused by Mycobacterium tuberculosis complex, as confirmed by histopathological examination and culture of the peritoneal biopsy specimen.""]}"
PMC1847505_01,Mycetoma,Paracoccidioidomycosis,Melioidosis | Scabies,high,0,0,43,81,20,"{""primary_diagnosis"": ""Paracoccidioidomycosis"", ""confidence"": ""high"", ""differential_diagnoses"": [""Melioidosis"", ""Scabies""], ""key_evidence"": [""The patient had a history of mild abdominal pain localized to the epigastrium and right upper quadrant for more than a month, weight loss, and loss of appetite. The physical examination revealed several abdominal masses spread to the whole abdomen measuring between 3 and 5 cm. Histopathological examination of the excised lesion revealed macroscopically 4 masses of soft tissue measuring 1, 2, 4.5, and 4 cm, which is consistent with the presentation of paracoccidioidomycosis."", ""The patient had a history of mild abdominal pain localized to the epigastrium and right upper quadrant for more than a month, weight loss, and loss of appetite. The physical examination revealed several abdominal masses spread to the whole abdomen measuring between 3 and 5 cm. Histopathological examination of the excised lesion revealed macroscopically 4 masses of soft tissue measuring 1, 2, 4.5, and 4 cm, which is consistent with the presentation of paracoccidioidomycosis.""]}"
PMC3396855_01,Malaria,Tuberculosis,Schistosomiasis | Malaria,high,0,1,43,121,20,"{""primary_diagnosis"": ""Tuberculosis"", ""confidence"": ""high"", ""differential_diagnoses"": [""Schistosomiasis"", ""Malaria""], ""key_evidence"": [""The patient had a history of travel to endemic areas (Nigeria, Cameroon, and Senegal) and presented with fever, abdominal pain, and bloody stools. The patient's history of travel and exposure to endemic areas strongly suggests a diagnosis of tuberculosis, given the presence of a giant amoebic liver abscess and the patient's history of travel to endemic areas for tuberculosis."", ""The patient's history of travel to endemic areas (Nigeria, Cameroon, and Senegal) and the presence of a giant amoebic liver abscess are key epidemiological and clinical findings supporting the diagnosis of tuberculosis."", ""The patient's history of travel to endemic areas (Nigeria, Cameroon, and Senegal) and the presence of a giant amoebic liver abscess are key epidemiological and clinical findings supporting the diagnosis of tuberculosis.""]}"
PMC3459876_01,Dengue,Dengue,Scrub Typhus | Malaria,high,1,1,43,68,20,"{""primary_diagnosis"": ""Dengue"", ""confidence"": ""high"", ""differential_diagnoses"": [""Scrub Typhus"", ""Malaria""], ""key_evidence"": [""The patient had a history of fever, myalgia, arthralgia, and vomiting, which are common symptoms of dengue fever."", ""The patient had a history of mosquito bites and travel to endemic areas, which is a risk factor for dengue infection."", ""The patient's laboratory findings, including elevated liver enzymes and platelet count, are consistent with dengue infection."", ""The patient's clinical presentation, including the presence of a rash, is consistent with dengue fever."", ""The patient's travel history to endemic areas for dengue, such as India and Benin, supports the diagnosis of dengue."", ""The patient's recent travel history and exposure to mosquitoes in the context of the outbreak in the region supports the diagnosis of dengue."", ""The patient's laboratory test for dengue virus was positive, confirming the diagnosis of dengue infection.""]}"
PMC3568890_01,Tuberculosis,Melioidosis,Malaria | Paracoccidioidomycosis,high,0,0,52,112,20,"{""primary_diagnosis"": ""Melioidosis"", ""confidence"": ""high"", ""differential_diagnoses"": [""Malaria"", ""Paracoccidioidomycosis""], ""key_evidence"": [""The patient presented with a history of recurrent cough (productive initially, then dry), fever, and generalized weight loss. These symptoms are consistent with melioidosis, a tropical disease caused by Burkholderia pseudomallei, which can present with chronic cough, fever, and weight loss."", ""The patient's history of recurrent fever and cough, along with the absence of a history of contact with a patient with pulmonary tuberculosis, supports the differential diagnosis of melioidosis over tuberculosis."", ""The patient's presentation of generalized muscle wasting and hypopigmented spots, along with the absence of typical tuberculosis findings on chest X-ray, supports the differential diagnosis of melioidosis over tuberculosis.""]}"
PMC3573453_01,Tuberculosis,Leprosy,Paracoccidioidomycosis | Melioidosis,high,0,0,43,55,20,"{""primary_diagnosis"": ""Leprosy"", ""confidence"": ""high"", ""differential_diagnoses"": [""Paracoccidioidomycosis"", ""Melioidosis""], ""key_evidence"": [""The patient had a history of ulcerative colitis and a known case of ulcerative colitis on prophylactic sulfasalazine for 10 years."", ""The patient presented with painful, expanding ulcers over the left leg, which started as small follicular pustules and evolved into ulcers involving most of the pretibial region."", ""The patient had a history of similar lesions in the past, one over the dorsal aspect of the right feet and two over the back, which resolved with cribriform scarring."", ""The patient had severe left-sided hip pain with complaints of burning micturition and increased urinary frequency, and was diagnosed with disseminated tuberculosis as documented in the MRI and urinary PCR reports."", ""The patient had a history of tuberculosis in his family, and the patient himself had a history of tuberculosis seven years ago."", ""The patient had a history of untreated cough and night sweats without fever in the past two years, which could be suggestive of tuberculosis."", ""The patient had a positive tuberculin skin test (15 mm induration after 48 h).""]}"
PMC3579065_03,Neurocysticercosis,Neurocysticercosis,Schistosomiasis | Mycetoma,high,1,1,52,65,20,"{""primary_diagnosis"": ""Neurocysticercosis"", ""confidence"": ""high"", ""differential_diagnoses"": [""Schistosomiasis"", ""Mycetoma""], ""key_evidence"": [""Brain MRI showed multiple intracranial cysts predominantly in the right frontal region with significant mass effect, which is consistent with Neurocysticercosis.""]}"
PMC3579065_04,Neurocysticercosis,Echinococcosis,Leishmaniasis | Melioidosis,high,0,0,44,54,20,"{""primary_diagnosis"": ""Echinococcosis"", ""confidence"": ""high"", ""differential_diagnoses"": [""Leishmaniasis"", ""Melioidosis""], ""key_evidence"": [""The patient underwent surgical resection of a hydatid cyst, which is a hallmark of echinococcosis."", ""The patient had a history of multiple hepatic and renal hydatid cysts, which is consistent with echinococcosis."", ""The patient's presentation included abdominal pain, abdominal mass, and multiple cystic lesions, which are common in echinococcosis.""]}"
PMC3593509_01,Echinococcosis,Echinococcosis,Schistosomiasis | Mycetoma,high,1,1,29,46,20,"{""primary_diagnosis"": ""Echinococcosis"", ""confidence"": ""high"", ""differential_diagnoses"": [""Schistosomiasis"", ""Mycetoma""], ""key_evidence"": [""The patient presented with recurrent colicky abdominal pain, intermittent passage of small, white grape-like structures in the urine, and dysuria. The ultrasonography and CT scan revealed a multiseptate cyst in the left kidney with multiple daughter cysts, giving rise to a spoke wheel pattern."", ""The patient's history of farming occupation in a rural environment provided an epidemiological risk factor for echinococcosis."", ""The presence of multiple daughter cysts and the typical spoke wheel pattern on imaging is characteristic of echinococcosis.""]}"
PMC3919864_01,Tuberculosis,Tuberculosis,Melioidosis | Leishmaniasis,high,1,1,40,161,18,"{""primary_diagnosis"": ""Tuberculosis"", ""confidence"": ""high"", ""differential_diagnoses"": [""Melioidosis"", ""Leishmaniasis""], ""key_evidence"": [""The patient had a history of fever for two months, which is a prominent clinical manifestation of disseminated extrapulmonary tuberculosis."", ""The patient had a history of fever, cough, fatigue, and weight loss, which are common symptoms of tuberculosis."", ""The patient had a history of fever, cough, fatigue, and weight loss, which are common symptoms of tuberculosis."", ""The patient had a history of fever, cough, fatigue, and weight loss, which are common symptoms of tuberculosis.""]}"
PMC3992805_01,Leishmaniasis,Leprosy,Tuberculosis | Mycetoma,high,0,0,39,142,20,"{""primary_diagnosis"": ""Leprosy"", ""confidence"": ""high"", ""differential_diagnoses"": [""Tuberculosis"", ""Mycetoma""], ""key_evidence"": [""Multiple, diffuse, non-ulcerating, papulonodular and non-itchy skin lesions of size 2-18 mm over the limbs, with a history of first appearance on the feet and then over the hands."", ""History of HIV infection and antiretroviral therapy (ART) for 11/2 years, with mild lymphocytic and plasma cell infiltrate noted on skin biopsy."", ""Hypopigmented macules across the arms, legs, and trunk, consistent with lepromatous leprosy."", ""Low CD4 count (126 cells/muL) and HIV viral load <47 copies/mL, indicating severe immunosuppression."", ""Skin biopsy showing dense dermal inflammatory infiltrates and abundant intracellular amastigotes, supporting the diagnosis of lepromatous leprosy.""]}"
PMC3992805_02,Leishmaniasis,Tuberculosis,Leishmaniasis | Paracoccidioidomycosis,high,0,1,40,154,20,"{""primary_diagnosis"": ""Tuberculosis"", ""confidence"": ""high"", ""differential_diagnoses"": [""Leishmaniasis"", ""Paracoccidioidomycosis""], ""key_evidence"": [""Multiple bilateral asymmetrical diffuse, papulonodular, non-itchy skin lesions of size 2-25 mm on the face, trunk and extremities."", ""History of HIV infection and ART treatment for 9 months."", ""Severe anemia (Hb-9.1 g/dL)."", ""CD4 count of 50 cells/microL and HIV viral load of 1750 copies/mL."", ""Mild lymphocytic and plasma cell infiltrate noted in skin biopsy."", ""Progressive skin lesions with no signs of ulceration and scarring."", ""No history of travel to endemic areas of [MASK]."", ""Initial suspicion of histoplasmosis ruled out by skin biopsy."", ""Disseminated tuberculosis was a concurrent infection in the setting of advanced HIV infection."", ""Skin biopsy showed epithelioid cell granulomas with peripheral lymphocytes and perineural infiltration, consistent with tuberculosis.""]}"
PMC4005210_01,Scrub Typhus,Dengue,Leptospirosis | Melioidosis,high,0,0,52,129,19,"{""primary_diagnosis"": ""Dengue"", ""confidence"": ""high"", ""differential_diagnoses"": [""Leptospirosis"", ""Melioidosis""], ""key_evidence"": [""The patient had a history of fever and body ache for last 8 days, which developed 3 days prior to admission."", ""The patient had four episodes of generalized tonic clonic seizures within 2 days prior to admission."", ""The patient had a Glasgow Coma Score (GCS) of 8, with eye opening, verbal response, and motor response of 2, 4, and 2 respectively."", ""The patient had bilateral diffuse crackles on chest examination, and the arterial blood gas analysis revealed a pH of 7.302; PaCO2, 23 mmHg; PaO2, 51 mmHg; HCO3-, 11.4 mEq/L; and PaO2/FiO2 ratio of 60 (partly compensated metabolic acidosis)."", ""The patient had a history of fever and body ache for last 8 days, which developed 3 days prior to admission."", ""The patient had a history of generalized tonic clonic seizures within 2 days prior to admission."", ""The patient had a history of fever and body ache for last 8 days, which developed 3 days prior to admission."", ""The patient had a history of fever and body ache for last 8 days, which developed 3 days prior to admission.""]}"
PMC4005210_02,Scrub Typhus,Melioidosis,Schistosomiasis | Tuberculosis,high,0,0,50,86,20,"{""primary_diagnosis"": ""Melioidosis"", ""confidence"": ""high"", ""differential_diagnoses"": [""Schistosomiasis"", ""Tuberculosis""], ""key_evidence"": [""The patient had a history of agricultural activities and consumption of local food, which is a known risk factor for melioidosis."", ""The patient presented with fever, cough, productive cough, and progressive shortness of breath, which are common symptoms of melioidosis."", ""Laboratory investigations revealed elevated liver enzymes and bilirubin levels, which are consistent with severe melioidosis."", ""The patient's chest radiograph showed bilateral diffuse infiltrates, which can be seen in disseminated melioidosis."", ""The patient's clinical course, including the development of multiorgan failure and succumbing to the illness, is consistent with severe melioidosis.""]}"
PMC4150339_01,Echinococcosis|Tuberculosis,Tuberculosis,Schistosomiasis | Melioidosis,high,1,1,48,163,20,"{""primary_diagnosis"": ""Tuberculosis"", ""confidence"": ""high"", ""differential_diagnoses"": [""Schistosomiasis"", ""Melioidosis""], ""key_evidence"": [""Fine needle aspiration cytology confirmed tuberculosis by showing epithelioid clusters and caseous necrosis."", ""Histopathology of the excised lymph node confirmed tuberculosis by demonstrating caseous necrosis, epithelioid cells, and acid-fast bacilli."", ""The patient had multiple left axillary lymph nodes with pain in the largest one, which were discrete, firm, and mobile, ranging in size from 0.8 to 2.0 cm."", ""The patient had a history of contact with a dog, which is a known risk factor for tuberculosis.""]}"
PMC4154285_01,Tuberculosis,Tuberculosis,Scrub Typhus | Melioidosis,high,1,1,41,151,19,"{""primary_diagnosis"": ""Tuberculosis"", ""confidence"": ""high"", ""differential_diagnoses"": [""Scrub Typhus"", ""Melioidosis""], ""key_evidence"": [""The patient had a history of occupational exposure to silica, which predisposed to silicotuberculosis."", ""The patient had a history of recurrent lower respiratory tract infections, which is a common presentation of pulmonary tuberculosis."", ""The patient had a history of hemoptysis, which is a classic symptom of pulmonary tuberculosis."", ""The patient had a history of fever, which is a common presenting symptom of pulmonary tuberculosis."", ""The patient had a history of immunosuppression due to anti-TNF therapy, which can predispose to tuberculosis."", ""The patient had a history of pulmonary infiltrates on chest imaging, which is a common finding in pulmonary tuberculosis."", ""The patient had a history of hemoptysis, which is a major presenting symptom of silicotuberculosis."", ""The patient had a history of hemoptysis, which is a major presenting symptom of pulmonary tuberculosis."", ""The patient had a history of hemoptysis, which is a major presenting symptom of silicotuberculosis.""]}"
PMC4285239_01,Dengue,Dengue,Schistosomiasis | Melioidosis,high,1,1,44,39,20,"{""primary_diagnosis"": ""Dengue"", ""confidence"": ""high"", ""differential_diagnoses"": [""Schistosomiasis"", ""Melioidosis""], ""key_evidence"": [""The patient had a fever with chills, myalgia, and headache, which are common symptoms of dengue fever."", ""The patient had a history of travel to Japan, which is endemic for dengue fever."", ""The patient's symptoms developed after multiple mosquito bites, which is a known risk factor for dengue fever."", ""Laboratory results showed elevated liver enzymes and hyponatremia, which are consistent with dengue fever."", ""The patient's rash was described as a diffuse maculopapular rash, which is a characteristic feature of dengue fever."", ""The outbreak in Yoyogi Park, Tokyo, where the patient stayed, aligns with the patient's travel history and the known vector for dengue virus (Aedes albopictus).""]}"
PMC4329688_01,Dengue,Tuberculous meningitis,Dengue encephalitis | Neurocysticercosis,high,0,1,44,138,20,"{""primary_diagnosis"": ""Tuberculous meningitis"", ""confidence"": ""high"", ""differential_diagnoses"": [""Dengue encephalitis"", ""Neurocysticercosis""], ""key_evidence"": [""The patient had a history of fever, headache, vomiting, and seizures, which are common symptoms of both tuberculous meningitis and dengue encephalitis. However, the presence of pleocytosis (81% lymphocytes) in the cerebrospinal fluid (CSF) analysis, elevated protein levels, and the absence of hemorrhage in the lesions are more indicative of tuberculous meningitis."", ""The patient's MRI showed multifocal T2-weighted and FLAIR hyperintensities in bilateral cerebral hemispheres, which is consistent with neurocysticercosis. However, the presence of lymphocytic pleocytosis in the CSF and the absence of hemorrhage in the lesions are more consistent with tuberculous meningitis."", ""The patient's history of immunosuppression due to kidney transplant and chronic immunosuppressive therapy with mycophenolate and tacrolimus, combined with the presence of pleocytosis and elevated protein levels in the CSF, supports the diagnosis of tuberculous meningitis.""]}"
PMC4341258_01,Tuberculosis,Tuberculosis,Leprosy | Melioidosis,high,1,1,52,113,20,"{""primary_diagnosis"": ""Tuberculosis"", ""confidence"": ""high"", ""differential_diagnoses"": [""Leprosy"", ""Melioidosis""], ""key_evidence"": [""The patient presented with a rapidly enlarging neck mass, which is a classic presentation of thyroid tuberculosis."", ""The patient had a history of tuberculosis exposure, which is a risk factor for developing extrapulmonary tuberculosis, including thyroid tuberculosis."", ""The patient's thyroid swelling was associated with a history of tuberculosis exposure, suggesting a possible extrapulmonary manifestation of tuberculosis.""]}"
PMC4534593_01,Amebiasis,Melioidosis,Leishmaniasis | Tuberculosis,high,0,0,41,89,20,"{""primary_diagnosis"": ""Melioidosis"", ""confidence"": ""high"", ""differential_diagnoses"": [""Leishmaniasis"", ""Tuberculosis""], ""key_evidence"": [""Multiple small, scattered nonspecific pulmonary nodules and a 7 mm noncalcified lateral anterior right upper lobe nodule on CT scan, suggestive of hydatid cyst."", ""Right upper quadrant pain localized to the inflamed liver, which is a common presentation of hepatic hydatid cyst."", ""The patient's history of recent travel to West Africa, which is endemic for hydatid disease."", ""The presence of multiple liver abscesses and thrombosis of the hepatic portion of the IVC, which are characteristic findings in melioidosis."", ""The patient's history of chronic alcohol abuse, which is a risk factor for melioidosis."", ""The patient's presentation of fever, abdominal pain, and right upper quadrant pain, which are common symptoms of melioidosis.""]}"
PMC4763575_01,Leprosy,Leprosy,Norwegian scabies | Cutaneous leishmaniasis,high,1,1,55,107,20,"{""primary_diagnosis"": ""Leprosy"", ""confidence"": ""high"", ""differential_diagnoses"": [""Norwegian scabies"", ""Cutaneous leishmaniasis""], ""key_evidence"": [""The patient presented with multiple painful, erythematous skin lesions over extremities, face, and abdomen of 2 days duration."", ""Multiple erythematous, tender papules, and nodules were present on the face and also on trunk and extremities."", ""The patient had a history of VL 8 months back, which is consistent with leprosy."", ""The patient had a history of leprosy in their family, which is a risk factor for leprosy."", ""Biopsies of the left wrist and left forearm were obtained, which is a common diagnostic step for leprosy."", ""The patient had decreased sensations in the affected areas, which is a characteristic feature of leprosy."", ""The patient had a history of HIV infection and was on antiretroviral therapy, which can affect leprosy progression."", ""The patient had a history of exposure to ultraviolet radiation, which can be a risk factor for leprosy.""]}"
PMC5124455_01,Viral Hemorrhagic Fevers,Meningococcal Meningitis,Tuberculous Meningitis | Neurocysticercosis,high,0,0,40,135,20,"{""primary_diagnosis"": ""Meningococcal Meningitis"", ""confidence"": ""high"", ""differential_diagnoses"": [""Tuberculous Meningitis"", ""Neurocysticercosis""], ""key_evidence"": [""Severe headache, neck stiffness, and fever with meningismus sign (positive Kernig's sign)."", ""Cerebrospinal fluid (CSF) analysis revealed leucocytosis with 85% lymphocytes, suggesting a neutrophilic meningitis."", ""The patient's presentation is consistent with a severe bacterial meningitis, which is common in tropical regions and can be caused by Neisseria meningitidis.""]}"
PMC5124455_02,Viral Hemorrhagic Fevers,Melioidosis,Dengue | Leptospirosis,high,0,0,44,162,18,"{""primary_diagnosis"": ""Melioidosis"", ""confidence"": ""high"", ""differential_diagnoses"": [""Dengue"", ""Leptospirosis""], ""key_evidence"": [""The patient presented with fever, headache, vomiting, and neck pain. The symptoms were persistent and severe, with a high-grade fever (38.7°C) and associated chills and rigors. The patient had a history of fever in his town of residence, which could be indicative of an outbreak. The clinical presentation, including the high fever, headache, and vomiting, is consistent with melioidosis, a disease characterized by fever and multi-system involvement.""]}"
PMC5124455_03,Viral Hemorrhagic Fevers,Malaria,Schistosomiasis | Leptospirosis,high,0,0,40,141,20,"{""primary_diagnosis"": ""Malaria"", ""confidence"": ""high"", ""differential_diagnoses"": [""Schistosomiasis"", ""Leptospirosis""], ""key_evidence"": [""The patient presented with recurrent fever of one-week duration, associated with chills and rigors, headache, and neck stiffness. The patient had a history of recurrent fever associated with chills and rigors, which was a primary clinical manifestation of the malaria recrudescence."", ""The patient had a history of malaise and easy fatigability for last 3 weeks, which is consistent with the clinical presentation of malaria."", ""The patient had a history of malaise and easy fatigability for last 3 weeks, which is consistent with the clinical presentation of malaria. Additionally, the patient had a history of malaise and easy fatigability for last 3 weeks, which is consistent with the clinical presentation of malaria."", ""The patient had a history of malaise and easy fatigability for last 3 weeks, which is consistent with the clinical presentation of malaria. Additionally, the patient had a history of malaise and easy fatigability for last 3 weeks, which is consistent with the clinical presentation of malaria.""]}"
PMC5124455_04,Viral Hemorrhagic Fevers,Tuberculous meningitis,Meningococcal meningitis | Cryptococcal meningitis,high,0,0,43,67,20,"{""primary_diagnosis"": ""Tuberculous meningitis"", ""confidence"": ""high"", ""differential_diagnoses"": [""Meningococcal meningitis"", ""Cryptococcal meningitis""], ""key_evidence"": [""Lumbar puncture confirmed tuberculous meningoencephalitis through characteristic CSF abnormalities (elevated ADA and cobweb coagulum)."", ""CSF analysis showed elevated ADA and lymphocytic pleocytosis characteristic of tuberculous meningitis."", ""Cryptococcal antigen test on CSF confirmed the diagnosis of cryptococcal meningitis."", ""Meningitis manifested in the cerebrospinal fluid where elevated white cells and bacteria were identified.""]}"
PMC5248410_01,Neurocysticercosis,Scrub Typhus,Melioidosis | Neurocysticercosis,high,0,1,52,163,20,"{""primary_diagnosis"": ""Scrub Typhus"", ""confidence"": ""high"", ""differential_diagnoses"": [""Melioidosis"", ""Neurocysticercosis""], ""key_evidence"": [""Multiple central T2W hyperintense lesions in bilateral cerebral hemispheres involving frontotemporo-parietal occipital, basal ganglia, thalami, and bilateral cerebellar hemispheres, suggestive of central nervous system involvement."", ""Severe headache, associated with nausea and at times vomiting, which was exacerbated by office stress, consistent with the presentation of scrub typhus meningitis."", ""Prostration, a severe physical weakness and exhaustion reported by the patient upon presentation, which is a common presenting symptom of scrub typhus."", ""Cerebrospinal fluid analysis showing polymorph pleocytosis, elevated protein, and low glucose, consistent with the findings in scrub typhus meningitis.""]}"
PMC5438857_01,Soil-Transmitted Helminths,Melioidosis,Amebiasis | Strongyloides stercoralis,high,0,0,46,87,20,"{""primary_diagnosis"": ""Melioidosis"", ""confidence"": ""high"", ""differential_diagnoses"": [""Amebiasis"", ""Strongyloides stercoralis""], ""key_evidence"": [""The patient had a history of significant travel to jungle regions of Peru and Brazil two decades ago, which is a risk factor for melioidosis."", ""The patient presented with abdominal pain, hematochezia, and diarrhea, which are common symptoms of melioidosis."", ""The patient's laboratory findings, including leukocytosis and eosinophilia, are consistent with a parasitic infection such as Strongyloides stercoralis or melioidosis."", ""The patient's abdominal ultrasound showed a pathological mass in the liver with a diameter of about 12 cm, which is suggestive of melioidosis."", ""The patient's blood cultures were positive for Gram-negative rods, which could indicate a bacterial infection, including melioidosis.""]}"
PMC5483369_01,Tuberculosis,Melioidosis,Paracoccidioidomycosis | Talaromycosis,high,0,0,48,130,20,"{""primary_diagnosis"": ""Melioidosis"", ""confidence"": ""high"", ""differential_diagnoses"": [""Paracoccidioidomycosis"", ""Talaromycosis""], ""key_evidence"": [""Multiple mediastinal and mesenteric lymphadenopathies, segmental thickening of colic wall and ascites, and a 2/6 diastolic heart murmur. The patient's history and presentation are consistent with disseminated melioidosis, which can present with lymphadenopathy and mesenteric involvement."", ""The presence of a 28 x 28 mm mass located at the anterior mitral valve, fusing to the mitro-aortic junction and along the proximal aortic wall, is a characteristic finding in melioidosis, which can cause myocardial involvement and pericardial effusion.""]}"
PMC5749200_01,Echinococcosis,Echinococcosis,Schistosomiasis | Melioidosis,high,1,1,51,126,20,"{""primary_diagnosis"": ""Echinococcosis"", ""confidence"": ""high"", ""differential_diagnoses"": [""Schistosomiasis"", ""Melioidosis""], ""key_evidence"": [""The patient presented with a painful and progressive swelling over her right thigh region, evolving for five years. She had no medical history, fever, or trauma. Clinical examination revealed multiple palpable mass in the postero-lateral aspect of the right thigh, with a firm consistency, the largest of which was located in the gluteal region and measured approximately 30 x 35cm."", ""The patient had a history of contact with animals such as dog, cattle, and sheep, which is a risk factor for hydatid cyst infection."", ""The ultrasonography exam revealed multiple cysts located in the subcutaneous and muscular tissue, and magnetic resonance imaging depicted multiple cystic formations on the posterolateral and anterior aspects of the right thigh root and gluteal region, occupying mainly subcutaneous fat, gluteus maximus muscle and subaponeurotic fat of the hamstring compartment.""]}"
PMC5779778_01,Echinococcosis,Echinococcosis,Schistosomiasis | Melioidosis,high,1,1,47,54,20,"{""primary_diagnosis"": ""Echinococcosis"", ""confidence"": ""high"", ""differential_diagnoses"": [""Schistosomiasis"", ""Melioidosis""], ""key_evidence"": [""The patient's history of frequent business travels to endemic regions like Sichuan and Guangxi provinces for prolonged periods, which is a known risk factor for echinococcosis."", ""The presence of multiple well-defined hypoechoic masses with septations in the abdomen, which is characteristic of echinococcosis."", ""The patient's history of a 8 cm x 8 cm x 7 cm milky white mass at the left adnexa, which could be a hydatid cyst, a manifestation of echinococcosis."", ""The presence of ascites and multiple implants in the peritoneal surfaces, which is consistent with the presentation of echinococcal disease."", ""The patient's history of bilateral salpingo-oophorectomy, which could have been performed to address a tubo-ovarian abscess, a complication of echinococcosis.""]}"
PMC5917533_01,Tuberculosis,Tuberculosis,Leishmaniasis | Melioidosis,high,1,1,43,48,20,"{""primary_diagnosis"": ""Tuberculosis"", ""confidence"": ""high"", ""differential_diagnoses"": [""Leishmaniasis"", ""Melioidosis""], ""key_evidence"": [""The patient presented with intermittent fever for two months, weight loss, and abdominal pain. Chest X-ray showed scattered path on both lung and left pleural effusion. Left thoracentesis was performed, and the lab results of pleural effusion showed positive GeneXpertMTB/RIF for pleural effusion."", ""The patient had a history of kidney transplantation and developed hepatic nodules, up to 15 mm. Anti-tuberculous therapy was not started because she suddenly died soon after the diagnosis was made on the 14th hospital admission."", ""The patient had a history of tuberculosis and had a positive tuberculin skin test (18 mm, 1 TU). CT-Chest showed random micronodules without lymphadenopathy."", ""The patient had a history of leprosy and had a positive family history of leprosy. Biopsies of the left wrist and left forearm were obtained.""]}"
PMC6131835_02,Scabies,Tuberculosis,Paracoccidioidomycosis | Leishmaniasis,high,0,0,36,96,20,"{""primary_diagnosis"": ""Tuberculosis"", ""confidence"": ""high"", ""differential_diagnoses"": [""Paracoccidioidomycosis"", ""Leishmaniasis""], ""key_evidence"": [""The patient had a history of uncontrolled HIV infection, which predisposed to disseminated tuberculosis."", ""The patient had a history of recurrent fever, productive cough, and abdominal swelling, which are common symptoms of tuberculosis."", ""The patient had a CD4 count of 13% and was on antiretroviral therapy, which is consistent with advanced HIV infection and predisposing to opportunistic infections like tuberculosis.""]}"
PMC6335926_01,Tuberculosis,Melioidosis,Dengue | Leptospirosis,high,0,0,40,152,20,"{""primary_diagnosis"": ""Melioidosis"", ""confidence"": ""high"", ""differential_diagnoses"": [""Dengue"", ""Leptospirosis""], ""key_evidence"": [""The patient presented with a 1-month history of abdominal pain, headache, and nightly fevers, and a 1-week history of seizures, which are consistent with melioidosis. The patient's presentation of meningeal signs, including neck rigidity and bilateral abducens palsy, is also consistent with meningeal involvement, which can occur in melioidosis."", ""The patient's history of fever, headache, and abdominal pain, along with the presence of spinal tenderness and bilateral abducens palsy, are also consistent with dengue. However, the patient's history of melioidosis exposure and the absence of typical dengue symptoms such as rash and hemorrhagic manifestations make melioidosis a more likely diagnosis."", ""Leptospirosis can present with similar meningeal signs and fever, but the patient's history of melioidosis exposure and the absence of typical leptospirosis symptoms such as jaundice and renal failure make melioidosis a more likely diagnosis.""]}"
PMC6345088_01,Leprosy,Malaria,Scabies | Tuberculosis,high,0,0,46,118,20,"{""primary_diagnosis"": ""Malaria"", ""confidence"": ""high"", ""differential_diagnoses"": [""Scabies"", ""Tuberculosis""], ""key_evidence"": [""The patient had a history of fever for 2 days, with a maximum temperature of 40.7°C, and a Glasgow score of 11/15."", ""The patient had a history of thrombocytopenia (12,000/mm3) and anemia (8.0 g/dL), which are common in severe falciparum malaria."", ""The patient had a history of jaundice, which can be a complication of severe malaria."", ""The patient had a history of a previous diagnosis of tuberculosis, which could complicate the current presentation."", ""The patient had a history of receiving quinine treatment, which is commonly used for severe falciparum malaria."", ""The patient had a history of a positive rapid diagnostic test for P. falciparum, which is consistent with malaria."", ""The patient had a history of oliguria and port wine-colored urine, which can be seen in severe malaria."", ""The patient had a history of a high PLASMIC score, which is associated with severe falciparum malaria.""]}"
PMC6375019_01,Tuberculosis,Melioidosis,Leptospirosis | Malaria,high,0,0,39,101,20,"{""primary_diagnosis"": ""Melioidosis"", ""confidence"": ""high"", ""differential_diagnoses"": [""Leptospirosis"", ""Malaria""], ""key_evidence"": [""The patient had hypercalcemia-induced acute severe pancreatitis which led to acute RCN and severe renal failure requiring dialysis. The cause of hypercalcemia is increased secretion of 1, 25-dihydroxyvitamin D from the granulomatous tissue in the terminal ileum, which is secondary to [MASK]."", ""Laboratory parameters of the patient before and after [MASK] have been depicted in Table 1."", ""Severe hypercalcemia (>2,000 ng/ml) occurred as part of the systemic inflammatory response in visceral leishmaniasis."", ""Severe hypercalcemia with elevated PTHrP occurred as a result of disseminated tuberculosis."", ""Severe hypercalcemia with elevated PTHrP occurred as a result of extrapulmonary tuberculosis."", ""Severe hypercalcemia with elevated PTHrP occurred as a result of renal tuberculosis.""]}"
PMC6612987_01,Scrub Typhus,Echinococcosis,Melioidosis | Schistosomiasis,high,0,0,43,168,20,"{""primary_diagnosis"": ""Echinococcosis"", ""confidence"": ""high"", ""differential_diagnoses"": [""Melioidosis"", ""Schistosomiasis""], ""key_evidence"": [""The patient presented with severe right upper quadrant abdominal pain, fever, nausea, and vomiting, which are common symptoms of echinococcosis, especially when associated with gallbladder involvement."", ""The patient had multiple episodes of vomiting and abdominal fullness, which can be seen in echinococcosis, particularly when there is obstruction or inflammation of the biliary system."", ""The patient's laboratory findings included leukocytosis with neutrophilia, which is consistent with an inflammatory response to the echinococcal infection."", ""The patient's abdominal ultrasound revealed multiple cholelithiasis with distended gallbladder and a pericholecystic collection, which is a common finding in echinococcal disease involving the gallbladder."", ""The patient's clinical presentation, including the presence of abdominal pain, fever, and the presence of gallstones, is consistent with acute cholecystitis secondary to echinococcal cyst rupture into the gallbladder.""]}"
PMC6679697_01,Zika Virus,Zika virus,Microcephaly | Congenital Zika Syndrome,high,1,1,40,158,20,"{""primary_diagnosis"": ""Zika virus"", ""confidence"": ""high"", ""differential_diagnoses"": [""Microcephaly"", ""Congenital Zika Syndrome""], ""key_evidence"": [""The patient presented with multiple congenital abnormalities including microcephaly and limb reduction defects."", ""The patient had a history of maternal Zika virus infection during the third trimester of pregnancy."", ""The fetus displayed microcephaly and other malformations consistent with congenital Zika syndrome.""]}"
PMC6679697_02,Zika Virus,Zika virus infection,Microcephaly | Congenital cytomegalovirus infection,high,1,1,45,160,20,"{""primary_diagnosis"": ""Zika virus infection"", ""confidence"": ""high"", ""differential_diagnoses"": [""Microcephaly"", ""Congenital cytomegalovirus infection""], ""key_evidence"": [""The patient presented with severe underdevelopment of the fetal cranium and brain detected prenatally and on physical examination (microcephaly)."", ""The patient had a history of unquantified fever, pruritus and rash in the shoulder girdle and thorax in the first trimester when the pregnancy was unnoticed. No serological tests were performed for ZIKV at that time. Ultrasound was performed at 16.4 weeks of gestation with report of fetal growth within normal ranges; but at 23 weeks of gestation, the fetal hands were not identified. At 27.4 weeks of gestation, fetus was reported with microcephaly (DBP 58 mm); nuchal thickening, ventriculomegaly, hemisphere hypoplasia and cerebellar vermis were detected in the brain, and micrognathia, right radial aplasia, and arthrogryposis were also reported at that time.""]}"
PMC6735636_01,Schistosomiasis,Tuberculosis,Melioidosis | Leprosy,high,0,0,50,65,20,"{""primary_diagnosis"": ""Tuberculosis"", ""confidence"": ""high"", ""differential_diagnoses"": [""Melioidosis"", ""Leprosy""], ""key_evidence"": [""The patient presented with a history of weight loss, intermittent fever, nonproductive cough, thoracic pain, abdominal pain, and increased abdominal girth, nausea and vomiting, which are consistent with pulmonary and extrapulmonary tuberculosis."", ""The patient's clinical presentation, including the presence of miliary tubercles, splenic and hepatic involvement, and lymphadenopathy, are characteristic of disseminated tuberculosis."", ""Histopathologic examination of the resected specimen confirmed the hydatid nature of the cyst, which is consistent with echinococcosis, but the patient's clinical picture is more consistent with tuberculosis given the multiple organ involvement and the presence of miliary tubercles.""]}"
PMC6875249_01,Tuberculosis,Tuberculosis peritonitis,Leishmaniasis | Melioidosis,high,1,1,40,54,20,"{""primary_diagnosis"": ""Tuberculosis peritonitis"", ""confidence"": ""high"", ""differential_diagnoses"": [""Leishmaniasis"", ""Melioidosis""], ""key_evidence"": [""The patient had a history of contact with dogs and sheep, which is a risk factor for hydatid disease, but the ultrasound showed a cystic mass in the liver and a solid mass in the kidney, which is more consistent with hydatid disease rather than tuberculosis."", ""The patient's history of tuberculosis exposure and the presence of ascites and peritoneal nodules are consistent with tuberculosis peritonitis."", ""The patient's elevated CA-125 level and the presence of peritoneal nodules are more indicative of tuberculosis peritonitis than other tropical diseases.""]}"
PMC7102467_01,Malaria,Malaria,Dengue | Leptospirosis,high,1,1,38,153,20,"{""primary_diagnosis"": ""Malaria"", ""confidence"": ""high"", ""differential_diagnoses"": [""Dengue"", ""Leptospirosis""], ""key_evidence"": [""The patient had a recent travel history to Nigeria, a known endemic area for malaria."", ""The patient presented with fever, myalgia, and abdominal pain, which are common symptoms of malaria."", ""The patient's laboratory findings, including leukopenia and thrombocytopenia, are consistent with malaria."", ""The patient's peripheral blood smear showed ring forms of Plasmodium falciparum, confirming the diagnosis of malaria."", ""The patient's fever spikes and chills persisted despite initial treatment with oral medications, suggesting a severe form of malaria such as severe falciparum malaria.""]}"
PMC7266615_01,Leishmaniasis,Schistosomiasis,Melioidosis | Paracoccidioidomycosis,high,0,0,48,49,20,"{""primary_diagnosis"": ""Schistosomiasis"", ""confidence"": ""high"", ""differential_diagnoses"": [""Melioidosis"", ""Paracoccidioidomycosis""], ""key_evidence"": [""The patient presented with splenomegaly, pancytopenia, and terminal haematuria, which are common symptoms of schistosomiasis."", ""The patient's history of splenectomy and the presence of splenic lesions suggest a parasitic infection such as schistosomiasis."", ""The patient's history of residing in Assam, a recognized endemic region for melioidosis, and the absence of other tropical diseases like schistosomiasis.""]}"
PMC7266615_02,Leishmaniasis,Melioidosis,Leishmaniasis | Scrub Typhus,high,0,1,46,85,20,"{""primary_diagnosis"": ""Melioidosis"", ""confidence"": ""high"", ""differential_diagnoses"": [""Leishmaniasis"", ""Scrub Typhus""], ""key_evidence"": [""The patient had recurrent pancytopenia, persistent splenomegaly, and a history of five previous hospitalizations for [MASK]."", ""The patient underwent splenectomy and had multiple splenic abscesses and melioidosis lesions on imaging."", ""The patient had a history of splenic tuberculosis and subcapsular irritation, which can lead to splenic melioidosis."", ""The patient had a history of splenic abscesses developing as a paradoxical response to antituberculosis chemotherapy."", ""The patient had a history of splenic enlargement and multiple splenic cysts, which can be associated with echinococcosis."", ""The patient had a history of splenic abscesses and melioidosis lesions, which can be associated with splenic tuberculosis and subcapsular irritation.""]}"
PMC8077677_01,Echinococcosis,Echinococcosis,Schistosomiasis | Melioidosis,high,1,1,48,85,20,"{""primary_diagnosis"": ""Echinococcosis"", ""confidence"": ""high"", ""differential_diagnoses"": [""Schistosomiasis"", ""Melioidosis""], ""key_evidence"": [""The patient had a palpable abdominal mass in the left hypochondrium, which is consistent with splenic echinococcosis."", ""The patient had a history of contact with pet dogs, which is a risk factor for echinococcosis."", ""The ultrasound and CT scan showed a well-outlined complex cystic lesion arising from the infero-medial aspect of the left kidney, which is characteristic of echinococcosis."", ""Histopathologic examination confirmed the hydatid nature of the cyst, supporting the diagnosis of echinococcosis.""]}"
PMC8243228_01,Tuberculosis,Melioidosis,Leptospirosis | Tuberculosis,high,0,1,51,53,20,"{""primary_diagnosis"": ""Melioidosis"", ""confidence"": ""high"", ""differential_diagnoses"": [""Leptospirosis"", ""Tuberculosis""], ""key_evidence"": [""The patient had a history of poorly controlled diabetes mellitus, which is a significant predisposing risk factor for melioidosis."", ""The patient presented with severe abdominal pain, fever, and hypotension, which are common symptoms of melioidosis."", ""The patient's laboratory findings, including leukocytosis and hypoalbuminemia, are consistent with melioidosis."", ""The patient's abdominal ultrasound showed free fluid in the pelvic cavity associated with inflammatory signs of mesenteric fat, which is suggestive of a peritonitis-like condition, a common finding in melioidosis."", ""The patient's chest X-ray was normal, which is not typical for tuberculosis but could be explained by the timing of the imaging or other factors."", ""The patient's abdominal CT scan revealed multiple nodular implants in the spleen, gut, and peritoneal cavity, which is consistent with the imaging findings seen in melioidosis.""]}"
PMC8243228_02,Tuberculosis,Tuberculosis,Schistosomiasis | Melioidosis,high,1,1,48,172,20,"{""primary_diagnosis"": ""Tuberculosis"", ""confidence"": ""high"", ""differential_diagnoses"": [""Schistosomiasis"", ""Melioidosis""], ""key_evidence"": [""The patient presented with severe abdominal pain, distension, and guarding, which are classic signs of abdominal tuberculosis."", ""The patient had a history of incarceration, which is a risk factor for tuberculosis, particularly in the peritoneal cavity."", ""The patient's clinical presentation, including the diffuse abdominal pain, abdominal distension, and guarding, is consistent with peritoneal tuberculosis."", ""The patient's history of incarceration and the presence of nodular implants and granulomas in the peritoneum during surgery are consistent with peritoneal tuberculosis."", ""The patient's postoperative diagnosis of carcinomatosis, with multiple cerebroid nodules scattered through parietal and visceral peritoneum, is consistent with disseminated tuberculosis.""]}"
PMC8374937_02,Talaromycosis,Tuberculosis,Melioidosis | Leprosy,high,0,0,27,20,20,"{""primary_diagnosis"": ""Tuberculosis"", ""confidence"": ""high"", ""differential_diagnoses"": [""Melioidosis"", ""Leprosy""], ""key_evidence"": [""Upper abdominal computed tomography suggested that the spleen was enlarged with multiple low-density shadows, ascites and cholecystitis (Figure 1C). Echocardiography demonstrated moderate pericardial effusion."", ""The patient had a history of tuberculosis, with the last episode approximately two years prior, when he received isoniazid, rifampin, and pyrazinamide for two months, followed by four months of isoniazid and rifampin."", ""The patient had a history of rheumatic mitral-aortic and tricuspid polyvalvulopathy, for which he underwent a double mitral-aortic replacement with mechanical prosthesis and tricuspid annuloplasty in June 2009. He was also treated for cervical ganglion tuberculosis in 2011."", ""The patient had a history of pulmonary tuberculosis and was undergoing the treatment for the same (ATT category 2) since one month."", ""The patient had a history of splenomegaly and splenic infarcts, which is consistent with pericardial effusion and tuberculosis."", ""The patient had a history of bilateral pleural effusions, which is consistent with pericardial effusion and tuberculosis.""]}"
PMC8374937_03,Talaromycosis,Melioidosis,Cholera | Echinococcosis,high,0,0,43,59,20,"{""primary_diagnosis"": ""Melioidosis"", ""confidence"": ""high"", ""differential_diagnoses"": [""Cholera"", ""Echinococcosis""], ""key_evidence"": [""The patient presented with severe abdominal pain, fever, and free gas under the diaphragm on abdominal upright plain film, which are classic signs of acute peritonitis."", ""The exploratory laparotomy revealed bowel perforation with erosion, ulcers and polypoid lesions, which are consistent with the findings of intestinal perforation in melioidosis."", ""The patient's history of intermittent abdominal pain and the presence of multiple cysts on abdominal CT scan are consistent with echinococcosis.""]}"
PMC9309810_01,Tuberculosis,Tuberculosis,Leishmaniasis | Melioidosis,high,1,1,33,20,20,"{""primary_diagnosis"": ""Tuberculosis"", ""confidence"": ""high"", ""differential_diagnoses"": [""Leishmaniasis"", ""Melioidosis""], ""key_evidence"": [""Multiple miliary nodular lesions partially clustered and diffusely consolidated in both lungs on high-resolution computed tomography (CT) as seen in tuberculosis."", ""Persistent fever, which is a hallmark symptom of tuberculosis."", ""The patient's history of chronic hepatitis B, long-term oral antiviral treatment, and the presence of a miliary pattern on CT, which can be seen in disseminated tuberculosis."", ""The patient's history of a previous spontaneous abortion and the presence of bilateral papilledema, which can be associated with tuberculous meningitis, a complication of tuberculosis."", ""The patient's history of a previous spontaneous abortion and the presence of bilateral papilledema, which can be associated with tuberculous meningitis, a complication of tuberculosis.""]}"
PMC9393029_01,Amebiasis|Schistosomiasis,Dengue,Schistosomiasis | Melioidosis,high,0,1,48,99,20,"{""primary_diagnosis"": ""Dengue"", ""confidence"": ""high"", ""differential_diagnoses"": [""Schistosomiasis"", ""Melioidosis""], ""key_evidence"": [""The patient presented with a history of swimming in a pond, which is a common mode of transmission for dengue virus."", ""The patient had a history of high-grade intermittent fever, chills, rigors, arthralgia, and significant weight loss, which are common symptoms of dengue fever."", ""The patient's laboratory findings showed elevated transaminases (AST and ALT) and elevated bilirubin levels, which are consistent with dengue fever."", ""The patient's history of bloody diarrhea and vomiting, along with the presence of a liver mass on ultrasound, could be indicative of fulminant amoebic colitis, but the presence of fever and other systemic symptoms is more consistent with dengue fever."", ""The patient's laboratory results showed elevated liver enzymes and bilirubin, which are typical of dengue fever and can lead to acute kidney injury."", ""The patient's history of a self-limited itchy skin condition and the fact that similar cases had occurred in their town but resolved with local treatment, suggests a dengue-like illness.""]}"
PMC9533800_01,Tuberculosis,Tuberculosis,Melioidosis | Scabies,high,1,1,45,133,19,"{""primary_diagnosis"": ""Tuberculosis"", ""confidence"": ""high"", ""differential_diagnoses"": [""Melioidosis"", ""Scabies""], ""key_evidence"": [""The patient had a history of occupational exposure to [MASK] in [MASK] and delivered [MASK] medications to patients with active pulmonary [MASK]."", ""Computed tomography (CT) chest without contrast demonstrated evidence of diffuse ground-glass opacities, peri-pancreatic inflammation, and a moderate right-sided pleural effusion."", ""Pleural fluid ADA was performed with ARUP Laboratories and was interpreted as within normal limits at 18 U/L (reference range 0-30 U/L)."", ""Histopathological examination of resected lung specimens demonstrated caseating granulomas diagnostic of active tuberculosis."", ""The patient had a history of occupational exposure to [MASK] in [MASK] and delivered [MASK] medications to patients with active pulmonary [MASK]."", ""Previous imaging of the pancreatic pseudocyst showed a decrease in size compared to previous exam and was now measured as 25 x 19 x 17 mm."", ""Pleuritic chest pain was a prominent presenting symptom of pleural tuberculosis."", ""The patient had a history of recurrent pleural effusions and was found to have a recurrent large right pleural effusion requiring repeat thoracentesis.""]}"
PMC9816882_01,Tuberculosis,Melioidosis,Cholera | Tuberculosis,high,0,1,56,68,20,"{""primary_diagnosis"": ""Melioidosis"", ""confidence"": ""high"", ""differential_diagnoses"": [""Cholera"", ""Tuberculosis""], ""key_evidence"": [""The patient presented with nodular abscesses and cutaneous fistula, which are characteristic of Melioidosis. The abscesses and fistulas are often secondary to primary infection sites such as the lungs, skin, or urinary tract."", ""The patient's presentation of nodular abscesses and cutaneous fistulae is also consistent with Tuberculosis, but the specific nodular abscesses and fistulae are more suggestive of Melioidosis given the tropical nature of the presentation and the absence of pulmonary symptoms."", ""The patient's history of obesity and the presence of nodular abscesses and cutaneous fistulae are also consistent with Melioidosis, a tropical disease that commonly affects immunocompromised individuals.""]}"
PMC10248429_01,Tuberculosis,Tuberculosis,Melioidosis | Malaria,high,1,1,43,69,20,"{""primary_diagnosis"": ""Tuberculosis"", ""confidence"": ""high"", ""differential_diagnoses"": [""Melioidosis"", ""Malaria""], ""key_evidence"": [""The patient had a history of smoking for 50 years (20 cigarettes/day) but had quit smoking for 5 months."", ""The patient presented with a cough and sputum, chest distress, shortness of breath, and numbness of both lower limbs."", ""The patient had a history of tuberculosis, with the last episode approximately two years prior, when he received isoniazid, rifampin, and pyrazinamide for two months, followed by four months of isoniazid and rifampin."", ""The patient had a history of bilateral hilar lymphadenopathy, mainly at the right side, and positive Mantoux skin test."", ""The patient had a history of bilateral conglomerate masses, one with cavitation, associated with multiple small nodules and small patchy high-density shadows in both lungs, which could not exclude pneumonia or infection associated with ICIs.""]}"
PMC10267541_02,Tuberculosis,Zika virus infection,Tuberculosis | Malaria,high,0,1,49,87,20,"{""primary_diagnosis"": ""Zika virus infection"", ""confidence"": ""high"", ""differential_diagnoses"": [""Tuberculosis"", ""Malaria""], ""key_evidence"": [""The patient presented with fever, arthralgia, and rash during the second trimester of pregnancy, which are prominent clinical symptoms of Zika virus infection."", ""Zika virus infection was confirmed by polymerase chain reaction test and detected in placental tissue, confirming vertical transmission."", ""The patient had a history of multiple fetal abnormalities observed in ultrasonography, which is consistent with congenital Zika virus infection."", ""The patient's clinical presentation, including fever, arthralgia, and rash, is consistent with Zika virus infection.""]}"
PMC10321781_01,Echinococcosis,Melioidosis,Mycetoma | Tuberculosis,high,0,0,57,80,20,"{""primary_diagnosis"": ""Melioidosis"", ""confidence"": ""high"", ""differential_diagnoses"": [""Mycetoma"", ""Tuberculosis""], ""key_evidence"": [""The patient presented with a swelling in the left submandibular region (just inferior to the angle and body of the mandible) associated with pain for two months. The swelling was soft and fluctuant and it was associated with tenderness, warmth and redness."", ""The patient had no history of diabetes, renal disease, chronic lung disease or excessive alcohol consumption. He had normal vital signs."", ""The patient had a history of swimming in the lake of his hometown, which is a region located in the tropical area of China."", ""The patient had a history of Type II diabetes with fluctuating glycemic control in spite of medication."", ""The patient had a provisional diagnosis of right buccal and canine space infection secondary to periodontitis/apical infection involving the maxillary molars.""]}"
PMC10362657_01,Echinococcosis,Tuberculosis,Mycetoma | Leprosy,high,0,0,49,121,20,"{""primary_diagnosis"": ""Tuberculosis"", ""confidence"": ""high"", ""differential_diagnoses"": [""Mycetoma"", ""Leprosy""], ""key_evidence"": [""Multiple well-defined hypodense lesions with mildly enhancing wall and internal septa noted in the left lung, liver, left adrenal gland, spleen, peritoneum with chest wall extension on HRCT thorax and abdomen, suggestive of disseminated tuberculosis."", ""Chest pain, hoarseness, and chest wall swelling are common clinical manifestations of tuberculosis, including laryngeal and cutaneous forms."", ""The patient's history of chronic smoking and farmer occupation, along with the presence of multiple pulmonary nodules and lymphadenopathy, supports the diagnosis of tuberculosis.""]}"
PMC10839419_01,Echinococcosis,Echinococcosis,Leishmaniasis | Melioidosis,high,1,1,52,106,20,"{""primary_diagnosis"": ""Echinococcosis"", ""confidence"": ""high"", ""differential_diagnoses"": [""Leishmaniasis"", ""Melioidosis""], ""key_evidence"": [""The patient presented with a painful and progressively enlarging mass in the right gluteal region, which was a firm, palpable mass measuring approximately 11 cm in its largest dimension. The mass was nonpainful upon palpation, exhibited mobility in both superficial and deep planes, and showed no indications of inflammation."", ""The ultrasound examination revealed a cystic-solid mass within the left gluteus maximus communicating with the hip joint cavity. The MRI assessment demonstrated an oval-shaped formation within the right gluteus maximus muscle, featuring regular contours and hyperintensity on both T1- and T2-weighted imaging. The lesion comprised vesicular structures with a fluid signal."", ""The surgical approach was from the back, focusing on the mass, which was found to be a cyst located at the level of the aponeurosis of the gluteus maximus muscle. The surgical team performed a complete pericystectomy without damaging the cyst's integrity."", ""The patient had a history of multiple large intramuscular abscesses formed as part of disseminated melioidosis, which is consistent with the presentation of a painful and enlarging mass in the gluteal region."", ""The patient had a history of multiple large intramuscular abscesses formed as part of disseminated melioidosis, which is consistent with the presentation of a painful and enlarging mass in the gluteal region.""]}"
PMC10846554_01,Trypanosomiasis,Melioidosis,Tuberculosis | Soil-Transmitted Helminths,high,0,0,42,59,20,"{""primary_diagnosis"": ""Melioidosis"", ""confidence"": ""high"", ""differential_diagnoses"": [""Tuberculosis"", ""Soil-Transmitted Helminths""], ""key_evidence"": [""Bone biopsy confirmed caseo-follicular tuberculosis."", ""Bone biopsy cultures confirmed Mycobacterium tuberculosis as the infecting pathogen."", ""Renal failure occurred as a severe complication of falciparum malaria infection."", ""Renal biopsy confirmed extracapillary proliferation and mesangial IgA deposition."", ""Bone destruction observed on plain radiography and MRI.""]}"
PMC10846554_02,Trypanosomiasis,Melioidosis,Leptospirosis | Paracoccidioidomycosis,high,0,0,46,100,20,"{""primary_diagnosis"": ""Melioidosis"", ""confidence"": ""high"", ""differential_diagnoses"": [""Leptospirosis"", ""Paracoccidioidomycosis""], ""key_evidence"": [""The patient had a history of multiple myeloma and subsequent stem cell transplantation, which predisposed her to opportunistic infections, including tuberculosis. The patient's presentation of back pain, lymphadenopathy, and fever, along with the presence of a high-resolution chest CT revealing old pulmonary scar lesions, is consistent with pulmonary melioidosis."", ""The patient's history of multiple myeloma and subsequent stem cell transplantation, combined with the presence of lymphadenopathy and fever, is also consistent with paracoccidioidomycosis, a disease that can present with lymphadenopathy and fever.""]}"
PMC10846554_04,Trypanosomiasis,Melioidosis,Schistosomiasis | Talaromycosis,high,0,0,52,93,20,"{""primary_diagnosis"": ""Melioidosis"", ""confidence"": ""high"", ""differential_diagnoses"": [""Schistosomiasis"", ""Talaromycosis""], ""key_evidence"": [""The patient had a history of multiple relapses and was treated with different regimens, evolving as a stable disease. During all the follow-ups until 66 months post-transplant, cPCR maintained negative results (Table 1)."", ""Bone destruction and osteomyelitis were observed, which are characteristic findings in melioidosis. The patient also had a history of relapses and stable disease, which is consistent with the chronic nature of melioidosis."", ""The patient had a history of multiple relapses and was treated with different regimens, evolving as a stable disease. During all the follow-ups until 66 months post-transplant, cPCR maintained negative results (Table 1)."", ""Bone destruction and osteomyelitis were observed, which are characteristic findings in melioidosis. The patient also had a history of relapses and stable disease, which is consistent with the chronic nature of melioidosis.""]}"
PMC10846554_07,Trypanosomiasis,Melioidosis,Schistosomiasis | Talaromycosis,high,0,0,43,85,20,"{""primary_diagnosis"": ""Melioidosis"", ""confidence"": ""high"", ""differential_diagnoses"": [""Schistosomiasis"", ""Talaromycosis""], ""key_evidence"": [""xray left hand [diagnostic_test]: Plain radiograph demonstrating osteolytic lesions over the head and neck of the third metacarpal bone."", ""bone biopsy histopathology [diagnostic_test]: Microscopic examination of intra-osseous curettage tissue confirming caseous necrosis surrounded by epithelioid and L... (suggesting tuberculosis, but bone biopsy also supports melioidosis)"", ""subcutaneous masses [symptom_sign]: Multiple firm, crusted, and purulent nodules located on the neck, axilla, arms, and head (suggesting mycetoma or talaromycosis).""]}"
PMC10846554_08,Trypanosomiasis,Tuberculosis,Leishmaniasis | Mycetoma,high,0,0,52,134,20,"{""primary_diagnosis"": ""Tuberculosis"", ""confidence"": ""high"", ""differential_diagnoses"": [""Leishmaniasis"", ""Mycetoma""], ""key_evidence"": [""The patient had a history of multiple osteolytic bone lesions, which can be seen in Multifocal Musculoskeletal Tuberculosis (MMTB) and Bone Tuberculosis (BT). The use of corticosteroids, such as dexamethasone, was administered to manage inflammatory responses associated with both conditions."", ""The patient had a history of MMDS (refractory anemia with excess of blasts in transformation) and received cyclosporine post-transplant, which predisposes to eumycetoma. The presence of bone lesions and the use of corticosteroids suggest a possible eumycetoma diagnosis."", ""The patient had a history of MMDS and received cyclosporine post-transplant, which predisposes to eumycetoma. The presence of bone lesions and the use of corticosteroids suggest a possible eumycetoma diagnosis.""]}"
PMC10846554_09,Trypanosomiasis,Melioidosis,Leishmaniasis | Malaria,high,0,0,46,116,20,"{""primary_diagnosis"": ""Melioidosis"", ""confidence"": ""high"", ""differential_diagnoses"": [""Leishmaniasis"", ""Malaria""], ""key_evidence"": [""The patient had a history of multiple osteolytic lesions, which can be seen in melioidosis, and the presence of melioidosis can cause osteomyelitis and calvarial bone infection."", ""The patient had a history of multiple osteolytic lesions, which can also be seen in leishmaniasis, and melioidosis can cause osteomyelitis and calvarial bone infection."", ""The patient had a history of multiple osteolytic lesions, which can also be seen in malaria, and melioidosis can cause osteomyelitis and calvarial bone infection.""]}"
PMC10896102_01,Talaromycosis,Disseminated talaromycosis,Paracoccidioidomycosis | Melioidosis,high,1,1,42,79,20,"{""primary_diagnosis"": ""Disseminated talaromycosis"", ""confidence"": ""high"", ""differential_diagnoses"": [""Paracoccidioidomycosis"", ""Melioidosis""], ""key_evidence"": [""The patient had a history of HIV infection, which predisposed him to opportunistic infections, including disseminated talaromycosis."", ""The patient presented with fever, cough, and chest and brain lesions, which are characteristic of disseminated talaromycosis."", ""The patient's CD4+ T-cell count was 2/microL, indicating severe immunosuppression, a risk factor for disseminated talaromycosis.""]}"
PMC11068466_01,Tuberculosis,Papulonecrotic tuberculid,Schistosomiasis | Melioidosis,high,0,0,45,86,20,"{""primary_diagnosis"": ""Papulonecrotic tuberculid"", ""confidence"": ""high"", ""differential_diagnoses"": [""Schistosomiasis"", ""Melioidosis""], ""key_evidence"": [""Fine needle aspiration cytology from the lymph node showed caseating granulomatous inflammation suggestive of tuberculosis."", ""Multiple hard, mobile, discrete, non-tender cervical lymph nodes with signs of healed ulceration and induration on skin test."", ""Fine needle aspiration cytopathology from the lymph node showed caseating granulomatous inflammation suggestive of tuberculosis."", ""Histopathologic examination of the lymph node revealed caseous necrosis and intracellular acid-fast bacilli."", ""The patient's history of tuberculosis and the presence of multiple cervical lymph nodes with caseating granulomas.""]}"
PMC11122169_01,Leishmaniasis,,,unknown,1,0,43,45,20,"{""error"": """", ""primary_diagnosis"": """", ""differential_diagnoses"": []}"
PMC11178661_01,Echinococcosis,Paracoccidioidomycosis,Melioidosis | Talaromycosis,high,0,0,54,123,20,"{""primary_diagnosis"": ""Paracoccidioidomycosis"", ""confidence"": ""high"", ""differential_diagnoses"": [""Melioidosis"", ""Talaromycosis""], ""key_evidence"": [""The patient presented with a persistent productive cough, which is a primary presenting symptom of pulmonary paracoccidioidomycosis."", ""The patient had a history of a 4-month history of cough and polypnea, which is consistent with the clinical presentation of pulmonary paracoccidioidomycosis."", ""The patient had a history of a 2-month history of cough and fever, which is consistent with the clinical presentation of pulmonary paracoccidioidomycosis.""]}"
PMC11768316_01,Scrub Typhus,Dengue,Schistosomiasis | Melioidosis,high,0,0,46,75,20,"{""primary_diagnosis"": ""Dengue"", ""confidence"": ""high"", ""differential_diagnoses"": [""Schistosomiasis"", ""Melioidosis""], ""key_evidence"": [""The patient presented with fever, sore throat, and dry cough, which are common symptoms of dengue fever."", ""The patient had a history of living in a forest area and working on a farm, which is a known risk factor for dengue transmission."", ""Laboratory findings showed elevated liver enzymes and jaundice, which are consistent with severe dengue (dengue hemorrhagic fever).""]}"
PMC12178708_01,Amebiasis,Melioidosis,Leishmaniasis | Tuberculosis,high,0,0,51,100,20,"{""primary_diagnosis"": ""Melioidosis"", ""confidence"": ""high"", ""differential_diagnoses"": [""Leishmaniasis"", ""Tuberculosis""], ""key_evidence"": [""The patient had a history of diarrhea and abdominal pain two months before presentation, which resolved spontaneously without treatment."", ""The patient had a persistent high fever, prompting ultrasound-guided percutaneous drainage of the hepatic abscess, which yielded a large amount of pus."", ""Laboratory results revealed a positive HIV antibody test, and further laboratory tests revealed a CD4 count (163.4 cells/muL, reference range, 324.60-1274.70 cells/muL) and viral load (153,270 copies/mL, reference range, < 20 copies/mL)."", ""The patient had pleuropulmonary involvement and CT findings suggestive of abscess rupture into the pleural space, with ultrasound-guided thoracentesis yielding 1500 mL of a 'fish sauce-like' fluid."", ""The patient had a positive HIV antibody test, and further laboratory tests revealed a CD4 count and viral load, indicating HIV infection and possible immune compromise."", ""The patient had a positive HIV antibody test, and further laboratory tests revealed a CD4 count and viral load, indicating HIV infection and possible immune compromise.""]}"
PMC12745226_01,Tuberculosis,Talaromycosis,Echinococcosis | Melioidosis,high,0,0,47,99,20,"{""primary_diagnosis"": ""Talaromycosis"", ""confidence"": ""high"", ""differential_diagnoses"": [""Echinococcosis"", ""Melioidosis""], ""key_evidence"": [""The patient had extensive filamentous fibrous adhesions in the left thoracic cavity, which is consistent with talaromycosis."", ""The patient had a left upper lobe lesion with a large, amorphous, eosinophilic acellular necrotic area, which is characteristic of talaromycosis."", ""The patient had a history of extensive lung adhesions and pleural thickening, which is consistent with talaromycosis."", ""The patient had a large, amorphous, eosinophilic acellular necrotic area consistent with caseation, surrounded by dense fibrous encapsulation with focal hyalinization, which is consistent with talaromycosis.""]}"
PMC2827381_01,Tuberculosis,Tuberculosis,Paracoccidioidomycosis | Melioidosis,high,1,1,51,68,20,"{""primary_diagnosis"": ""Tuberculosis"", ""confidence"": ""high"", ""differential_diagnoses"": [""Paracoccidioidomycosis"", ""Melioidosis""], ""key_evidence"": [""The patient presented with proptosis in the left eye, which is a characteristic feature of ocular tuberculosis."", ""The patient had generalized lymphadenopathy, which is a common manifestation of tuberculosis."", ""The patient's history of immunization status and the presence of a reactive Mantoux test supported the diagnosis of presumed ocular tuberculosis."", ""The patient's ocular examination showed proptosis, chemosis, and limitation of extraocular movements, which are consistent with ocular tuberculosis."", ""The patient's orbital CT scan showed an extraconal soft tissue mass extending into the infratemporal fossa, which is a radiological finding consistent with orbital tuberculosis.""]}"
PMC2909728_01,Paracoccidioidomycosis,Strongyloides stercoralis infection,Schistosomiasis | Parasitic gastrointestinal infection,high,0,0,48,165,20,"{""primary_diagnosis"": ""Strongyloides stercoralis infection"", ""confidence"": ""high"", ""differential_diagnoses"": [""Schistosomiasis"", ""Parasitic gastrointestinal infection""], ""key_evidence"": [""Multiple patchy exudative ulcers from rectum to cecum on colonoscopy with normal mucosa"", ""Over 100 leucocytes and red blood cells per field at the stool examination"", ""Mild intermittent watery diarrhea associated with chronic intestinal schistosomiasis"", ""Strongyloides stercoralis infection characterized by chronic devastating diarrhea and significant weight loss""]}"
PMC3201596_03,Echinococcosis,Melioidosis,Paracoccidioidomycosis | Leprosy,high,0,0,43,86,20,"{""primary_diagnosis"": ""Melioidosis"", ""confidence"": ""high"", ""differential_diagnoses"": [""Paracoccidioidomycosis"", ""Leprosy""], ""key_evidence"": [""The patient had a history of hepatic and renal cysts, which are common in disseminated melioidosis."", ""The patient presented with fever, abdominal pain, and multiple cysts, which are characteristic of melioidosis."", ""The patient's history of previous hepatic and renal cysts, along with the current presentation of multiple cysts, supports the diagnosis of disseminated melioidosis.""]}"
PMC3201596_04,Echinococcosis,Echinococcosis,Schistosomiasis | Melioidosis,high,1,1,45,93,20,"{""primary_diagnosis"": ""Echinococcosis"", ""confidence"": ""high"", ""differential_diagnoses"": [""Schistosomiasis"", ""Melioidosis""], ""key_evidence"": [""The patient presented with left lumbar pain and hematuria, which is consistent with renal hydatid cyst, a manifestation of echinococcosis."", ""The patient had a palpable abdominal mass corresponding to the enlarged left kidney containing the cyst, which is a characteristic finding in echinococcosis."", ""The ultrasonography and CT-scan findings of a multiloculated cystic lesion with internal septations in the right kidney are consistent with echinococcosis.""]}"
PMC3310273_04,Tuberculosis,Tuberculosis,Leprosy | Mycetoma,high,1,1,39,53,20,"{""primary_diagnosis"": ""Tuberculosis"", ""confidence"": ""high"", ""differential_diagnoses"": [""Leprosy"", ""Mycetoma""], ""key_evidence"": [""The patient underwent tonsillectomy for chronic tonsillitis, which is a common presentation of tonsillar tuberculosis. Histopathological examination of the tonsils revealed caseating granulomas, which is a hallmark of tonsillar tuberculosis."", ""The patient presented with dysphagia, odynophagia, and weight loss, which are symptoms consistent with extrapulmonary tuberculosis, particularly in the context of bilateral cervical lymphadenopathy observed during the tonsillectomy."", ""The patient's history of recurrent sore throat and the presence of bilateral matted cervical lymphadenopathy are consistent with the clinical presentation of tonsillar tuberculosis.""]}"
PMC3323263_01,Dengue,Dengue,Malaria | Schistosomiasis,high,1,1,46,50,20,"{""primary_diagnosis"": ""Dengue"", ""confidence"": ""high"", ""differential_diagnoses"": [""Malaria"", ""Schistosomiasis""], ""key_evidence"": [""The patient presented with high-grade fever, chills, rigors, myalgia, and headache, which are classic symptoms of dengue fever."", ""The patient had a history of travel to Cambodia and Thailand, which are endemic regions for dengue virus transmission."", ""Laboratory findings, including thrombocytopenia and elevated liver enzymes, are consistent with dengue infection."", ""The patient's clinical presentation, including the presence of a maculopapular rash, is characteristic of dengue fever."", ""The patient's travel history and the timing of her symptoms align with dengue virus transmission in the region."", ""The patient's laboratory results, such as elevated liver enzymes and thrombocytopenia, are consistent with dengue infection.""]}"
PMC3326964_01,Tuberculosis,Melioidosis,Tuberculosis | Leptospirosis,high,0,1,45,136,20,"{""primary_diagnosis"": ""Melioidosis"", ""confidence"": ""high"", ""differential_diagnoses"": [""Tuberculosis"", ""Leptospirosis""], ""key_evidence"": [""The patient had a history of systemic lupus erythematosus (SLE) and its immunosuppressive management predisposed the patient to severe melioidosis."", ""The patient had a calcified mass in the suprasellar region with perilesional edema (black arrow) with obstructive hydrocephalous, which is a characteristic finding in melioidosis."", ""The patient had a history of contact with a sputum positive case of tuberculosis 3 months ago, which is a risk factor for melioidosis."", ""The patient had a history of contact with a sputum positive case of tuberculosis 3 months ago, which is a risk factor for melioidosis.""]}"
PMC3361784_01,Dengue,Dengue,Leptospirosis | Malaria,high,1,1,48,151,20,"{""primary_diagnosis"": ""Dengue"", ""confidence"": ""high"", ""differential_diagnoses"": [""Leptospirosis"", ""Malaria""], ""key_evidence"": [""The patient had a history of high-grade fever for 5 days which responded to antipyretic with generalised body ache."", ""The patient developed progressive lower limb weakness, loss of reflexes, and inability to ambulate."", ""The patient had a thrombocytopenia (platelet count 40 x 10^9/L) and a normal creatine kinase value."", ""The patient had a history of travel to an area where dengue is endemic."", ""The patient had a history of a brief period of febrile illness prior to the onset of weakness."", ""The patient had a positive IgM test for dengue virus infection.""]}"
PMC3593512_01,Soil-Transmitted Helminths,Melioidosis,Amebiasis | Leishmaniasis,high,0,0,41,89,20,"{""primary_diagnosis"": ""Melioidosis"", ""confidence"": ""high"", ""differential_diagnoses"": [""Amebiasis"", ""Leishmaniasis""], ""key_evidence"": [""The patient presented with abdominal pain, vomiting, and abdominal distension, which are common symptoms of intestinal obstruction and perforation. The imaging showed multiple air-fluid levels and free fluid, indicative of bowel obstruction and perforation."", ""The patient had a history of worms in the vomitus, which is consistent with intestinal obstruction caused by Ascaris lumbricoides. The presence of worms in the small bowel and ileum, along with the history of abdominal pain and vomiting, supports the diagnosis of intestinal obstruction."", ""The patient had a history of abdominal pain, vomiting, and abdominal distension, which are consistent with acute small intestinal obstruction. The imaging showed multiple air-fluid levels and free fluid, which are typical findings in acute small intestinal obstruction."", ""The patient had a history of abdominal pain, vomiting, and abdominal distension, which are consistent with acute small intestinal obstruction. The imaging showed multiple air-fluid levels and free fluid, which are typical findings in acute small intestinal obstruction.""]}"
PMC3937491_01,Leprosy,Paracoccidioidomycosis,Leprosy | Cutaneous tuberculosis,high,0,1,47,73,20,"{""primary_diagnosis"": ""Paracoccidioidomycosis"", ""confidence"": ""high"", ""differential_diagnoses"": [""Leprosy"", ""Cutaneous tuberculosis""], ""key_evidence"": [""Multiple well-defined, irregular erythematous mildly scaly plaques over the forehead, cheeks, ears, V area of neck"", ""Erythema, warmth, and mild tenderness over the bilateral finger tips"", ""Multiple progressive, destructive ulcerations and exudative plaques on the mid-face, dorsal hands, and heels"", ""History of oral ulcers 10 days ago"", ""Clinical diagnosis of acute cutaneous lupus erythematosus with erythromelalgia considered"", ""Slit smear examination for [MASK] and direct immunofluorescence test of skin lesions were negative""]}"
PMC4430140_01,Echinococcosis,Echinococcosis,Leishmaniasis | Melioidosis,high,1,1,37,108,20,"{""primary_diagnosis"": ""Echinococcosis"", ""confidence"": ""high"", ""differential_diagnoses"": [""Leishmaniasis"", ""Melioidosis""], ""key_evidence"": [""The patient had a history of living with domestic animals (cats and dogs), which is a risk factor for echinococcosis."", ""The patient had a large cystic mass in the left ventricle, which is consistent with echinococcal cysts."", ""The patient's echocardiogram and CT scan showed a large cystic mass in the left ventricle, which is a characteristic finding of echinococcal cysts."", ""The patient's history of pulmonary hydatidosis treated in the past, combined with the current echinococcal cyst in the left ventricle, supports the diagnosis of echinococcosis."", ""The patient's chest X-ray showed cardiomegaly, which is a common finding in echinococcal disease.""]}"
PMC4468588_01,Echinococcosis,Echinococcosis,Schistosomiasis | Malaria,high,1,1,40,121,20,"{""primary_diagnosis"": ""Echinococcosis"", ""confidence"": ""high"", ""differential_diagnoses"": [""Schistosomiasis"", ""Malaria""], ""key_evidence"": [""The patient had a history of trauma caused by a fall, which is a common route of infection for echinococcosis (Echinococcus granulosus or Echinococcus multilocularis)."", ""The patient had a history of pulmonary cysts, which is a characteristic finding in echinococcosis. The presence of multiple cysts in the lungs is a hallmark of echinococcosis."", ""The patient had a history of a large hydatid cyst in the right lung, which is consistent with echinococcosis. The cystic lesions were located in the right lung, which is consistent with the clinical presentation of echinococcosis."", ""The patient had a history of pulmonary involvement, which is consistent with echinococcosis. The chest CT scan revealed multiple cysts that filled the entire right pleural area, which is a typical finding in echinococcosis.""]}"
PMC4489418_01,Tuberculosis,Paracoccidioidomycosis,Talaromycosis | Mycetoma,high,0,0,46,107,20,"{""primary_diagnosis"": ""Paracoccidioidomycosis"", ""confidence"": ""high"", ""differential_diagnoses"": [""Talaromycosis"", ""Mycetoma""], ""key_evidence"": [""Multiple draining sinuses and abscesses over both thighs and buttocks associated with stiffness in both hips and knees over the past 10 years."", ""History of chronic alcoholism and multiple abscesses over injection sites, which explains the location of abscesses in the thigh."", ""Histopathology suggestive of acellular myofibrosis with necrotizing fasciitis and micro abscesses."", ""Multiple draining sinuses and abscesses over both thighs and buttocks, which is a characteristic feature of paracoccidioidomycosis."", ""The patient's history of chronic pancreatitis and the presence of abscesses over injection sites, which could be related to paracoccidioidomycosis."", ""The patient's history of HIV infection, which can predispose to opportunistic infections including paracoccidioidomycosis.""]}"
PMC4677577_01,Tuberculosis,Tuberculosis,Leprosy | Melioidosis,high,1,1,40,130,20,"{""primary_diagnosis"": ""Tuberculosis"", ""confidence"": ""high"", ""differential_diagnoses"": [""Leprosy"", ""Melioidosis""], ""key_evidence"": [""The patient had a history of pulmonary tuberculosis 12 years ago and was treated with 2HRZE/4HR for 6 months. One month after starting treatment, nodular lesions on the extremities developed in context of fever and alteration of general state of health, prompting the subject to halt the antibacillary treatment."", ""The patient had a history of pulmonary tuberculosis 12 years ago and was treated with 2HRZE/4HR for 6 months. The emergence of nodular lesions on the extremities in context of fever and alteration of general state of health, prompted the subject to halt the antibacillary treatment.""]}"
PMC4759996_01,Soil-Transmitted Helminths,,,unknown,1,0,46,64,20,"{""error"": """", ""primary_diagnosis"": """", ""differential_diagnoses"": []}"
PMC4857688_01,Scabies,Scabies,Leprosy | Tuberculosis,high,1,1,47,156,20,"{""primary_diagnosis"": ""Scabies"", ""confidence"": ""high"", ""differential_diagnoses"": [""Leprosy"", ""Tuberculosis""], ""key_evidence"": [""Multiple painful, erythematous skin lesions over extremities, face and abdomen of 2 days duration"", ""History of sexual exposure with multiple heterosexual partners"", ""No history of tuberculosis, leprosy, or HIV-induced immunosuppression"", ""Multiple biopsies taken from the lesion revealed epithelioid cell granulomas without caseous necrosis"", ""No evidence of malignancy and no acid-fast bacilli seen in histopathological examination""]}"
PMC5215530_01,Tuberculosis,,,unknown,1,0,40,62,20,"{""error"": """", ""primary_diagnosis"": """", ""differential_diagnoses"": []}"
PMC5574469_01,Scrub Typhus,Tuberculosis,Melioidosis | Leishmaniasis,high,0,0,46,159,18,"{""primary_diagnosis"": ""Tuberculosis"", ""confidence"": ""high"", ""differential_diagnoses"": [""Melioidosis"", ""Leishmaniasis""], ""key_evidence"": [""High-grade fever, weight loss, and splenomegaly were observed, which are consistent with disseminated tuberculosis."", ""The patient had a history of recurrent febrile illnesses associated with abdominal pain and mesenteric lymphadenitis, which were diagnosed as typhoid fever on multiple occasions."", ""The patient presented with significant weight loss and fatigue, which are common symptoms of disseminated tuberculosis.""]}"
PMC5629881_01,Leptospirosis,Scrub Typhus,Paragonimiasis | Leishmaniasis,high,0,0,54,149,20,"{""primary_diagnosis"": ""Scrub Typhus"", ""confidence"": ""high"", ""differential_diagnoses"": [""Paragonimiasis"", ""Leishmaniasis""], ""key_evidence"": [""The patient's history of handling soil and living in a rural area with high numbers of rodents, combined with the clinical presentation of fever, fatigue, and abdominal pain, strongly suggests a vector-borne disease such as scrub typhus."", ""The patient's laboratory findings, including leukocytosis, thrombocytopenia, and elevated liver enzymes, are consistent with a parasitic infection like paragonimiasis."", ""The patient's history of handling soil and living in a rural area with high numbers of rodents, combined with the clinical presentation of fever, fatigue, and abdominal pain, also suggests a parasitic infection like leishmaniasis.""]}"
PMC5987074_01,Tuberculosis,Malaria,Leptospirosis | Dengue,high,0,0,47,86,20,"{""primary_diagnosis"": ""Malaria"", ""confidence"": ""high"", ""differential_diagnoses"": [""Leptospirosis"", ""Dengue""], ""key_evidence"": [""The patient had a history of working in paddy fields, which is a common setting for dengue and malaria transmission."", ""Laboratory findings included neutrophilic leukocytosis, severe thrombocytopenia, and elevated liver enzymes, which are consistent with severe falciparum malaria."", ""The patient had a history of fever, arthralgia, and myalgia for three days after working in paddy fields, which is a classic presentation of falciparum malaria."", ""The patient's blood and urine cultures were sterile, which is consistent with malaria infection."", ""The patient's chest radiograph showed diffusely distributed nodules in bilaterally, which is a characteristic finding in severe falciparum malaria.""]}"
PMC6417330_01,Dengue,Melioidosis,Dengue | Leptospirosis,high,0,1,52,96,20,"{""primary_diagnosis"": ""Melioidosis"", ""confidence"": ""high"", ""differential_diagnoses"": [""Dengue"", ""Leptospirosis""], ""key_evidence"": [""The patient had a history of a road traffic accident (RTA) 1 month prior, which could have predisposed to a hematogenous spread of infection, a common route of melioidosis transmission."", ""The patient presented with a sudden decrease in consciousness, which can be seen in severe cases of melioidosis, particularly in the context of a hematogenous spread from a site of trauma."", ""The patient had a history of a right frontal lobe hematoma, which could have been a site of hematogenous spread of melioidosis."", ""The patient's altered mental status and the development of subdural hematoma could be secondary to the underlying infection, as seen in severe cases of melioidosis.""]}"
PMC6417330_02,Dengue,Dengue,Leptospirosis | Malaria,high,1,1,48,91,20,"{""primary_diagnosis"": ""Dengue"", ""confidence"": ""high"", ""differential_diagnoses"": [""Leptospirosis"", ""Malaria""], ""key_evidence"": [""The patient had a history of fever of 1-week duration and altered sensorium, which is a classic presentation of dengue fever."", ""The patient had low platelet count (30,000/mm3) and positive reaction to [MASK], which is indicative of dengue infection."", ""The patient developed severe thrombocytopenia (27,000/mm3) and hypotension, which are common complications of severe dengue fever."", ""The patient's clinical presentation, including altered sensorium, headache, and vomiting, aligns with dengue hemorrhagic fever."", ""The CT scan showed a large intracerebral hematoma in the opposite cerebral hemisphere, which is a known complication of severe dengue hemorrhagic fever.""]}"
PMC6417330_04,Dengue,Dengue,Neurocysticercosis | Malaria,high,1,1,40,155,20,"{""primary_diagnosis"": ""Dengue"", ""confidence"": ""high"", ""differential_diagnoses"": [""Neurocysticercosis"", ""Malaria""], ""key_evidence"": [""The patient presented with fever, headache, and weakness, which are classic symptoms of dengue fever and dengue hemorrhagic fever."", ""The patient had a history of fever and headache, which were common presenting symptoms of dengue infection."", ""The patient developed severe thrombocytopenia, which is a known complication of dengue infection."", ""The patient had a history of travel to a region where dengue is endemic, which increases the likelihood of dengue infection."", ""The patient's MRI showed subdural and intramedullary hematoma, which is a rare complication of dengue hemorrhagic fever."", ""The patient's MRI also showed diffuse patchy subarachnoid hemorrhages involving both cerebral hemispheres, which is consistent with dengue hemorrhagic fever.""]}"
PMC6526580_01,Leprosy,Scrub Typhus,Melioidosis | Dengue,high,0,0,44,117,20,"{""primary_diagnosis"": ""Scrub Typhus"", ""confidence"": ""high"", ""differential_diagnoses"": [""Melioidosis"", ""Dengue""], ""key_evidence"": [""The patient presented with fever, swelling of the face and neck, difficulty in breathing, and cellulitis. The patient also had a history of dental caries and multiple hypopigmented skin lesions with loss of thermal sensations, which are common in scrub typhus."", ""The patient had thrombocytopenia (platelet count of 25 x 10^9/L) and elevated inflammatory markers (CRP level of 61.2 mg/L and ESR of >140 mm/hour), which are characteristic of scrub typhus."", ""The patient's history of living in a region endemic for scrub typhus (Maharashtra, India) and the presence of a hypopigmented skin lesion with loss of thermal sensations are strong indicators of scrub typhus.""]}"
PMC6556212_01,Talaromycosis,Talaromycosis,Melioidosis | Paracoccidioidomycosis,high,1,1,49,86,20,"{""primary_diagnosis"": ""Talaromycosis"", ""confidence"": ""high"", ""differential_diagnoses"": [""Melioidosis"", ""Paracoccidioidomycosis""], ""key_evidence"": [""The patient presented with abdominal pain, fever, and a small hypodense lesion with a thin enhancing rim at the spleen on contrast-enhanced computed tomography of the abdomen, which is characteristic of talaromycosis."", ""The patient had a history of HIV/AIDS and received antiretroviral therapy, which can predispose to disseminated fungal infections such as talaromycosis."", ""The patient's initial CD4 count was 91 cells/mm3 and later 272 cells/mm3, indicating a decline in immune function, which is a risk factor for talaromycosis."", ""The patient's initial presentation with fever and abdominal pain, along with the presence of a small hypodense lesion at the spleen, is consistent with disseminated talaromycosis.""]}"
PMC6694717_02,Tuberculosis,Melioidosis,Paracoccidioidomycosis | Tuberculosis,high,0,1,52,86,20,"{""primary_diagnosis"": ""Melioidosis"", ""confidence"": ""high"", ""differential_diagnoses"": [""Paracoccidioidomycosis"", ""Tuberculosis""], ""key_evidence"": [""The patient had a history of travel to India, which is an endemic region for melioidosis."", ""The patient presented with fever, chills, headache, weakness, anorexia, and weight loss, which are common symptoms of melioidosis."", ""The patient's chest X-ray showed features of pulmonary tuberculosis, which is a complication of melioidosis."", ""The patient's CSF analysis showed elevated ADA and cobweb coagulum, supporting the diagnosis of tuberculous meningitis, which is a complication of tuberculosis."", ""The patient's history of travel to India and exposure to contaminated water sources increased the risk of melioidosis.""]}"
PMC6754851_04,Tuberculosis,Tuberculosis,Paracoccidioidomycosis | Melioidosis,high,1,1,43,115,20,"{""primary_diagnosis"": ""Tuberculosis"", ""confidence"": ""high"", ""differential_diagnoses"": [""Paracoccidioidomycosis"", ""Melioidosis""], ""key_evidence"": [""Nasopharyngeal tuberculosis is an extrapulmonary manifestation of tuberculosis infection, as evidenced by the presence of a mass in the posterior wall of the nasopharynx with retropharyngeal lymphadenopathies on CT scan."", ""Cervical lymphadenopathy, bilateral, firm, non-tender, matted, and mobile swellings, is a characteristic finding in tuberculosis, as seen in the patient's case.""]}"
PMC6837831_01,Amebiasis,Melioidosis,Paracoccidioidomycosis | Schistosomiasis,high,0,0,48,150,20,"{""primary_diagnosis"": ""Melioidosis"", ""confidence"": ""high"", ""differential_diagnoses"": [""Paracoccidioidomycosis"", ""Schistosomiasis""], ""key_evidence"": [""The patient's presentation included persistent abdominal pain, weight loss, and anemia, which are common symptoms of melioidosis."", ""The patient's history of HIV infection and the presence of disseminated melioidosis progressing to life-threatening septic shock in the patient, as mentioned in Excerpt 7."", ""The abdominal CT scan revealed multiple abscesses in the left lobe of the liver, which is consistent with the findings in melioidosis cases."", ""The patient's laboratory findings, including anemia and elevated CRP, are consistent with disseminated melioidosis."", ""The patient's history of HIV infection and the presence of disseminated melioidosis progressing to life-threatening septic shock in the patient, as mentioned in Excerpt 7.""]}"
PMC7687509_01,Tuberculosis,Tuberculosis,Leishmaniasis | Melioidosis,high,1,1,35,104,20,"{""primary_diagnosis"": ""Tuberculosis"", ""confidence"": ""high"", ""differential_diagnoses"": [""Leishmaniasis"", ""Melioidosis""], ""key_evidence"": [""Multiple micronodules very likely related to a miliary [MASK] on thoracic computed tomography (Figure 1)."", ""Profound cellular immunodeficiency from AIDS predisposed the patient to disseminated talaromycosis."", ""Human immunodeficiency virus (HIV) serology was positive with a low CD4 T lymphocytes count of 32 elements/microliter."", ""The patient had a history of anosmia, high-grade intermittent fevers, headaches, altered mentation, an episode of loss of consciousness and myalgias for a duration of 5 days."", ""The patient had a history of anosmia, high-grade intermittent fevers, headaches, altered mentation, an episode of loss of consciousness and myalgias for a duration of 5 days."", ""The patient had a history of anosmia, high-grade intermittent fevers, headaches, altered mentation, an episode of loss of consciousness and myalgias for a duration of 5 days.""]}"
PMC8202357_01,Neurocysticercosis,Leishmaniasis,Melioidosis | Tuberculosis,high,0,0,48,71,20,"{""primary_diagnosis"": ""Leishmaniasis"", ""confidence"": ""high"", ""differential_diagnoses"": [""Melioidosis"", ""Tuberculosis""], ""key_evidence"": [""The patient presented with progressive vision loss and headache, which are common symptoms of Leishmaniasis. The MRI showed a well-defined cystic lesion with no calcification, which is consistent with a fungal or granulomatous process, such as Leishmaniasis."", ""The provisional diagnosis of craniopharyngioma was made, but the postoperative findings of multiple cystic structures and calcifications are more consistent with a granulomatous process, such as Leishmaniasis."", ""The patient's immunoglobulin G being negative after surgery and the presence of calcifications are supportive of a granulomatous process, such as Leishmaniasis.""]}"
PMC8683165_01,Tuberculosis,Malaria,Schistosomiasis | Leishmaniasis,high,0,0,47,123,20,"{""primary_diagnosis"": ""Malaria"", ""confidence"": ""high"", ""differential_diagnoses"": [""Schistosomiasis"", ""Leishmaniasis""], ""key_evidence"": [""The patient had a history of travel to Nigeria, which is endemic for malaria."", ""The patient presented with severe anemia, thrombocytopenia, and gastrointestinal bleeding, which are common hematologic manifestations of severe malaria."", ""Laboratory findings showed thrombocytopenia (platelet count 291000/mm3) and anemia (hemoglobin 10.8 g/dL)."", ""The CT scan showed asymmetric circumferential thickening in the ileocaecal region with lobulated thickened caecum, soft-tissue stranding, and necrotic mesenteric lymphadenopathy, which are findings consistent with severe malaria."", ""The patient had a history of alcohol consumption, which can predispose to malaria and contribute to thrombocytopenia."", ""The patient's symptoms, including fever, abdominal pain, and gastrointestinal bleeding, are consistent with severe malaria.""]}"
PMC9198831_01,Tuberculosis,Tuberculosis,Leprosy | Melioidosis,high,1,1,49,60,20,"{""primary_diagnosis"": ""Tuberculosis"", ""confidence"": ""high"", ""differential_diagnoses"": [""Leprosy"", ""Melioidosis""], ""key_evidence"": [""The patient presented with low back pain, which was initially thought to be caused by a cervical lymphadenopathy, but later diagnosed as tuberculous spondylodiscitis."", ""The patient had a history of tuberculosis, including pulmonary tuberculosis and a history of right hemiplegia, dysphagia, and aphasia as sequelae."", ""The patient had a history of tuberculosis, including pulmonary tuberculosis and a history of right hemiplegia, dysphagia, and aphasia as sequelae."", ""The patient had a history of tuberculosis, including pulmonary tuberculosis and a history of right hemiplegia, dysphagia, and aphasia as sequelae.""]}"
PMC9201408_01,Tuberculosis,Tuberculosis,Dengue | Melioidosis,high,1,1,43,92,20,"{""primary_diagnosis"": ""Tuberculosis"", ""confidence"": ""high"", ""differential_diagnoses"": [""Dengue"", ""Melioidosis""], ""key_evidence"": [""The patient presented with left elbow pain, swelling, and joint effusion, which is consistent with osteoarticular tuberculosis."", ""The patient had a history of seeking traditional massage therapy, which is a risk factor for tuberculosis in the elbow joint."", ""The patient's laboratory findings included a leukocyte count of 15,000, which is elevated and can be seen in tuberculosis."", ""The patient's radiological examination showed erosion of the distal cortex of the humerus and radial bone, destruction of the distal cortex, and swelling of the soft tissue of the left elbow area, which are consistent with osteoarticular tuberculosis."", ""The patient's history of seeking traditional massage therapy and the presence of skin perforation with yellowish discharge on the left elbow are consistent with the presentation of tuberculosis in the elbow joint.""]}"
PMC9447446_01,Tuberculosis,Leptospirosis,Melioidosis | Tuberculosis,high,0,1,46,125,19,"{""primary_diagnosis"": ""Leptospirosis"", ""confidence"": ""high"", ""differential_diagnoses"": [""Melioidosis"", ""Tuberculosis""], ""key_evidence"": [""The patient had a history of kidney transplantation, which predisposed them to opportunistic infections including leptospirosis."", ""Metagenomic next-generation sequencing identified Leptospira species in BALF and blood, confirming the diagnosis of leptospirosis."", ""The patient presented with fever, lymphadenopathy, and renal dysfunction, which are common clinical manifestations of leptospirosis.""]}"
PMC9759007_07,Malaria,Melioidosis,Leptospirosis | Tuberculosis,high,0,0,54,68,20,"{""primary_diagnosis"": ""Melioidosis"", ""confidence"": ""high"", ""differential_diagnoses"": [""Leptospirosis"", ""Tuberculosis""], ""key_evidence"": [""The patient presented with severe hypoxemia with an oxygen saturation of 86% on room air, which is consistent with severe hypoxemia seen in melioidosis."", ""The patient had a history of fever, myalgia, and vomiting, which are common symptoms of melioidosis, especially in tropical regions."", ""The patient's laboratory results showed a hemoglobin of 2.2 g/dL, which is indicative of severe anemia, a common finding in melioidosis.""]}"
PMC9922052_01,Leishmaniasis,Amebiasis,Schistosomiasis | Melioidosis,high,0,0,47,109,20,"{""primary_diagnosis"": ""Amebiasis"", ""confidence"": ""high"", ""differential_diagnoses"": [""Schistosomiasis"", ""Melioidosis""], ""key_evidence"": [""Multiple hypo and hyperpigmented macular and maculopapular non-scaly skin lesions all over the body, mainly on the back of the chest and abdomen, resembling nodular scabies."", ""The patient had a history of [MASK] 15 years back and treated with injectable medication but could not mention the name of the drug."", ""The patient had a history of chronic hepatitis-B and was on antiviral (Entecavir 1 mg once daily)."", ""The patient had multiple subcutaneous nodules and maculopapular lesions, which can be associated with amebiasis."", ""The patient had a history of abdominal pain and liver enlargement, which can be seen in amebic liver abscess."", ""The patient had a history of chronic liver disease (hepatitis B) and multiple skin lesions, which can be associated with amebiasis.""]}"
PMC10122573_01,Leishmaniasis,Paracoccidioidomycosis,Leprosy | Melioidosis,high,0,0,39,83,20,"{""primary_diagnosis"": ""Paracoccidioidomycosis"", ""confidence"": ""high"", ""differential_diagnoses"": [""Leprosy"", ""Melioidosis""], ""key_evidence"": [""The patient presented with a perianal mass with central ulceration, which had decreased in size but still showed an active ulceration lesion."", ""The patient had a history of HIV infection, which can predispose to opportunistic infections such as paracoccidioidomycosis."", ""The patient's presentation with rectal mass, perianal ulceration, and HIV infection are consistent with the clinical features of paracoccidioidomycosis.""]}"
PMC10122573_02,Leishmaniasis,Melioidosis,Cholera | Soil-Transmitted Helminths,high,0,0,55,82,20,"{""primary_diagnosis"": ""Melioidosis"", ""confidence"": ""high"", ""differential_diagnoses"": [""Cholera"", ""Soil-Transmitted Helminths""], ""key_evidence"": [""The patient presented with bleeding per-rectum, fever, loss of appetite, weight loss, and stool incontinence of 7 months duration, associated with generalized body swelling of 2 months. These symptoms are consistent with severe disseminated melioidosis, which can present with gastrointestinal bleeding, fever, and organomegaly."", ""The patient had a history of a mass around his anus for 10 years, which he considered as hemorrhoids and was not treated medically. This could be a sign of chronic infection, such as melioidosis, which can cause chronic abscesses and fistulas around the anus."", ""The patient developed gastritis with intractable vomiting, which is a known complication of melioidosis. The development of severe hypokalemia and elevated creatinine levels also supports the diagnosis of melioidosis, as these are common complications of the disease.""]}"
PMC10243522_01,Leishmaniasis,Melioidosis,Tuberculosis | Paracoccidioidomycosis,high,0,0,48,166,20,"{""primary_diagnosis"": ""Melioidosis"", ""confidence"": ""high"", ""differential_diagnoses"": [""Tuberculosis"", ""Paracoccidioidomycosis""], ""key_evidence"": [""The patient lived in the metropolitan area of Sao Paulo, which is considered endemic for melioidosis in Southeastern Brazil."", ""The patient had a history of touring to many places, including the north and coastal areas of Sao Paulo State and the south region of Minas Gerais State, all considered endemic areas for melioidosis in Southeastern Brazil."", ""The patient presented with fever, arthralgia, malaise, pallor, increased abdominal volume, and involuntary weight loss, which are common symptoms of melioidosis."", ""The patient's laboratory tests showed pancytopenia, increased erythrocyte sedimentation rate, and C-reactive protein, along with polyclonal gammopathy, which are consistent with the hematological findings seen in melioidosis."", ""The patient's bone marrow aspirate did not show any hematological diseases or etiological agents, which is consistent with the hematological findings in melioidosis."", ""The patient's clinical history, including her travel history and the presence of multiple symptoms, aligns with the presentation of melioidosis in Southeastern Brazil."", ""The patient's clinical presentation, including the presence of splenomegaly and hepatomegaly, is consistent with the findings seen in melioidosis."", ""The patient's laboratory work-up did not show helminthic diseases in stool samples, and serologies for systemic mycoses were non-reactive, which is consistent with the hematological findings in melioidosis.""]}"
PMC10367195_01,Tuberculosis,Melioidosis,Leishmaniasis | Malaria,high,0,0,40,140,20,"{""primary_diagnosis"": ""Melioidosis"", ""confidence"": ""high"", ""differential_diagnoses"": [""Leishmaniasis"", ""Malaria""], ""key_evidence"": [""The patient had a history of recent travel to Cameroon, which is an endemic area for melioidosis."", ""The patient presented with fever, cough, and chest tomography showing mediastinal adenomegaly and lymph nodes forming clusters, which are consistent with pulmonary melioidosis."", ""The patient's platelet count dropped to 40 x 10^9/L, which is a common hematological manifestation of melioidosis."", ""The patient's chest tomography findings and clinical presentation are consistent with pulmonary melioidosis, which can present with mediastinal lymphadenopathy and pulmonary infiltrates.""]}"
PMC10440106_01,Dengue,Dengue fever,Leptospirosis | Melioidosis,high,1,1,46,164,20,"{""primary_diagnosis"": ""Dengue fever"", ""confidence"": ""high"", ""differential_diagnoses"": [""Leptospirosis"", ""Melioidosis""], ""key_evidence"": [""The patient had a history of travel to Costa Rica, which is endemic for dengue fever."", ""The patient presented with fever, myalgia, and thrombocytopenia, which are common symptoms of dengue fever."", ""The electrocardiogram showed ST elevation with upper concavity and PR segment depression in leads I, II, and aVF, which is consistent with dengue myocarditis."", ""The patient's laboratory findings showed thrombocytopenia and elevated transaminases, which are indicative of liver damage, a common complication of dengue fever."", ""The patient's history of travel to Costa Rica and the presence of dengue virus in the blood culture were supportive of a dengue infection.""]}"
PMC10753637_01,Tuberculosis,Tuberculosis,Leprosy | Melioidosis,high,1,1,45,76,20,"{""primary_diagnosis"": ""Tuberculosis"", ""confidence"": ""high"", ""differential_diagnoses"": [""Leprosy"", ""Melioidosis""], ""key_evidence"": [""The patient presented with a history of weight loss (20 kg) in the past 6 months, which is a common symptom of tuberculosis."", ""The patient had a history of tuberculosis in her family, which is a risk factor for developing tuberculosis."", ""The patient's MRI showed bone destruction and calcified paraspinal mass with compression, suggestive of spondylodiscitis, which is consistent with tuberculous spondylodiscitis."", ""The patient's history of weight loss and the presence of a large abdominopelvic mass on CT are consistent with extrapulmonary dissemination of tuberculosis, such as tuberculous spondylodiscitis."", ""The patient's MRI showed cortical irregularities and an abscess collection characteristic of Pott's disease, which is a complication of tuberculous spondylodiscitis.""]}"
PMC10768651_01,Tuberculosis,Tuberculosis,Melioidosis | Leptospirosis,high,1,1,50,113,20,"{""primary_diagnosis"": ""Tuberculosis"", ""confidence"": ""high"", ""differential_diagnoses"": [""Melioidosis"", ""Leptospirosis""], ""key_evidence"": [""The patient developed severe gastrointestinal disorders (diarrhea, nausea, and unrelenting vomiting), hemodynamic decompensation, and signs of pre-shock, requiring hospitalization."", ""Laboratory tests upon admission confirmed severe hyperglycemia, acute kidney injury, and severe leukocytosis."", ""Treatment with cephepime (3000mg/day) was initiated due to the possibility of a bacterial infection."", ""The patient had intense nausea, severe epigastric pain, uncontrollable vomiting, hematemesis, disorientation, and progressive worsening of renal function."", ""Subsequent upper digestive endoscopy examination showed whitish plaques in the esophagus that are compatible with esophageal candidiasis."", ""The patient developed high fever, severe dyspnea, and neurological disorders, requiring orotracheal intubation."", ""The patient died from septic shock resulting from a bacterial infection (probable vascular catheter focus).""]}"
PMC10784276_01,Leptospirosis,Melioidosis,Leptospirosis | Paracoccidioidomycosis,high,0,1,43,127,20,"{""primary_diagnosis"": ""Melioidosis"", ""confidence"": ""high"", ""differential_diagnoses"": [""Leptospirosis"", ""Paracoccidioidomycosis""], ""key_evidence"": [""The patient presented with jaundice, dehydrated, and lower limb weakness progressing to involve his knees, to the point where he was unable to walk."", ""The patient had bicytopenia (anaemia and thrombocytopenia), acute kidney injury, conjugated hyperbilirubinaemia and a mild transaminitis."", ""The patient had decreased tone in both lower limbs with symmetrical weakness (Medical Research Council grade 2/5 power) extending from L1 to S1 myotomes."", ""The patient had absent ankle and patellar reflexes bilaterally, as well as loss of sensation (light touch and pain) extending up to L1 dermatome in both lower limbs."", ""The patient had a blood pressure of 86/54 mmHg, pulse 101, temperature 36.5 C, oxygen saturation on room air of 94% and respiratory rate of 18."", ""The patient had a blood pressure of 102/67 mm Hg, pulse rate was 125 beats per minute."", ""The patient had a history of homelessness and exposure to contaminated environments without access to municipal water and sanitation."", ""The patient had bicytopenia (anaemia and thrombocytopenia), acute kidney injury, conjugated hyperbilirubinaemia and a mild transaminitis."", ""The patient had a blood pressure of 102/67 mm Hg, pulse rate was 125 beats per minute."", ""The patient had a history of homelessness and exposure to contaminated environments without access to municipal water and sanitation."", ""The patient had bicytopenia (anaemia and thrombocytopenia), acute kidney injury, conjugated hyperbilirubinaemia and a mild transaminitis."", ""The patient had a blood pressure of 102/67 mm Hg, pulse rate was 125 beats per minute."", ""The patient had a history of homelessness and exposure to contaminated environments without access to municipal water and sanitation.""]}"
PMC10838024_01,Malaria,Scrub Typhus,Malaria | Paracoccidioidomycosis,high,0,1,46,161,20,"{""primary_diagnosis"": ""Scrub Typhus"", ""confidence"": ""high"", ""differential_diagnoses"": [""Malaria"", ""Paracoccidioidomycosis""], ""key_evidence"": [""The patient presented with a history of fever, rash, and conjunctival injection, which are classic signs of scrub typhus."", ""The patient's history of fever and rash, along with the presence of a conjunctival injection, are consistent with scrub typhus. The patient also had a history of travel to Nigeria, which is an endemic area for scrub typhus."", ""The patient's history of fever and rash, along with the presence of a conjunctival injection, are consistent with scrub typhus. The patient also had a history of travel to Nigeria, which is an endemic area for scrub typhus.""]}"
PMC10846756_01,Tuberculosis,Scabies,Leprosy | Tuberculosis,high,0,1,43,78,20,"{""primary_diagnosis"": ""Scabies"", ""confidence"": ""high"", ""differential_diagnoses"": [""Leprosy"", ""Tuberculosis""], ""key_evidence"": [""A 26-year-old Indian non-diabetic, immunocompetent female presented with complaints of pain and swelling in her right upper anterior chest wall for three months."", ""The swelling was insidious in onset and increased to the present size in the last 15 days. It was associated with pain, which was continuous and not associated with any aggravating or relieving factors."", ""A high-resolution ultrasonography of the right infraclavicular region was suggestive of an intramuscular heterogeneous collection of size 52x39x16 mm with a volume of approximately 16 cc with thick irregular walls in the right pectoralis muscle."", ""A multidetector computed tomography with the contrast of the chest showed a 45x27 mm well-defined collection with moderately thick enhancing walls in the right pectoralis muscle deep in the right breast."", ""Laboratory workup was remarkable for a raised erythrocyte sedimentation rate, i.e., 59 mm/hour, with a normal blood count."", ""An extensive laboratory workup, including antinuclear antibodies, antineutrophil cytoplasmic antibodies, C-reactive protein, thyroid function tests, tumor marker levels, and inflammatory markers, returned results within normal limits."", ""An incision and drainage of the infraclavicular swelling were done with the removal of 15 ml of yellow-colored, non-fowl-smelling pus."", ""Fine needle aspiration cytology was suggestive of degenerated acute on chronic inflammatory cells in the background of necrosis.""]}"
PMC10854397_01,Echinococcosis,Leishmaniasis,Melioidosis | Malaria,high,0,0,49,68,20,"{""primary_diagnosis"": ""Leishmaniasis"", ""confidence"": ""high"", ""differential_diagnoses"": [""Melioidosis"", ""Malaria""], ""key_evidence"": [""A 76-year-old farmer presented with loss of vision in both eyes and amputated digits for the past twenty years. On examination, the patient revealed collapsed nasal bridge, resorption of multiple fingers and toes, and no other systemic symptoms."", ""The patient had a history of uncontrolled diabetes mellitus, which is a risk factor for Leishmaniasis."", ""The patient's presentation of progressive vision loss, amputated digits, and systemic symptoms such as weight loss and anemia are consistent with Leishmaniasis.""]}"
PMC11021106_01,Echinococcosis,Schistosomiasis,Leishmaniasis | Malaria,high,0,0,52,133,20,"{""primary_diagnosis"": ""Schistosomiasis"", ""confidence"": ""high"", ""differential_diagnoses"": [""Leishmaniasis"", ""Malaria""], ""key_evidence"": [""The patient presented with headache, dizziness, and blurred vision, which are common symptoms of intracranial parasitic infections such as schistosomiasis, leishmaniasis, and malaria."", ""The patient's imaging showed a solitary cystic lesion in the right temporal region, extending into the temporal horn of the right lateral ventricle, which is consistent with a parasitic cystic lesion such as schistosomiasis."", ""The patient's history of smoking and the presence of a solitary cystic lesion without significant mass effect or edema are consistent with a parasitic cystic lesion such as schistosomiasis.""]}"
PMC11041532_01,Tuberculosis,Tuberculosis,Paracoccidioidomycosis | Leprosy,high,1,1,37,164,20,"{""primary_diagnosis"": ""Tuberculosis"", ""confidence"": ""high"", ""differential_diagnoses"": [""Paracoccidioidomycosis"", ""Leprosy""], ""key_evidence"": [""Multiple lytic lesions of the axial and peripheral skeleton with cortical destruction, associated with centrilobular small nodules, branching linear and nodular opacities forming a tree-in-bud appearance with some lobular areas of consolidation, and irregular cavitation on CT scan and MRI."", ""Lumbar spine X-RAY showing lytic changes in the spine, with clinical improvement and follow-up CT scan showing more condensed bone compared with the pretherapy pattern."", ""Cervical spine computed tomography demonstrating a destructive osseous lesion in the C1 vertebra, and MRI of the cervical spine showing pathologic contrast enhancement on C4 to T7 vertebrae, bilateral anterolateral paravertebral soft tissue abscess at the level of C4 to T9."", ""Lumbar MRI demonstrating T12 and L1 vertebral bony destruction, paraspinal abscess, and subsequent cyst formation."", ""Cervical spine tuberculosis confirmed by histopathological examination of the vertebral lesion, showing chronic granulomatous inflammation and caseous necrosis."", ""Positive tuberculin skin test, and negative sputum and urine tuberculosis tests."", ""Weight loss observed as a constitutional consequence of Spinal Tuberculosis.""]}"
PMC11290868_01,Paracoccidioidomycosis,Talaromycosis,Melioidosis | Scabies,high,0,0,46,69,20,"{""primary_diagnosis"": ""Talaromycosis"", ""confidence"": ""high"", ""differential_diagnoses"": [""Melioidosis"", ""Scabies""], ""key_evidence"": [""The patient had a history of systemic lupus erythematosus (SLE) and received immunosuppressive therapy, which predisposed to invasive fungal infections including talaromycosis."", ""Thoracic vertebrae involvement with osteolytic destruction and signs of spondylodiscitis, which is consistent with disseminated talaromycosis."", ""The patient's thoracic vertebrae involvement was confirmed by magnetic resonance imaging (MRI), supporting the diagnosis of disseminated talaromycosis.""]}"
PMC11334117_01,Tuberculosis,Melioidosis,Tuberculosis | Mycetoma,high,0,1,49,57,20,"{""primary_diagnosis"": ""Melioidosis"", ""confidence"": ""high"", ""differential_diagnoses"": [""Tuberculosis"", ""Mycetoma""], ""key_evidence"": [""The patient presented with ankle joint monoarthritis due to septic arthritis, which is a common presentation of melioidosis. The patient's history of a hard, painful swelling on the left lower leg that had been progressively increasing over a year, with no history of trauma, is consistent with the presentation of melioidosis in the ankle joint."", ""The patient's history of a hard, painful swelling on the left lower leg, which was initially treated with multiple courses of oral and intravenous antibiotics, suggests a chronic infection process, which is characteristic of melioidosis. The absence of typical malignant features on imaging further supports this diagnosis."", ""The patient's history of diabetes mellitus, which is a risk factor for melioidosis, is also consistent with the clinical presentation.""]}"
PMC11445011_01,Tuberculosis,Melioidosis,Tuberculosis | Leptospirosis,high,0,1,47,83,20,"{""primary_diagnosis"": ""Melioidosis"", ""confidence"": ""high"", ""differential_diagnoses"": [""Tuberculosis"", ""Leptospirosis""], ""key_evidence"": [""The patient presented with fever, myalgia, headache, neck stiffness, and generalized myalgia, which are common symptoms of melioidosis."", ""The patient's presentation of fever, myalgia, and respiratory symptoms, along with the presence of bilateral confluent alveolar opacities on chest X-ray, are consistent with severe pulmonary involvement seen in melioidosis."", ""The patient's history of travel to Costa Rica and the presence of bilateral opacities on chest radiograph suggest a possible pulmonary infection, which is a common presentation in melioidosis.""]}"
PMC11743283_01,Talaromycosis,Non-Hodgkin High Grade B-Cell Lymphoma,Malignant Lymphoma | Malignant Lymphoma,high,0,0,46,165,17,"{""primary_diagnosis"": ""Non-Hodgkin High Grade B-Cell Lymphoma"", ""confidence"": ""high"", ""differential_diagnoses"": [""Malignant Lymphoma"", ""Malignant Lymphoma""], ""key_evidence"": [""Multiple enlarged lymph nodes in the mesenteric and retroperitoneal regions, along with masses in the bilateral adrenal glands and kidneys, consistent with lymphoma involvement."", ""Histopathological examination of the lymph node revealed diffuse small nodular opacities, which is characteristic of non-Hodgkin lymphoma."", ""The patient's hematological parameters showed a significant improvement with systemic therapy, which is consistent with the expected response to lymphoma treatment."", ""The presence of miliary nodules in the lungs, which can be seen in disseminated tuberculosis, but the patient's response to empirical anti-infective therapy was poor, suggesting a different underlying cause.""]}"
PMC11786606_01,Leprosy,,,unknown,1,0,48,105,20,"{""error"": """", ""primary_diagnosis"": """", ""differential_diagnoses"": []}"
PMC11821501_01,Tuberculosis,Tuberculosis,Leishmaniasis | Melioidosis,high,1,1,50,136,19,"{""primary_diagnosis"": ""Tuberculosis"", ""confidence"": ""high"", ""differential_diagnoses"": [""Leishmaniasis"", ""Melioidosis""], ""key_evidence"": [""The patient had a history of unbooked pregnancy and delivery, which is a risk factor for disseminated tuberculosis."", ""The patient had a history of HIV infection, which predisposes to opportunistic infections including tuberculosis."", ""The patient presented with fever, cough, abdominal pain, and vaginal bleeding, which are common symptoms of disseminated tuberculosis."", ""The patient had a history of spontaneous abortion and subsequent uterine evacuation, which could have facilitated hematogenous dissemination of tuberculosis."", ""The patient's chest X-ray showed diffuse miliary changes, which is a classic finding in disseminated tuberculosis."", ""The patient's CT examination of the chest and upper abdomen revealed diffuse micronodular changes in both lungs, consistent with disseminated tuberculosis."", ""The patient's PET scan revealed enhanced metabolic activity in the brain, lungs, mediastinum, liver, ileocecal, and genitourinary area, which could be indicative of disseminated tuberculosis.""]}"
PMC12224322_01,Tuberculosis,Melioidosis,Tuberculosis | Leishmaniasis,high,0,1,46,97,20,"{""primary_diagnosis"": ""Melioidosis"", ""confidence"": ""high"", ""differential_diagnoses"": [""Tuberculosis"", ""Leishmaniasis""], ""key_evidence"": [""The patient had a history of immunosuppression due to long-term immunosuppressive therapy, including methotrexate, TNF-alpha inhibitor, and prednisone."", ""The patient had a history of travel to the Philippines, a region endemic for Melioidosis."", ""The patient had a history of transient axillary lymphadenopathy that resolved spontaneously, which can be seen in Melioidosis."", ""The patient had a history of pleural effusions, which can be associated with Melioidosis."", ""The patient had a history of abdominal distension and fever, which are common symptoms of Melioidosis."", ""The patient had a history of immunosuppression, which increases the risk of developing Melioidosis."", ""The patient had a history of bilateral ovarian endometriomas, which can be associated with Melioidosis in some cases."", ""The patient had a history of pleural effusions, which can be associated with Melioidosis."", ""The patient had a history of pleural effusions, which can be associated with Melioidosis."", ""The patient had a history of pleural effusions, which can be associated with Melioidosis."", ""The patient had a history of pleural effusions, which can be associated with Melioidosis.""]}"
PMC13006511_01,Neurocysticercosis,,,unknown,1,0,45,65,20,"{""error"": """", ""primary_diagnosis"": """", ""differential_diagnoses"": []}"
PMC2816346_01,Foodborne Trematodes,Alveolar Echinococcosis,Schistosomiasis | Melioidosis,high,0,0,48,112,20,"{""primary_diagnosis"": ""Alveolar Echinococcosis"", ""confidence"": ""high"", ""differential_diagnoses"": [""Schistosomiasis"", ""Melioidosis""], ""key_evidence"": [""The patient had a history of ingesting undercooked freshwater crabs, which is a known intermediate host for Paragonimus westermani (Paragonimiasis) and Echinococcus granulosus (Alveolar Echinococcosis)."", ""The patient presented with a history of ingesting undercooked freshwater crabs, which is a known intermediate host for Paragonimus westermani (Paragonimiasis)."", ""The patient had multiple nodules in the lungs and liver, which are characteristic findings in Alveolar Echinococcosis. The liver CT scan showed a cluster of small, rim-enhancing cysts at the subcapsular area of the segment VII and wedge-shaped enhancement of adjacent parenchyma, which is consistent with Alveolar Echinococcosis."", ""The patient's liver CT scan showed a cluster of small, rim-enhancing cysts at the subcapsular area of the segment VII and wedge-shaped enhancement of adjacent parenchyma, which is consistent with Alveolar Echinococcosis. The liver MRI showed the lesion appeared low signal intensity on T1-weighted images and bright signal intensity on T2-weighted images, indicating cystic nature."", ""The patient's chest CT scan showed a 2-cm, well-circumscribed nodule in the left upper lobe, which appeared to consist of clustered cysts. Several smaller nodules were additionally found in the periphery of both lungs, which are characteristic findings in Alveolar Echinococcosis.""]}"
PMC3206365_01,Neurocysticercosis,Melioidosis,Paracoccidioidomycosis | Tuberculosis,high,0,0,45,57,20,"{""primary_diagnosis"": ""Melioidosis"", ""confidence"": ""high"", ""differential_diagnoses"": [""Paracoccidioidomycosis"", ""Tuberculosis""], ""key_evidence"": [""The patient presented with an abrupt onset of bilateral frontotemporal headache with vomiting, followed by generalized crisis. The patient had a history of a cerebrovascular accident, which can be a rare severe vascular complication in the setting of leptospirosis, but also can be associated with Melioidosis.""]}"
PMC3227237_01,Leishmaniasis,Paracoccidioidomycosis,Scabies | Leprosy,high,0,0,45,91,20,"{""primary_diagnosis"": ""Paracoccidioidomycosis"", ""confidence"": ""high"", ""differential_diagnoses"": [""Scabies"", ""Leprosy""], ""key_evidence"": [""The patient had a history of ulcer in the left thigh that spontaneously healed in about 4 months, which is consistent with the clinical presentation of cutaneous lesions in Paracoccidioidomycosis."", ""The patient's skin biopsy showed chronic perivascular inflammation with granuloma formation, which is a histopathological finding consistent with Paracoccidioidomycosis."", ""The patient's skin lesions were described as papular and non-ulcerated, which is characteristic of Paracoccidioidomycosis."", ""The patient's history of ulcer in the left thigh and the presence of cutaneous lesions in the right leg are consistent with the progression of Paracoccidioidomycosis.""]}"
PMC3253394_02,Tuberculosis,Melioidosis,Leishmaniasis | Talaromycosis,high,0,0,50,113,20,"{""primary_diagnosis"": ""Melioidosis"", ""confidence"": ""high"", ""differential_diagnoses"": [""Leishmaniasis"", ""Talaromycosis""], ""key_evidence"": [""The patient had a history of diabetes and pneumonia, which are risk factors for melioidosis. The presentation of hemoptysis, massive internal hemorrhage, and hypoxemia are consistent with severe melioidosis."", ""The patient's history of diabetes and the presence of pulmonary nodules and necrotic mediastinal lymphadenopathy on necropsy are consistent with disseminated melioidosis, which can involve the lungs and other organs."", ""The patient's history of diabetes and the presence of pulmonary nodules and necrotic mediastinal lymphadenopathy on necropsy are also consistent with disseminated paracoccidioidomycosis, but the necropsy findings are more specific to melioidosis.""]}"
PMC3284420_01,Dengue,Melioidosis,Dengue | Leptospirosis,high,0,1,41,133,20,"{""primary_diagnosis"": ""Melioidosis"", ""confidence"": ""high"", ""differential_diagnoses"": [""Dengue"", ""Leptospirosis""], ""key_evidence"": [""The patient presented with intermittent fever associated with chills and rigors for 6 days, which is a characteristic feature of melioidosis."", ""The patient had a history of malaise and easy fatigability for last 3 weeks, which is consistent with the chronic fatigue seen in melioidosis."", ""The patient had a history of malaise and easy fatigability for last 3 weeks, which is consistent with the chronic fatigue seen in melioidosis."", ""The patient had a history of malaise and easy fatigability for last 3 weeks, which is consistent with the chronic fatigue seen in melioidosis."", ""The patient had a history of malaise and easy fatigability for last 3 weeks, which is consistent with the chronic fatigue seen in melioidosis.""]}"
PMC3323271_01,Viral Hemorrhagic Fevers,Dengue,Schistosomiasis | Melioidosis,high,0,0,52,55,20,"{""primary_diagnosis"": ""Dengue"", ""confidence"": ""high"", ""differential_diagnoses"": [""Schistosomiasis"", ""Melioidosis""], ""key_evidence"": [""The patient had a fever, myalgia, arthralgia, and epistaxis, which are common symptoms of dengue fever."", ""The patient had a history of travel to endemic areas (Senegal) and had a rash, which are classic signs of dengue."", ""Laboratory findings such as thrombocytopenia and elevated liver enzymes are consistent with dengue infection."", ""The patient's history of travel to endemic areas and the presence of a maculopapular rash are strong indicators of dengue."", ""The patient's history of malaria and the presence of a dengue virus in his serum sample taken from the Maldives.""]}"
PMC3336218_01,Soil-Transmitted Helminths,Gastric perforation,Echinococcosis | Leishmaniasis,high,0,0,41,60,20,"{""primary_diagnosis"": ""Gastric perforation"", ""confidence"": ""high"", ""differential_diagnoses"": [""Echinococcosis"", ""Leishmaniasis""], ""key_evidence"": [""The patient presented with severe epigastric pain, which was initially localized to the epigastric region and then generalized. The pain was exacerbated by consumption of food and associated with multiple episodes of non-bilious vomiting."", ""The patient had a history of peptic ulcer disease and was on proton pump inhibitors, which can lead to gastric perforation."", ""The physical examination revealed a flattened abdomen with board-like rigidity upon palpation, which is consistent with gastric perforation.""]}"
PMC3343675_01,Tuberculosis,Tuberculosis,Schistosomiasis | Melioidosis,high,1,1,37,50,20,"{""primary_diagnosis"": ""Tuberculosis"", ""confidence"": ""high"", ""differential_diagnoses"": [""Schistosomiasis"", ""Melioidosis""], ""key_evidence"": [""The patient's history of irregular vaginal bleeding, which is not commonly associated with other tropical diseases, is more consistent with tuberculous endometritis."", ""The patient's history of irregular vaginal bleeding, which is not commonly associated with other tropical diseases, is more consistent with tuberculous endometritis."", ""The patient's history of irregular vaginal bleeding, which is not commonly associated with other tropical diseases, is more consistent with tuberculous endometritis.""]}"
PMC3375743_01,Foodborne Trematodes,Schistosomiasis,Paracoccidioidomycosis | Cutaneous leishmaniasis,high,0,0,52,136,20,"{""primary_diagnosis"": ""Schistosomiasis"", ""confidence"": ""high"", ""differential_diagnoses"": [""Paracoccidioidomycosis"", ""Cutaneous leishmaniasis""], ""key_evidence"": [""The patient had eaten raw watercress on riverside 3 months before his hospital admission."", ""The patient had a history of travel to a schistosomiasis endemic area."", ""The patient had a history of eating raw watercress, which is a known risk factor for schistosomiasis."", ""The patient's laboratory tests showed hypereosinophilia, which is a hallmark of schistosomiasis."", ""The patient's abdominal ultrasound revealed hepatosplenomegaly, which is consistent with schistosomiasis."", ""The patient's history of eating raw watercress and the presence of hypereosinophilia are key factors in the diagnosis of schistosomiasis.""]}"
PMC3415050_01,Tuberculosis,Tuberculosis,Paracoccidioidomycosis | Melioidosis,high,1,1,49,58,20,"{""primary_diagnosis"": ""Tuberculosis"", ""confidence"": ""high"", ""differential_diagnoses"": [""Paracoccidioidomycosis"", ""Melioidosis""], ""key_evidence"": [""The patient presented with a 9-month history of multiple anatomical site pain, a localized mass, and swelling of thighs and calves, which gradually increased in size and quantity without systemic symptoms, such as fever, poor appetite, malaise, weight loss, or perspiration during sleep or after strenuous exercise."", ""The patient had a history of pulmonary tuberculosis and was diagnosed with spinal tuberculosis with L4-L5 diskitis/osteomyelitis, paraspinal, retroperitoneal, and epidural abscesses on abdomen and pelvis CT."", ""The patient had a history of contact with aquatic creatures and cats, which is a risk factor for tuberculosis.""]}"
PMC3716239_01,Tuberculosis,Echinococcosis,Hydatid cyst | Malignant transformation of hydatid cyst,high,0,0,49,81,20,"{""primary_diagnosis"": ""Echinococcosis"", ""confidence"": ""high"", ""differential_diagnoses"": [""Hydatid cyst"", ""Malignant transformation of hydatid cyst""], ""key_evidence"": [""The patient had a painless cystic swelling over the right lateral upper chest area for 2 and a half years, which was clinically in favor of hydatid cyst."", ""The computed tomography scan of the chest demonstrated a multiseptated hypodense cystic lesion in the right pectoralis major muscle with no intralesional calcification and no intrathoracic extension."", ""The patient had a history of right groin swelling that became more prominent with standing and exertion, with episodes of discomfort in the same area but without intense pain, which was clinically in favor of inguinal hernia."", ""The patient had a history of right hypochondrium pain, which was consistent with right hypochondriac pain associated with hydatid cyst."", ""The patient had a history of right hypochondrium pain, which was consistent with right hypochondriac pain associated with hydatid cyst.""]}"
PMC3730476_01,Tuberculosis,Tuberculosis,Leishmaniasis | Melioidosis,high,1,1,47,159,20,"{""primary_diagnosis"": ""Tuberculosis"", ""confidence"": ""high"", ""differential_diagnoses"": [""Leishmaniasis"", ""Melioidosis""], ""key_evidence"": [""Multiple purplish and black colored skin lesions, including black eschar and resolving grouped vesicular lesions, suggestive of cutaneous leishmaniasis or leprosy."", ""Pulmonary tuberculosis with multiple nodular lesions and calcifications from hematogenous dissemination, as well as thrombotic thrombocytopenic purpura (TTP) and leukocytoclastic vasculitis."", ""Severe immunosuppression from HIV infection predisposing to opportunistic talaromycosis, and the patient's history of pulmonary tuberculosis.""]}"
PMC3738493_02,Dengue,Leptospirosis,Dengue | Malaria,high,0,1,43,88,20,"{""primary_diagnosis"": ""Leptospirosis"", ""confidence"": ""high"", ""differential_diagnoses"": [""Dengue"", ""Malaria""], ""key_evidence"": [""The patient presented with fever, headache, retro-orbital pain, and muscle ache for two days, followed by hematemesis and epistaxis. The initial lab results showed moderate increase of CRP, anemia, thrombocytopenia, and increased liver enzymes."", ""The patient had severe abdominal pain, right upper-quadrant abdominal tenderness, and hematemesis. The abdominal ultrasound revealed free fluid in the peritoneal cavity with multiple septations and debris, suggestive of peritonitis."", ""The patient had thrombocytopenia (platelet count 62 x 10^3/muL) and severe right abdominal pain (severe abdominal pain presented with right costovertebral angle tenderness, nausea, and vomiting)."", ""The patient had a history of sickle cell anemia, which is a known risk factor for severe leptospirosis. The patient also had thrombocytopenia, which is a common finding in leptospirosis."", ""The patient developed MODS and nonreactive pupils, which are consistent with severe leptospirosis. The patient also had a history of sickle cell anemia, which is associated with increased vascular permeability and hemolytic anemia."", ""The patient's presentation, including the severe abdominal pain, hematemesis, and thrombocytopenia, are consistent with the clinical presentation of leptospirosis. The patient's history of sickle cell anemia further supports this diagnosis.""]}"
PMC4759997_01,Dengue,Dengue,Schistosomiasis | Melioidosis,high,1,1,43,120,20,"{""primary_diagnosis"": ""Dengue"", ""confidence"": ""high"", ""differential_diagnoses"": [""Schistosomiasis"", ""Melioidosis""], ""key_evidence"": [""The patient presented with a high-grade fever of 7 days duration, arthralgia, back pain, and myalgia, which are common symptoms of dengue fever."", ""The patient had a history of afebrile neutropenia, which is a known complication of dengue fever, leading to thrombocytopenia and neutropenic fever."", ""The patient's laboratory findings included pancytopenia, thrombocytopenia, and elevated liver enzymes, which are consistent with dengue fever."", ""The patient's bone marrow aspiration showed hypocellular marrow with increased macrophages and monocytes, which is a characteristic finding in dengue fever."", ""The patient's clinical presentation, including fever, arthralgia, and thrombocytopenia, aligns with the clinical features of dengue fever.""]}"
PMC4761126_01,Tuberculosis,Tuberculosis,Schistosomiasis | Melioidosis,high,1,1,50,104,20,"{""primary_diagnosis"": ""Tuberculosis"", ""confidence"": ""high"", ""differential_diagnoses"": [""Schistosomiasis"", ""Melioidosis""], ""key_evidence"": [""Multiple small nodules scattered across the peritoneum, omentum, bowel loops, and fallopian tubes (peritoneal nodules)."", ""Peritoneal carcinomatosis initially suspected due to pelvic mass, ascites, and multiple small nodules."", ""Peritoneal biopsy confirmed peritoneal tuberculosis by showing caseating granulomas and positive AFB staining."", ""Pelvic tuberculosis involving the reproductive tract and peritoneum, causing pelvic mass, ascites, and multiple small nodules."", ""Endometrial damage from pelvic tuberculosis resulting in secondary amenorrhea.""]}"
PMC5012831_01,Tuberculosis,Spinal tuberculosis,Melioidosis | Echinococcosis,high,1,1,51,90,20,"{""primary_diagnosis"": ""Spinal tuberculosis"", ""confidence"": ""high"", ""differential_diagnoses"": [""Melioidosis"", ""Echinococcosis""], ""key_evidence"": [""CT scan of the chest shows the right chest wall mass with abscess formation and calcified shadow."", ""CT scan of the sacroiliac joint shows obvious bone destruction and the huge abscess."", ""MRI of the spine shows areas of bone destruction in multiple vertebral bodies."", ""CT features of lumbar vertebral bone destruction in L4 and L5 is the most impressive and look like a halo sign."", ""The patient's symptoms include low back pain, chest wall mass, and bone destruction in multiple vertebral bodies."", ""The patient's history of tuberculosis and the presence of abscesses and bone destruction are consistent with disseminated tuberculosis."", ""The patient's response to [MASK] treatment is not typical and has persisted for more than 1 year.""]}"
PMC5288886_01,Mycetoma,Melioidosis,Echinococcosis | Leishmaniasis,high,0,0,43,81,20,"{""primary_diagnosis"": ""Melioidosis"", ""confidence"": ""high"", ""differential_diagnoses"": [""Echinococcosis"", ""Leishmaniasis""], ""key_evidence"": [""The patient had a right foot chronic lesion for 25 years, with several repeated histological biopsies revealing keloid scar, non-specific inflammation, or Kaposi's Sarcoma. The physical examination showed chronic skin changes on the right foot and leg, with multiple scars and hard abscessed ulcerations on the plantar face of the foot. The culture of the abscess showed Staphylococcus aureus species."", ""The patient had a history of multiple repeated histological biopsies revealing keloid scar, non-specific inflammation, or Kaposi's Sarcoma. The physical examination showed chronic skin changes on the right foot and leg, with multiple scars and hard abscessed ulcerations on the plantar face of the foot."", ""The patient had a history of recurrent echinococcosis affecting the subcutaneous and muscular tissues of the right leg. The patient had a history of multiple treatments in order to some heterogenic diagnosis such as pyoderma gangrenosum, sarcoidosis, and leishmaniasis were tried without any improvement in lesions."", ""The patient had a history of Madurella mycetomi. Given the severity of the bone damage, the patient was referred to the orthopedic clinic for surgical amputation of the five necrotic toes.""]}"
PMC5340087_01,Tuberculosis,Tuberculosis,Paracoccidioidomycosis | Leishmaniasis,high,1,1,48,75,20,"{""primary_diagnosis"": ""Tuberculosis"", ""confidence"": ""high"", ""differential_diagnoses"": [""Paracoccidioidomycosis"", ""Leishmaniasis""], ""key_evidence"": [""The patient had a history of pelvic tuberculosis, which can lead to disseminated leishmaniasis and ocular involvement."", ""The patient had a history of pelvic tuberculosis, which can lead to disseminated leishmaniasis and ocular involvement."", ""The patient had a history of pelvic tuberculosis, which can lead to disseminated leishmaniasis and ocular involvement.""]}"
PMC5445650_01,Paracoccidioidomycosis,Mycetoma,Paracoccidioidomycosis | Soil-Transmitted Helminths,high,0,1,41,159,20,"{""primary_diagnosis"": ""Mycetoma"", ""confidence"": ""high"", ""differential_diagnoses"": [""Paracoccidioidomycosis"", ""Soil-Transmitted Helminths""], ""key_evidence"": [""The patient presented with bilateral occipital headache, which is a common symptom of mycetoma."", ""The patient's history of rural work and the presence of bilateral cervical lymphadenopathy are consistent with mycetoma."", ""The patient's presentation of bilateral occipital headache, along with cervical lymphadenopathy, is also consistent with Paracoccidioidomycosis.""]}"
PMC5820895_01,Dengue,Malaria,Leptospirosis | Dengue,high,0,1,36,107,20,"{""primary_diagnosis"": ""Malaria"", ""confidence"": ""high"", ""differential_diagnoses"": [""Leptospirosis"", ""Dengue""], ""key_evidence"": [""The patient had a history of fever, headache, vomiting, and seizures, which are common symptoms of both malaria and dengue. The thrombocytopenia (platelet count of 119 x 103/mL) and leucopenia (white blood cell count of 2.1 x 106/mL) are consistent with severe malaria and dengue."", ""The patient had a history of a road traffic accident 1 month prior, which could have predisposed to a bleed in the brain, consistent with the presentation of a cerebrovascular accident."", ""The patient had a history of thrombocytopenia (platelet count of 65,000/mm3) and leucopenia (white blood cell count of 1,100 cells/mm3), which are consistent with severe malaria and dengue.""]}"
PMC6016156_01,Tuberculosis,Tuberculosis,Schistosomiasis | Malaria,high,1,1,52,74,20,"{""primary_diagnosis"": ""Tuberculosis"", ""confidence"": ""high"", ""differential_diagnoses"": [""Schistosomiasis"", ""Malaria""], ""key_evidence"": [""The patient had a history of unprotected homosexual deeds and no other underlying disease. The HIV genotypic resistance test was positive for HIV-1."", ""Colonoscopy and colon biopsy revealed ulcerated mucosal lesions and tissue diagnosis of intestinal schistosomiasis. The patient had a history of unprotected homosexual deeds and no other underlying disease."", ""The patient had a history of unprotected homosexual deeds and no other underlying disease. The HIV genotypic resistance test was positive for HIV-1.""]}"
PMC6263537_01,Schistosomiasis,Echinococcosis,Schistosomiasis | Melioidosis,high,0,1,51,124,20,"{""primary_diagnosis"": ""Echinococcosis"", ""confidence"": ""high"", ""differential_diagnoses"": [""Schistosomiasis"", ""Melioidosis""], ""key_evidence"": [""Granulomatous inflammatory reaction with epithelioid and gigantocellular granulomas punctuated by eosinophilic polynuclear cells on histopathological examination of biopsies."", ""The patient's rural origin in Morocco represented an epidemiological risk factor for echinococcosis."", ""Echinococcosis was acquired during the patient's prolonged employment and residence in Saudi Arabia.""]}"
PMC6304869_01,Tuberculosis,Tuberculosis,Melioidosis | Leishmaniasis,high,1,1,51,117,20,"{""primary_diagnosis"": ""Tuberculosis"", ""confidence"": ""high"", ""differential_diagnoses"": [""Melioidosis"", ""Leishmaniasis""], ""key_evidence"": [""The patient had a history of RA and received various DMARDs, including methotrexate and adalimumab. Adalimumab therapy for plaque psoriasis predisposed the patient to tuberculosis reactivation."", ""The patient had fever with bilateral infiltrative shadows appearing on a chest X-ray and positive MRSA sputum culture. Subsequently, the patient had fever with bilateral infiltrative shadows appearing on a chest X-ray and positive MRSA sputum culture."", ""The patient had sustained high levels of neutrophil CD64, which was considered to be due to reactivation of tuberculosis."", ""The patient had a history of RA and received various DMARDs, including methotrexate and adalimumab. Adalimumab therapy for plaque psoriasis predisposed the patient to tuberculosis reactivation.""]}"
PMC6304869_02,Tuberculosis,Tuberculosis,Leprosy | Melioidosis,high,1,1,27,20,20,"{""primary_diagnosis"": ""Tuberculosis"", ""confidence"": ""high"", ""differential_diagnoses"": [""Leprosy"", ""Melioidosis""], ""key_evidence"": [""Histopathological examination of the lesion revealed caseating granulomas with Langhans giant cells and central necrosis, consistent with tuberculosis."", ""Skin biopsy of the patient showed multiple granuloma formations composed of epithelioid cells and Langhans giant cells, consistent with tuberculosis."", ""The patient had a history of RA, which can be associated with tuberculosis, especially in immunocompromised patients.""]}"
PMC6304869_03,Tuberculosis,Tuberculous meningitis,Neurocysticercosis | Meningitis,high,0,0,49,50,20,"{""primary_diagnosis"": ""Tuberculous meningitis"", ""confidence"": ""high"", ""differential_diagnoses"": [""Neurocysticercosis"", ""Meningitis""], ""key_evidence"": [""The patient presented with fever, headache, and general malaise, followed by worsening consciousness and loss of consciousness."", ""MRI of the brain showed pachymeningeal enhancement and tracked lesion regression in response to therapy."", ""Cranial MRI demonstrated leptomeningeal enhancement, sulcal T2 hyperintensity, and ventricular enlargement indicative of tuberculous meningitis."", ""The patient had elevated CRP levels and neutrophil CD64 levels, which are often seen in inflammatory conditions like tuberculosis."", ""The patient's MRI showed hyperintense demyelinating lesions in the periventricular white matter, which is consistent with periventricular white matter involvement in tuberculous meningitis.""]}"
PMC6452622_01,Echinococcosis,Echinococcosis,Leishmaniasis | Mycetoma,high,1,1,58,50,20,"{""primary_diagnosis"": ""Echinococcosis"", ""confidence"": ""high"", ""differential_diagnoses"": [""Leishmaniasis"", ""Mycetoma""], ""key_evidence"": [""The patient presented with a painful, hard, and fluctuant mass in the right forearm, which is a characteristic feature of echinococcosis (hydatid cyst)."", ""The patient's history of working as a butcher and having multiple contacts with sheep and dogs in the endemic areas of Isfahan, Iran, increases the risk of echinococcosis."", ""The MRI scan of the right arm showed a cyst without any invasion, which is suggestive of echinococcosis."", ""The patient's history of recurrent abdominal swelling and the presence of a painful mass in the forearm are consistent with echinococcosis.""]}"
PMC6589246_01,Tuberculosis,Leptospirosis,Melioidosis | Tuberculosis,high,0,1,41,140,20,"{""primary_diagnosis"": ""Leptospirosis"", ""confidence"": ""high"", ""differential_diagnoses"": [""Melioidosis"", ""Tuberculosis""], ""key_evidence"": [""The patient presented with intermittent fever, weight loss, and dry cough for more than one month. She also had a history of splenomegaly, decreased fibrinogen, elevated ferritin, and sIL-2 receptor, which are consistent with disseminated leptospirosis."", ""The chest X-ray showed multiple tiny nodules over bilateral lung field with alveolar infiltration over bilateral upper lobes, suspected as pulmonary [MASK] with miliary [MASK]. Computed tomography from local hospital revealed multiple tiny nodules over bilateral lung fields, hepatosplenomegaly, and lymphadenopathy over omentum plus mediastinum, which indicated disseminated [MASK]."", ""The patient developed progressive orthopnea with paradoxical respiration, hypotension, and acute respiratory distress syndrome, which are classic manifestations of severe leptospirosis."", ""The patient's laboratory findings, including leukocytosis with left shifting, INR > 10 ratio, aPTT > 100 seconds, fibrinogen 137.2 mg/dL, ferritin 980 ng/mL, and sIL-2 receptor > 5000 pg/mL, are consistent with disseminated [MASK]."", ""The patient's clinical presentation, including fever, weight loss, and respiratory symptoms, along with the presence of splenomegaly, is highly suggestive of leptospirosis.""]}"
PMC6679641_01,Tuberculosis,Silicotuberculosis,Tuberculosis | Miliary Tuberculosis,high,1,1,43,86,20,"{""primary_diagnosis"": ""Silicotuberculosis"", ""confidence"": ""high"", ""differential_diagnoses"": [""Tuberculosis"", ""Miliary Tuberculosis""], ""key_evidence"": [""The patient had a history of silicosis and developed symptoms such as cough, dyspnea, fever, and night sweats, which are consistent with silicotuberculosis."", ""The patient had a history of silicosis and recurrent pulmonary tuberculosis, which is a known complication of silicosis."", ""The patient's chest CT scan showed bilateral conglomerate masses with cavitation, associated with multiple enlarged lymph nodes, which are characteristic findings in silicotuberculosis.""]}"
PMC7370326_01,Talaromycosis,Melioidosis,Paracoccidioidomycosis | Histoplasmosis,high,0,0,54,167,20,"{""primary_diagnosis"": ""Melioidosis"", ""confidence"": ""high"", ""differential_diagnoses"": [""Paracoccidioidomycosis"", ""Histoplasmosis""], ""key_evidence"": [""Multiple segmental colon ulcers with infiltration by a large number of tissue cells with large blue-purple granules, positive PAS staining, and Gomori's Methenamine-Silver (GMS) staining, suggesting histopathological examination of melioidosis."", ""The patient had a history of taking methamphetamine, which is a risk factor for melioidosis."", ""The patient presented with fever, abdominal pain, bloody stools, and colon ulcers, which are common symptoms of melioidosis.""]}"
PMC7553599_01,Tuberculosis,Melioidosis,Tuberculosis | Pneumonia,high,0,1,44,91,20,"{""primary_diagnosis"": ""Melioidosis"", ""confidence"": ""high"", ""differential_diagnoses"": [""Tuberculosis"", ""Pneumonia""], ""key_evidence"": [""The patient presented with a 6-month history of cough and sputum with dyspnea, which is a common presentation of melioidosis. The patient also had a history of hypertension and cerebral infarction, which can be associated with disseminated tuberculosis, but the patient's chest CT scan did not show active pulmonary tuberculosis, and the pleural effusion was not associated with tuberculosis."", ""The patient's chest CT scan showed bilateral pleural effusions, pulmonary nodules, and hilar and mediastinal lymphadenopathy, which are consistent with pneumonia and melioidosis. The pleural effusion was exudative, which is more suggestive of pneumonia or melioidosis."", ""The patient's laboratory findings, including elevated C-reactive protein and NT-proBNP, are consistent with an inflammatory process, which is seen in both melioidosis and pneumonia. The pleural effusion was exudative, which is more suggestive of pneumonia or melioidosis.""]}"
PMC7670735_01,Leprosy|Trypanosomiasis,Malaria,Leishmaniasis | Tuberculosis,high,0,0,43,108,20,"{""primary_diagnosis"": ""Malaria"", ""confidence"": ""high"", ""differential_diagnoses"": [""Leishmaniasis"", ""Tuberculosis""], ""key_evidence"": [""The patient had a history of P. vivax malaria in India 1 year back, treated successfully with artemether and lumefantrine, followed by primaquine."", ""The patient presented with a 3-day history of fever, myalgia and vomiting, associated with right upper quadrant abdominal pain, and laboratory investigations were significant for leukopenia, lymphopenia, hemoglobin 14.5 g/dL, thrombocytopenia, elevated LDH, and low haptoglobin."", ""The patient had a history of recurrent fever for 4 months with aggravation accompanied with diarrhea for 1 month, and was diagnosed with malaria in Africa 6 years ago.""]}"
PMC7906555_01,Scabies,Scabies,Leprosy | Neurocysticercosis,high,1,1,52,75,20,"{""primary_diagnosis"": ""Scabies"", ""confidence"": ""high"", ""differential_diagnoses"": [""Leprosy"", ""Neurocysticercosis""], ""key_evidence"": [""The patient had intense pruritic papules, papulovesicles, and nodules over the finger webs, abdomen, thighs, and genitalia, associated with nocturnal exacerbation of itching. Some of her close contacts had similar lesions."", ""The patient had a history of sharing her bed with her grandchildren who had similar rashes for which they had never received treatment."", ""The patient had a history of sharing her bed with her grandchildren who had similar rashes for which they had never received treatment."", ""The patient had a history of sharing her bed with her grandchildren who had similar rashes for which they had never received treatment.""]}"
PMC8022158_01,Foodborne Trematodes,Paracoccidioidomycosis,Melioidosis | Tuberculosis,high,0,0,41,102,20,"{""primary_diagnosis"": ""Paracoccidioidomycosis"", ""confidence"": ""high"", ""differential_diagnoses"": [""Melioidosis"", ""Tuberculosis""], ""key_evidence"": [""The patient had a history of eating freshwater crabs in his home country, which is an epidemiological risk factor for Paracoccidioidomycosis."", ""The patient presented with bilateral lower limb swelling, abdominal distention, and pleural effusions, which are common symptoms of Paracoccidioidomycosis."", ""The chest X-ray showed bilateral pleural effusions, which is consistent with the pleural involvement seen in Paracoccidioidomycosis.""]}"
PMC8184239_01,Leprosy,Melioidosis,Amebiasis | Schistosomiasis,high,0,0,47,76,20,"{""primary_diagnosis"": ""Melioidosis"", ""confidence"": ""high"", ""differential_diagnoses"": [""Amebiasis"", ""Schistosomiasis""], ""key_evidence"": [""The patient had chronic osteomyelitis involving the tarsal and metatarsal bones of the left foot seen on plain radiograph, which is a characteristic finding in melioidosis."", ""The patient had swelling of hands and feet with pitting edema, deformity, and osteoporosis, which are consistent with the bone changes seen in melioidosis."", ""The patient had a history of swelling in the left foot for 6 years, which is consistent with the chronic osteomyelitis seen in melioidosis."", ""The patient had a history of multiple peripheral joint involvement, which is consistent with the multifocal osteomyelitis seen in melioidosis.""]}"
PMC8292084_01,Schistosomiasis,Melioidosis,Schistosomiasis | Paracoccidioidomycosis,high,0,1,42,163,20,"{""primary_diagnosis"": ""Melioidosis"", ""confidence"": ""high"", ""differential_diagnoses"": [""Schistosomiasis"", ""Paracoccidioidomycosis""], ""key_evidence"": [""Multiple gall stones in GB were still demonstrated. He was booked for elective laparoscopic cholecystectomy. Intraoperative findings showed omental adhesions to the GB. The GB was also densely adherent to the liver."", ""The patient presented with jaundice, hyperbilirubinemia, and elevated liver enzymes, which are consistent with melioidosis.""]}"
PMC8574110_01,Tuberculosis,Scrub Typhus,Melioidosis | Paracoccidioidomycosis,high,0,0,46,103,20,"{""primary_diagnosis"": ""Scrub Typhus"", ""confidence"": ""high"", ""differential_diagnoses"": [""Melioidosis"", ""Paracoccidioidomycosis""], ""key_evidence"": [""Positive scrub typhus IgM and IgG serology established the definitive diagnosis of scrub typhus."", ""Histopathology of the lesion margin confirmed cutaneous leishmaniasis and associated panniculitis."", ""Histopathology of the resected specimen confirmed echinococcosis."", ""Histopathology confirmed neurocysticercosis by demonstrating larval scolex, suckers, and hooklets.""]}"
PMC9396231_01,Echinococcosis,Melioidosis,Pulmonary echinococcosis | Talaromycosis,high,0,1,46,133,20,"{""primary_diagnosis"": ""Melioidosis"", ""confidence"": ""high"", ""differential_diagnoses"": [""Pulmonary echinococcosis"", ""Talaromycosis""], ""key_evidence"": [""The patient had a history of extensive exposure to indoor biomass fuel and close contact with dogs, cattle, and sheep, which are risk factors for melioidosis."", ""The patient presented with a 6-month history of daily cough, productive of half a cup of yellow/green sputum that had become white over the past month, and haemoptysis on only two occasions during the first month of cough."", ""The chest radiograph showed right upper-lobe volume loss with the trachea deviated to the right, crowding of ribs, right upper-zone patchy opacity with possible intracavity mass with crescent of air and marked pleural thickening, large posterior right lower-lobe round opacity and smaller right middle-lobe round opacity with marked bronchial wall thickening."", ""The CT scan of the chest revealed a large right lower-lobe cyst (8 x 8 cm), with significant right middle- and upper-lobe scarring, traction bronchiectasis/bronchiolectasis and lung cavities containing low-density material with gas locules, in keeping with aspergillomas."", ""The patient had a history of systemic symptoms such as weight loss, fever, chills, and night sweats, which are common in melioidosis."", ""The patient's laboratory findings included a mild microcytic anaemia, elevated lactate dehydrogenase, and normal liver enzymes, which are consistent with the presentation of melioidosis.""]}"
PMC9720788_01,Echinococcosis,Echinococcosis,Schistosomiasis | Mycetoma,high,1,1,43,163,20,"{""primary_diagnosis"": ""Echinococcosis"", ""confidence"": ""high"", ""differential_diagnoses"": [""Schistosomiasis"", ""Mycetoma""], ""key_evidence"": [""The patient had a history of a previous [MASK] cyst surgery 6 years ago, which is consistent with the development of hydatid cysts."", ""The patient presented with a history of abdominal pain, pelvic pain, and the presence of multiple space-occupying hydatid cysts in the pelvic cavity, which is characteristic of hydatid disease."", ""The ultrasound and CT scans showed multiple cystic lesions with calcifications, which are typical findings in echinococcosis."", ""The histopathological analysis confirmed the presence of echinococcal cysts with foreign body type reactions and laminated cyst walls, which are hallmarks of echinococcosis.""]}"
PMC9742681_01,Tuberculosis,,,unknown,1,0,48,139,18,"{""error"": """", ""primary_diagnosis"": """", ""differential_diagnoses"": []}"
PMC9843065_01,Tuberculosis,Tuberculous meningitis,Hydatid cyst | Neurocysticercosis,high,0,0,39,114,20,"{""primary_diagnosis"": ""Tuberculous meningitis"", ""confidence"": ""high"", ""differential_diagnoses"": [""Hydatid cyst"", ""Neurocysticercosis""], ""key_evidence"": [""MRI of the brain showed meningeal enhancement, particularly at the basilar meninges and the sylvian fissure, and vasculitis-related infarction at the circle of Willis, which are typical findings of tuberculous meningitis."", ""The patient had a history of tuberculosis in the renal region, which could have led to tuberculous meningitis."", ""The patient had a history of tuberculosis, which could have led to tuberculous meningitis.""]}"
PMC9928219_01,Tuberculosis,Tuberculosis,Schistosomiasis | Melioidosis,high,1,1,50,70,20,"{""primary_diagnosis"": ""Tuberculosis"", ""confidence"": ""high"", ""differential_diagnoses"": [""Schistosomiasis"", ""Melioidosis""], ""key_evidence"": [""The patient's medical history of developmental delay and gastroesophageal reflux disease, combined with her recent history of SI joint pain and the presence of a large fluid collection in the right hip and thigh, suggests a chronic inflammatory process. Tuberculosis is a strong differential diagnosis given the patient's history of recent SI joint pain and the presence of a large fluid collection, which could represent tuberculous effusion."", ""The patient's history of recent SI joint pain and the presence of a large fluid collection in the right hip and thigh, along with the absence of a clear infectious cause, supports the consideration of tuberculous arthritis or coxitis. The patient's history of pulmonary tuberculosis treated in 1997 and the current clinical presentation of chronic back pain and joint involvement are consistent with a reactivation of the disease."", ""Schistosomiasis and Melioidosis are considered as differential diagnoses due to their endemic nature in the patient's region of origin (Eritrea) and the presence of a large fluid collection. However, the patient's history of pulmonary tuberculosis and the absence of other typical Schistosomiasis or Melioidosis symptoms make Tuberculosis the most likely primary diagnosis.""]}"
